annual_mean_salary_log,total_employment_log,manual_dexterity,creativity_level,critical_thinking,major_13,major_15,major_17,major_19,major_21,major_23,major_25,major_27,major_29,major_31,major_33,major_35,major_37,major_39,major_41,major_43,major_45,major_47,major_49,major_51,major_53,Job Title,predicted_risk,risk_pct,risk_level,annual_mean_salary,total_employment
12.177421081623448,12.316096769641376,0.0,4.125,4.4350000000000005,False,False,False,False,False,False,False,False,False,False,False,False,False,False,False,False,False,False,False,False,False,Chief Executives,0.03251112869352868,3.3,🟢 Low Risk,194350.0,223260
11.712521947308366,14.59889644374977,0.5,3.5,3.88,False,False,False,False,False,False,False,False,False,False,False,False,False,False,False,False,False,False,False,False,False,General and Operations Managers,0.13975916558033474,14.0,🟢 Low Risk,122090.0,2188870
11.676836924447922,10.270246481762213,0.38,4.0,4.12,False,False,False,False,False,False,False,False,False,False,False,False,False,False,False,False,False,False,False,False,False,Advertising and Promotions Managers,0.057474097358818255,5.7,🟢 Low Risk,117810.0,28860
11.878547266153825,12.235150749730654,0.38,4.0,4.12,False,False,False,False,False,False,False,False,False,False,False,False,False,False,False,False,False,False,False,False,False,Marketing Managers,0.019718960483181534,2.0,🟢 Low Risk,144140.0,205900
11.813703904408754,12.808285309094947,0.38,3.88,4.0,False,False,False,False,False,False,False,False,False,False,False,False,False,False,False,False,False,False,False,False,False,Sales Managers,0.025488377668773734,2.5,🟢 Low Risk,135090.0,365230
11.889586352734971,12.772837106421333,2.0,3.5,4.0,False,False,False,False,False,False,False,False,False,False,False,False,False,False,False,False,False,False,False,False,False,Computer and Information Systems Managers,0.04835377804232802,4.8,🟢 Low Risk,145740.0,352510
11.847402856066642,13.205418773141638,0.2933333333333333,3.456666666666667,4.376666666666666,False,False,False,False,False,False,False,False,False,False,False,False,False,False,False,False,False,False,False,False,False,Financial Managers,0.10134547855107855,10.1,🟢 Low Risk,139720.0,543300
11.581154044460447,12.034103319015012,2.145,3.353333333333333,3.98,False,False,False,False,False,False,False,False,False,False,False,False,False,False,False,False,False,False,False,False,False,Industrial Production Managers,0.06409584168701662,6.4,🟢 Low Risk,107060.0,168400
11.676072697044594,11.180957070806974,0.0,3.75,4.0,False,False,False,False,False,False,False,False,False,False,False,False,False,False,False,False,False,False,False,False,False,Purchasing Managers,0.07263044456259773,7.3,🟢 Low Risk,117720.0,71750
11.488950344920513,11.637538456618753,0.5,3.25,3.81,False,False,False,False,False,False,False,False,False,False,False,False,False,False,False,False,False,False,False,False,False,Transportation; Storage; and Distribution Managers,0.47242908201058204,47.2,🟡 Medium Risk,97630.0,113270
11.751162533892076,9.631088103615504,0.0,3.12,4.0,False,False,False,False,False,False,False,False,False,False,False,False,False,False,False,False,False,False,False,False,False,Compensation and Benefits Managers,0.40283368253968244,40.3,🟡 Medium Risk,126900.0,15230
11.697003811039176,11.77383482542412,0.12,4.0,4.25,False,False,False,False,False,False,False,False,False,False,False,False,False,False,False,False,False,False,False,False,False,Human Resources Managers,0.0400478094623828,4.0,🟢 Low Risk,120210.0,129810
11.654260083085832,10.400650262332935,0.62,3.88,4.0,False,False,False,False,False,False,False,False,False,False,False,False,False,False,False,False,False,False,False,False,False,Training and Development Managers,0.049499118065215966,4.9,🟢 Low Risk,115180.0,32880
11.235734831071847,8.4252971767117,2.5,3.62,4.0,False,False,False,False,False,False,False,False,False,False,False,False,False,False,False,False,False,False,False,False,False,Farmers; Ranchers; and Other Agricultural Managers,0.04137471279697064,4.1,🟢 Low Risk,75790.0,4560
11.508023469799996,12.427819221528583,1.25,3.25,4.38,False,False,False,False,False,False,False,False,False,False,False,False,False,False,False,False,False,False,False,False,False,Construction Managers,0.18565089206349208,18.6,🟢 Low Risk,99510.0,249650
10.86189863570049,10.789958047997803,1.25,3.75,4.0,False,False,False,False,False,False,False,False,False,False,False,False,False,False,False,False,False,False,False,False,False,Education Administrators; Preschool and Childcare Center/Program,0.01463749285815037,1.5,🟢 Low Risk,52150.0,48530
11.465739513363474,12.40069737363713,0.0,4.0,4.5,False,False,False,False,False,False,False,False,False,False,False,False,False,False,False,False,False,False,False,False,False,Education Administrators; Elementary and Secondary School,0.016570350677243332,1.7,🟢 Low Risk,95390.0,242970
11.5690316587541,11.838127285523347,0.0,4.0,4.25,False,False,False,False,False,False,False,False,False,False,False,False,False,False,False,False,False,False,False,False,False,Education Administrators; Postsecondary,0.02238786748821014,2.2,🟢 Low Risk,105770.0,138430
11.876672343726321,12.091733049424988,2.19,4.0600000000000005,4.1850000000000005,False,False,False,False,False,False,False,False,False,False,False,False,False,False,False,False,False,False,False,False,False,Architectural and Engineering Managers,0.028092619864540924,2.8,🟢 Low Risk,143870.0,178390
10.933303378999149,12.21340072941578,3.0,3.0,3.75,False,False,False,False,False,False,False,False,False,False,False,False,False,False,False,False,False,False,False,False,False,Food Service Managers,0.23985633381433388,24.0,🟢 Low Risk,56010.0,201470
11.285911934938985,8.361941906144946,1.0,2.88,4.0,False,False,False,False,False,False,False,False,False,False,False,False,False,False,False,False,False,False,False,False,False,Gaming Managers,0.361903171957672,36.2,🟡 Medium Risk,79690.0,4280
10.99223467339126,10.474777785317189,1.75,3.62,3.88,False,False,False,False,False,False,False,False,False,False,False,False,False,False,False,False,False,False,False,False,False,Lodging Managers,0.02818813664179052,2.8,🟢 Low Risk,59410.0,35410
11.602501051562593,12.713344963776798,0.5,3.75,4.12,False,False,False,False,False,False,False,False,False,False,False,False,False,False,False,False,False,False,False,False,False,Medical and Health Services Managers,0.022062150924705426,2.2,🟢 Low Risk,109370.0,332150
11.821519842915182,10.911098697487983,0.2466666666666666,3.4599999999999995,4.126666666666666,False,False,False,False,False,False,False,False,False,False,False,False,False,False,False,False,False,False,False,False,False,Natural Sciences Managers,0.048718243508343514,4.9,🟢 Low Risk,136150.0,54780
11.184157474284504,9.597030324758013,0.0,3.0,3.88,False,False,False,False,False,False,False,False,False,False,False,False,False,False,False,False,False,False,False,False,False,Postmasters and Mail Superintendents,0.7011454868578256,70.1,🔴 High Risk,71980.0,14720
11.160399046843542,12.1023274911402,0.5,3.0,4.0,False,False,False,False,False,False,False,False,False,False,False,False,False,False,False,False,False,False,False,False,False,Property; Real Estate; and Community Association Managers,0.6558592804232801,65.6,🟡 Medium Risk,70290.0,180290
11.168616602047633,11.745868840762585,0.62,3.75,4.12,False,False,False,False,False,False,False,False,False,False,False,False,False,False,False,False,False,False,False,False,False,Social and Community Service Managers,0.010382447852339188,1.0,🟢 Low Risk,70870.0,126230
11.265245851311018,9.166492972195906,1.0,4.12,4.38,False,False,False,False,False,False,False,False,False,False,False,False,False,False,False,False,False,False,False,False,False,Emergency Management Directors,0.02976093417794455,3.0,🟢 Low Risk,78060.0,9570
11.627601456538116,12.90835546873931,0.9166666666666666,3.2883333333333336,4.125,False,False,False,False,False,False,False,False,False,False,False,False,False,False,False,False,False,False,False,False,False,Managers; All Other,0.22785982222222212,22.8,🟢 Low Risk,112150.0,403670
11.368604646693798,9.508294505698569,0.25,3.38,3.75,True,False,False,False,False,False,False,False,False,False,False,False,False,False,False,False,False,False,False,False,False,Agents and Business Managers of Artists; Performers; and Athletes,0.27678676190476187,27.7,🟢 Low Risk,86560.0,13470
11.065246769525514,9.349319399257634,0.25,3.12,4.0,True,False,False,False,False,False,False,False,False,False,False,False,False,False,False,False,False,False,False,False,False,Buyers and Purchasing Agents; Farm Products,0.37757951428571435,37.8,🟡 Medium Risk,63910.0,11490
11.002782941171654,11.603140870241532,1.0,3.0,4.0,True,False,False,False,False,False,False,False,False,False,False,False,False,False,False,False,False,False,False,False,False,Wholesale and Retail Buyers; Except Farm Products,0.3727064382615774,37.3,🟡 Medium Risk,60040.0,109440
11.118711821072,12.603508942150482,0.0,3.0,3.88,True,False,False,False,False,False,False,False,False,False,False,False,False,False,False,False,False,False,False,False,False,Purchasing Agents; Except Wholesale; Retail; and Farm Products,0.6847335502645502,68.5,🟡 Medium Risk,67420.0,297600
11.082004077752629,12.522418702517793,0.88,2.62,4.25,True,False,False,False,False,False,False,False,False,False,False,False,False,False,False,False,False,False,False,False,False,Claims Adjusters; Examiners; and Investigators,0.9358350405099725,93.6,🔴 High Risk,64990.0,274420
11.09636401959432,9.62450089845157,1.38,2.62,3.75,True,False,False,False,False,False,False,False,False,False,False,False,False,False,False,False,False,False,False,False,False,Insurance Appraisers; Auto Damage,0.9321266742206842,93.2,🔴 High Risk,65930.0,15130
11.159829821970122,12.520558515087323,1.1785714285714286,3.051428571428571,4.141428571428572,True,False,False,False,False,False,False,False,False,False,False,False,False,False,False,False,False,False,False,False,False,Compliance Officers,0.27854278196988197,27.9,🟢 Low Risk,70250.0,273910
11.10677512214237,12.276582366019788,0.12,3.0,4.12,True,False,False,False,False,False,False,False,False,False,False,False,False,False,False,False,False,False,False,False,False,Cost Estimators,0.5791400264550266,57.9,🟡 Medium Risk,66620.0,214610
10.764075281534032,6.698268054115413,2.12,2.0,3.0,True,False,False,False,False,False,False,False,False,False,False,False,False,False,False,False,False,False,False,False,False,Farm Labor Contractors,0.899359453866346,89.9,🔴 High Risk,47290.0,810
11.262038088346925,11.891779621652102,0.2066666666666666,3.8766666666666665,4.246666666666667,True,False,False,False,False,False,False,False,False,False,False,False,False,False,False,False,False,False,False,False,False,Logisticians,0.1183001886071087,11.8,🟢 Low Risk,77810.0,146060
11.428575996501866,13.365609118984388,0.0,3.75,4.12,True,False,False,False,False,False,False,False,False,False,False,False,False,False,False,False,False,False,False,False,False,Management Analysts,0.22533893492063517,22.5,🟢 Low Risk,91910.0,637690
10.8594027621935,11.470550181387546,2.0,3.62,3.88,True,False,False,False,False,False,False,False,False,False,False,False,False,False,False,False,False,False,False,False,False,Meeting; Convention; and Event Planners,0.12910579325343274,12.9,🟢 Low Risk,52020.0,95850
11.10482187913902,11.279617934981781,0.38,3.25,3.88,True,False,False,False,False,False,False,False,False,False,False,False,False,False,False,False,False,False,False,False,False,Compensation; Benefits; and Job Analysis Specialists,0.430478547089947,43.0,🟡 Medium Risk,66490.0,79190
11.05644597094435,12.505106294354677,0.0,3.88,4.0,True,False,False,False,False,False,False,False,False,False,False,False,False,False,False,False,False,False,False,False,False,Training and Development Specialists,0.14101861646628652,14.1,🟢 Low Risk,63350.0,269710
11.165082829676656,13.233244426835938,0.44,3.63,3.94,True,False,False,False,False,False,False,False,False,False,False,False,False,False,False,False,False,False,False,False,False,Market Research Analysts and Marketing Specialists,0.2747860745656921,27.5,🟢 Low Risk,70620.0,558630
11.223521911620107,13.773303229311647,0.47,3.5325,4.125,True,False,False,False,False,False,False,False,False,False,False,False,False,False,False,False,False,False,False,False,False,Business Operations Specialists; All Other,0.2414877111111113,24.1,🟢 Low Risk,74870.0,958670
11.248061077798893,14.03588307350269,1.0,3.0,3.5,True,False,False,False,False,False,False,False,False,False,False,False,False,False,False,False,False,False,False,False,False,Accountants and Auditors,0.7561888502238499,75.6,🔴 High Risk,76730.0,1246540
11.253779017771214,10.909637269778615,0.62,3.0,3.88,True,False,False,False,False,False,False,False,False,False,False,False,False,False,False,False,False,False,False,False,False,Budget Analysts,0.8239754658879911,82.4,🔴 High Risk,77170.0,54700
11.304190115204406,11.19726906766269,0.62,2.62,4.0,True,False,False,False,False,False,False,False,False,False,False,False,False,False,False,False,False,False,False,False,False,Credit Analysts,0.8586653980463986,85.9,🔴 High Risk,81160.0,72930
11.720760435616398,12.215285080442706,0.0,3.0,4.12,True,False,False,False,False,False,False,False,False,False,False,False,False,False,False,False,False,False,False,False,False,Personal Financial Advisors,0.4961108835978836,49.6,🟡 Medium Risk,123100.0,201850
11.231636247937386,11.425743164283066,0.75,2.75,3.88,True,False,False,False,False,False,False,False,False,False,False,False,False,False,False,False,False,False,False,False,False,Insurance Underwriters,0.8693573855054109,86.9,🔴 High Risk,75480.0,91650
11.395728507536447,10.81478584288724,0.12,3.12,4.5,True,False,False,False,False,False,False,False,False,False,False,False,False,False,False,False,False,False,False,False,False,Financial Examiners,0.23537598253968256,23.5,🟢 Low Risk,88940.0,49750
10.809344036488135,10.43737519189882,0.38,3.0,4.0,True,False,False,False,False,False,False,False,False,False,False,False,False,False,False,False,False,False,False,False,False,Credit Counselors,0.2977519470899471,29.8,🟢 Low Risk,49480.0,34110
11.241916946359936,12.630362779054472,1.0,2.5,4.0,True,False,False,False,False,False,False,False,False,False,False,False,False,False,False,False,False,False,False,False,False,Loan Officers,0.9303675619538734,93.0,🔴 High Risk,76260.0,305700
10.967353104874404,10.975944075393727,1.0,2.62,3.75,True,False,False,False,False,False,False,False,False,False,False,False,False,False,False,False,False,False,False,False,False,Tax Examiners and Collectors; and Revenue Agents,0.927704854271412,92.8,🔴 High Risk,57950.0,58450
10.721966979398362,11.15669328014207,0.38,3.0,3.62,True,False,False,False,False,False,False,False,False,False,False,False,False,False,False,False,False,False,False,False,False,Tax Preparers,0.8038663476841332,80.4,🔴 High Risk,45340.0,70030
11.241523483091212,11.72214046278653,0.31,3.37,4.625,True,False,False,False,False,False,False,False,False,False,False,False,False,False,False,False,False,False,False,False,False,Financial Specialists; All Other,0.19402901155881172,19.4,🟢 Low Risk,76230.0,123270
11.645014567994968,9.900533192709691,0.0,3.62,4.88,False,True,False,False,False,False,False,False,False,False,False,False,False,False,False,False,False,False,False,False,False,Actuaries,0.19681636825396825,19.7,🟢 Low Risk,114120.0,19940
11.567423119906431,7.912423121473705,0.0,4.75,5.0,False,True,False,False,False,False,False,False,False,False,False,False,False,False,False,False,False,False,False,False,False,Mathematicians,0.09827718941798945,9.8,🟢 Low Risk,105600.0,2730
11.342623384000476,11.600487523640199,0.0,4.0,4.12,False,True,False,False,False,False,False,False,False,False,False,False,False,False,False,False,False,False,False,False,False,Operations Research Analysts,0.06512838110870613,6.5,🟢 Low Risk,84340.0,109150
11.352298861540632,10.417537971057733,0.25,3.75,4.69,False,True,False,False,False,False,False,False,False,False,False,False,False,False,False,False,False,False,False,False,False,Statisticians,0.14792474632438715,14.8,🟢 Low Risk,85160.0,33440
11.344163559174019,11.511534498024087,1.88,4.38,4.75,False,False,True,False,False,False,False,False,False,False,False,False,False,False,False,False,False,False,False,False,False,Architects; Except Landscape and Naval,0.04627211814257866,4.6,🟢 Low Risk,84470.0,99860
11.139264209905594,9.874110233825451,1.62,4.0,3.88,False,False,True,False,False,False,False,False,False,False,False,False,False,False,False,False,False,False,False,False,False,Landscape Architects,0.05835143635885384,5.8,🟢 Low Risk,68820.0,19420
11.099846444456379,9.401043372798053,2.0,3.0,3.75,False,False,True,False,False,False,False,False,False,False,False,False,False,False,False,False,False,False,False,False,False,Cartographers and Photogrammetrists,0.7504631994301992,75.0,🔴 High Risk,66160.0,12100
11.058495927509338,10.676854348197491,2.375,2.94,4.0600000000000005,False,False,True,False,False,False,False,False,False,False,False,False,False,False,False,False,False,False,False,False,False,Surveyors,0.42990335422709325,43.0,🟡 Medium Risk,63480.0,43340
11.626352359740238,11.134749595299702,0.0,4.12,4.88,False,False,True,False,False,False,False,False,False,False,False,False,False,False,False,False,False,False,False,False,False,Aerospace Engineers,0.03101507289377287,3.1,🟢 Low Risk,112010.0,68510
11.255850189111348,7.591357046698551,1.25,3.62,4.0,False,False,True,False,False,False,False,False,False,False,False,False,False,False,False,False,False,False,False,False,False,Agricultural Engineers,0.21268910582010578,21.3,🟢 Low Risk,77330.0,1980
11.407242675165445,9.932609366108146,1.88,4.38,4.62,False,False,True,False,False,False,False,False,False,False,False,False,False,False,False,False,False,False,False,False,False,Biomedical Engineers,0.05946453729837411,5.9,🟢 Low Risk,89970.0,20590
11.565717136230267,10.373209892223665,0.12,4.0,5.0,False,False,True,False,False,False,False,False,False,False,False,False,False,False,False,False,False,False,False,False,False,Chemical Engineers,0.04835107759297232,4.8,🟢 Low Risk,105420.0,31990
11.404571584774748,12.57002454806453,0.1666666666666666,3.8766666666666665,4.246666666666667,False,False,True,False,False,False,False,False,False,False,False,False,False,False,False,False,False,False,False,False,False,Civil Engineers,0.026009759971509967,2.6,🟢 Low Risk,89730.0,287800
11.684363005162105,11.197543261876168,1.88,4.0,4.12,False,False,True,False,False,False,False,False,False,False,False,False,False,False,False,False,False,False,False,False,False,Computer Hardware Engineers,0.09945906337366336,9.9,🟢 Low Risk,118700.0,72950
11.499039499657757,12.121445696259254,2.12,3.5,4.12,False,False,True,False,False,False,False,False,False,False,False,False,False,False,False,False,False,False,False,False,False,Electrical Engineers,0.06116416430659983,6.1,🟢 Low Risk,98620.0,183770
11.549845456569173,11.791322060504474,2.44,3.56,4.0,False,False,True,False,False,False,False,False,False,False,False,False,False,False,False,False,False,False,False,False,False,Electronics Engineers; Except Computer,0.047648696052631584,4.8,🟢 Low Risk,103760.0,132100
11.39110805214731,10.864388295328752,0.0,4.0,4.0,False,False,True,False,False,False,False,False,False,False,False,False,False,False,False,False,False,False,False,False,False,Environmental Engineers,0.04632126248955722,4.6,🟢 Low Risk,88530.0,52280
11.409684922802022,10.142937430124647,0.0,3.5,4.065,False,False,True,False,False,False,False,False,False,False,False,False,False,False,False,False,False,False,False,False,False,Health and Safety Engineers; Except Mining Safety Engineers and Inspectors,0.16612780375939848,16.6,🟢 Low Risk,90190.0,25410
11.39110805214731,12.455082754238171,0.655,3.655,4.155,False,False,True,False,False,False,False,False,False,False,False,False,False,False,False,False,False,False,False,False,False,Industrial Engineers,0.039603203971029004,4.0,🟢 Low Risk,88530.0,256550
11.511534498024087,9.002208578282412,2.12,3.88,4.38,False,False,True,False,False,False,False,False,False,False,False,False,False,False,False,False,False,False,False,False,False,Marine Engineers and Naval Architects,0.034778619838056676,3.5,🟢 Low Risk,99860.0,8120
11.482991892511098,10.196194479235656,1.88,4.25,4.38,False,False,True,False,False,False,False,False,False,False,False,False,False,False,False,False,False,False,False,False,False,Materials Engineers,0.05313616745710429,5.3,🟢 Low Risk,97050.0,26800
11.405351390085748,12.563016053429232,1.4166666666666667,4.206666666666667,4.373333333333334,False,False,True,False,False,False,False,False,False,False,False,False,False,False,False,False,False,False,False,False,False,Mechanical Engineers,0.033074955572205585,3.3,🟢 Low Risk,89800.0,285790
11.542591057625978,8.845201135339584,0.0,3.88,4.5,False,False,True,False,False,False,False,False,False,False,False,False,False,False,False,False,False,False,False,False,False,Mining and Geological Engineers; Including Mining Safety Engineers,0.0756671407964355,7.6,🟢 Low Risk,103010.0,6940
11.57073200206625,9.780245895678089,0.5,3.88,4.88,False,False,True,False,False,False,False,False,False,False,False,False,False,False,False,False,False,False,False,False,False,Nuclear Engineers,0.08413364968988124,8.4,🟢 Low Risk,105950.0,17680
11.898398727881634,10.397604358238855,0.0,3.88,4.38,False,False,True,False,False,False,False,False,False,False,False,False,False,False,False,False,False,False,False,False,False,Petroleum Engineers,0.12282953015873015,12.3,🟢 Low Risk,147030.0,32780
11.50540727406543,11.723113454244212,1.8275,4.1075,4.39,False,False,True,False,False,False,False,False,False,False,False,False,False,False,False,False,False,False,False,False,False,Engineers; All Other,0.04245961353276354,4.2,🟢 Low Risk,99250.0,123390
10.902113746328311,11.480515903172183,1.62,3.25,3.75,False,False,True,False,False,False,False,False,False,False,False,False,False,False,False,False,False,False,False,False,False,Architectural and Civil Drafters,0.4852709588744587,48.5,🟡 Medium Risk,54290.0,96810
11.057077174512672,10.19432713480299,1.62,3.0,3.62,False,False,True,False,False,False,False,False,False,False,False,False,False,False,False,False,False,False,False,False,False,Electrical and Electronics Drafters,0.7624830340065258,76.2,🔴 High Risk,63390.0,26750
10.95920973739723,11.060856051960645,1.88,3.12,3.62,False,False,True,False,False,False,False,False,False,False,False,False,False,False,False,False,False,False,False,False,False,Mechanical Drafters,0.5770809817774818,57.7,🟡 Medium Risk,57480.0,63630
11.171434656356537,9.39024233725137,3.0,3.0,4.0,False,False,True,False,False,False,False,False,False,False,False,False,False,False,False,False,False,False,False,False,False,Aerospace Engineering and Operations Technicians,0.37189508585858555,37.2,🟡 Medium Risk,71070.0,11970
10.861323217547433,11.186516424119828,1.88,2.88,3.62,False,False,True,False,False,False,False,False,False,False,False,False,False,False,False,False,False,False,False,False,False,Civil Engineering Technicians,0.7067807572262822,70.7,🔴 High Risk,52120.0,72150
11.050111924969828,11.812074045030757,3.0,2.88,3.62,False,False,True,False,False,False,False,False,False,False,False,False,False,False,False,False,False,False,False,False,False,Electrical and Electronics Engineering Technicians,0.6546823659211161,65.5,🟡 Medium Risk,62950.0,134870
10.965798861477905,9.525953709356655,3.63,3.185,3.875,False,False,True,False,False,False,False,False,False,False,False,False,False,False,False,False,False,False,False,False,False,Electro-Mechanical Technicians,0.5885664763347762,58.9,🟡 Medium Risk,57860.0,13710
10.868587496017359,9.71420180194054,2.75,3.0,4.0,False,False,True,False,False,False,False,False,False,False,False,False,False,False,False,False,False,False,False,False,False,Environmental Engineering Technicians,0.27860075089725067,27.9,🟢 Low Risk,52500.0,16550
10.949419620566681,11.054391803423693,2.13,3.565,3.94,False,False,True,False,False,False,False,False,False,False,False,False,False,False,False,False,False,False,False,False,False,Industrial Engineering Technicians,0.05499305473979069,5.5,🟢 Low Risk,56920.0,63220
10.953976954355767,10.725709333961985,2.75,3.25,3.63,False,False,True,False,False,False,False,False,False,False,False,False,False,False,False,False,False,False,False,False,False,Mechanical Engineering Technicians,0.4477234165464165,44.8,🟡 Medium Risk,57180.0,45510
11.0674349200055,11.215745092817135,3.0,2.88,3.62,False,False,True,False,False,False,False,False,False,False,False,False,False,False,False,False,False,False,False,False,False,Engineering Technicians; Except Drafters; All Other,0.44424975530228067,44.4,🟡 Medium Risk,64050.0,74290
10.725269783175804,10.895275291408279,2.25,2.5,3.62,False,False,True,False,False,False,False,False,False,False,False,False,False,False,False,False,False,False,False,False,False,Surveying and Mapping Technicians,0.873944394415585,87.4,🔴 High Risk,45490.0,53920
11.19672045358521,7.81237820598861,0.12,3.88,4.25,False,False,False,True,False,False,False,False,False,False,False,False,False,False,False,False,False,False,False,False,False,Animal Scientists,0.1275686375661375,12.8,🟢 Low Risk,72890.0,2470
11.174244791546633,9.561067663645012,2.0,4.0,4.5,False,False,False,True,False,False,False,False,False,False,False,False,False,False,False,False,False,False,False,False,False,Food Scientists and Technologists,0.06039766485658587,6.0,🟢 Low Risk,71270.0,14200
11.146070306614268,9.594990340370426,1.88,4.0,4.38,False,False,False,True,False,False,False,False,False,False,False,False,False,False,False,False,False,False,False,False,False,Soil and Plant Scientists,0.05311480771372875,5.3,🟢 Low Risk,69290.0,14690
11.454671156739673,10.281958234245314,2.12,4.62,5.12,False,False,False,True,False,False,False,False,False,False,False,False,False,False,False,False,False,False,False,False,False,Biochemists and Biophysicists,0.04989040952380952,5.0,🟢 Low Risk,94340.0,29200
11.249623761243825,9.983730240212331,2.5,4.38,4.62,False,False,False,True,False,False,False,False,False,False,False,False,False,False,False,False,False,False,False,False,False,Microbiologists,0.06653969584859586,6.7,🟢 Low Risk,76850.0,21670
11.080464218191493,9.782505655975346,1.88,3.38,4.0,False,False,False,True,False,False,False,False,False,False,False,False,False,False,False,False,False,False,False,False,False,Zoologists and Wildlife Biologists,0.23298765396825388,23.3,🟢 Low Risk,64890.0,17720
11.262295088386889,10.466269750670861,1.565,4.19,4.7225,False,False,False,True,False,False,False,False,False,False,False,False,False,False,False,False,False,False,False,False,False,Biological Scientists; All Other,0.0453103219188219,4.5,🟢 Low Risk,77830.0,35110
11.084155905330146,9.926764529440621,2.0,3.5,3.8333333333333335,False,False,False,True,False,False,False,False,False,False,False,False,False,False,False,False,False,False,False,False,False,Conservation Scientists,0.1731556836792837,17.3,🟢 Low Risk,65130.0,20470
11.007103966325696,9.038483865029992,2.12,3.5,4.12,False,False,False,True,False,False,False,False,False,False,False,False,False,False,False,False,False,False,False,False,False,Foresters,0.0596661407407407,6.0,🟢 Low Risk,60300.0,8420
11.260880770109578,8.646641258603124,0.12,4.12,4.62,False,False,False,True,False,False,False,False,False,False,False,False,False,False,False,False,False,False,False,False,False,Epidemiologists,0.11024973015873012,11.0,🟢 Low Risk,77720.0,5690
11.461642696843066,11.597918974099873,2.12,4.0,4.75,False,False,False,True,False,False,False,False,False,False,False,False,False,False,False,False,False,False,False,False,False,Medical Scientists; Except Epidemiologists,0.041254280856180846,4.1,🟢 Low Risk,95000.0,108870
11.611693296564702,7.5126175446745105,0.25,4.12,4.12,False,False,False,True,False,False,False,False,False,False,False,False,False,False,False,False,False,False,False,False,False,Astronomers,0.12268739047619043,12.3,🟢 Low Risk,110380.0,1830
11.709897510670666,9.722025626154055,0.38,5.5,5.0,False,False,False,True,False,False,False,False,False,False,False,False,False,False,False,False,False,False,False,False,False,Physicists,0.11896835396825402,11.9,🟢 Low Risk,121770.0,16680
11.459957084197983,9.19023970026918,0.25,3.12,4.12,False,False,False,True,False,False,False,False,False,False,False,False,False,False,False,False,False,False,False,False,False,Atmospheric and Space Scientists,0.5238782301587305,52.4,🟡 Medium Risk,94840.0,9800
11.299992111730875,11.369759234576504,2.62,3.38,4.25,False,False,False,True,False,False,False,False,False,False,False,False,False,False,False,False,False,False,False,False,False,Chemists,0.13862143164983173,13.9,🟢 Low Risk,80820.0,86660
11.52851334031188,8.955577146281511,1.12,4.12,4.25,False,False,False,True,False,False,False,False,False,False,False,False,False,False,False,False,False,False,False,False,False,Materials Scientists,0.07507913152325256,7.5,🟢 Low Risk,101570.0,7750
11.23004517880127,11.341555717580368,0.6575,3.75,4.155,False,False,False,True,False,False,False,False,False,False,False,False,False,False,False,False,False,False,False,False,False,Environmental Scientists and Specialists; Including Health,0.09607249023627445,9.6,🟢 Low Risk,75360.0,84250
11.574876265845878,10.32288843838277,1.25,3.25,4.25,False,False,False,True,False,False,False,False,False,False,False,False,False,False,False,False,False,False,False,False,False,Geoscientists; Except Hydrologists and Geographers,0.42604403756613773,42.6,🟡 Medium Risk,106390.0,30420
11.335483981226217,8.748463629942055,1.75,4.0,4.75,False,False,False,True,False,False,False,False,False,False,False,False,False,False,False,False,False,False,False,False,False,Hydrologists,0.03746774497354497,3.7,🟢 Low Risk,83740.0,6300
11.49741580966931,9.850139517034204,1.62,3.88,4.38,False,False,False,True,False,False,False,False,False,False,False,False,False,False,False,False,False,False,False,False,False,Physical Scientists; All Other,0.23747453763195858,23.7,🟢 Low Risk,98460.0,18960
11.633912252019053,9.872048483700748,0.0,3.75,4.5,False,False,False,True,False,False,False,False,False,False,False,False,False,False,False,False,False,False,False,False,False,Economists,0.2748122746031747,27.5,🟢 Low Risk,112860.0,19380
11.00128284088368,9.3868953338758,0.25,3.25,4.88,False,False,False,True,False,False,False,False,False,False,False,False,False,False,False,False,False,False,False,False,False,Survey Researchers,0.2825354269841269,28.3,🟢 Low Risk,59950.0,11930
11.557621545519082,6.928537818164665,0.0,4.0,4.5,False,False,False,True,False,False,False,False,False,False,False,False,False,False,False,False,False,False,False,False,False,Industrial-Organizational Psychologists,0.11097750052910049,11.1,🟢 Low Risk,104570.0,1020
11.457951721822017,9.496346040047019,1.38,3.62,4.5,False,False,False,True,False,False,False,False,False,False,False,False,False,False,False,False,False,False,False,False,False,Psychologists; All Other,0.08518550559732661,8.5,🟢 Low Risk,94650.0,13310
11.371834139356602,7.962415680121064,0.0,3.88,4.38,False,False,False,True,False,False,False,False,False,False,False,False,False,False,False,False,False,False,False,False,False,Sociologists,0.1329302502645502,13.3,🟢 Low Risk,86840.0,2870
11.199049987635837,10.457688707770052,0.0,4.0,4.25,False,False,False,True,False,False,False,False,False,False,False,False,False,False,False,False,False,False,False,False,False,Urban and Regional Planners,0.10371635661375662,10.4,🟢 Low Risk,73060.0,34810
11.104069614787955,8.775085935057266,1.38,3.25,4.75,False,False,False,True,False,False,False,False,False,False,False,False,False,False,False,False,False,False,False,False,False,Anthropologists and Archeologists,0.15005540846560847,15.0,🟢 Low Risk,66440.0,6470
11.213049346417742,7.223295679562314,0.25,3.38,4.0,False,False,False,True,False,False,False,False,False,False,False,False,False,False,False,False,False,False,False,False,False,Geographers,0.23031205714285718,23.0,🟢 Low Risk,74090.0,1370
11.0184815912866,7.989899374942939,0.25,3.0,4.38,False,False,False,True,False,False,False,False,False,False,False,False,False,False,False,False,False,False,False,False,False,Historians,0.4003145497354499,40.0,🟡 Medium Risk,60990.0,2950
11.628492714250788,8.756367559802975,0.0,3.5,4.75,False,False,False,True,False,False,False,False,False,False,False,False,False,False,False,False,False,False,False,False,False,Political Scientists,0.11802358888888892,11.8,🟢 Low Risk,112250.0,6350
11.300486910172458,10.501801939324901,0.12,4.0,4.25,False,False,False,True,False,False,False,False,False,False,False,False,False,False,False,False,False,False,False,False,False,Social Scientists and Related Workers; All Other,0.06528188472190577,6.5,🟢 Low Risk,80860.0,36380
10.739240454183802,11.221516456110812,3.0,3.0,4.0,False,False,False,True,False,False,False,False,False,False,False,False,False,False,False,False,False,False,False,False,False,Biological Technicians,0.33828794609818524,33.8,🟢 Low Risk,46130.0,74720
10.815187764075905,11.089973346454478,3.0,3.12,4.12,False,False,False,True,False,False,False,False,False,False,False,False,False,False,False,False,False,False,False,False,False,Chemical Technicians,0.381895485714286,38.2,🟡 Medium Risk,49770.0,65510
11.262166596623034,8.830689198760998,2.63,2.81,3.69,False,False,False,True,False,False,False,False,False,False,False,False,False,False,False,False,False,False,False,False,False,Nuclear Technicians,0.6641751765659671,66.4,🟡 Medium Risk,77820.0,6840
10.754087099210663,10.309985460456241,0.25,3.0,3.88,False,False,False,True,False,False,False,False,False,False,False,False,False,False,False,False,False,False,False,False,False,Social Science Research Assistants,0.5928381405209262,59.3,🟡 Medium Risk,46820.0,30030
11.01355069587326,9.60245002503719,2.88,3.12,4.12,False,False,False,True,False,False,False,False,False,False,False,False,False,False,False,False,False,False,False,False,False,Forensic Science Technicians,0.202990263980464,20.3,🟢 Low Risk,60690.0,14800
10.805090951658405,11.135187385342592,2.5,3.25,3.75,False,False,False,True,False,False,False,False,False,False,False,False,False,False,False,False,False,False,False,False,False,Life; Physical; and Social Science Technicians; All Other,0.4936076375661375,49.4,🟡 Medium Risk,49270.0,68540
10.69559732562212,11.419065233482609,0.12,3.12,4.12,False,False,False,False,True,False,False,False,False,False,False,False,False,False,False,False,False,False,False,False,False,Substance Abuse and Behavioral Disorder Counselors,0.2558171306878306,25.6,🟢 Low Risk,44160.0,91040
10.961642363572961,12.471014354762081,0.25,3.5,4.0,False,False,False,False,True,False,False,False,False,False,False,False,False,False,False,False,False,False,False,False,False,Educational; Guidance; School; and Vocational Counselors,0.04167781660103267,4.2,🟢 Low Risk,57620.0,260670
10.898423092400252,10.517618581666662,0.0,3.5,4.12,False,False,False,False,True,False,False,False,False,False,False,False,False,False,False,False,False,False,False,False,False,Marriage and Family Therapists,0.06835018102856413,6.8,🟢 Low Risk,54090.0,36960
10.737504756974277,11.848118312093039,0.5,4.0,4.38,False,False,False,False,True,False,False,False,False,False,False,False,False,False,False,False,False,False,False,False,False,Mental Health Counselors,0.013201753128885253,1.3,🟢 Low Risk,46050.0,139820
10.564653749740895,11.542785192802912,0.5,3.5,4.0,False,False,False,False,True,False,False,False,False,False,False,False,False,False,False,False,False,False,False,False,False,Rehabilitation Counselors,0.04014003711570319,4.0,🟢 Low Risk,38740.0,103030
10.768716542159835,12.607666938356392,0.12,3.38,4.25,False,False,False,False,True,False,False,False,False,False,False,False,False,False,False,False,False,False,False,False,False,Child; Family; and School Social Workers,0.06876244550264549,6.9,🟢 Low Risk,47510.0,298840
10.924336478294055,11.978613545617103,0.5,3.62,4.0,False,False,False,False,True,False,False,False,False,False,False,False,False,False,False,False,False,False,False,False,False,Healthcare Social Workers,0.03253395713934425,3.3,🟢 Low Risk,55510.0,159310
10.776474045001011,11.644313311841197,0.12,3.88,4.0,False,False,False,False,True,False,False,False,False,False,False,False,False,False,False,False,False,False,False,False,False,Mental Health and Substance Abuse Social Workers,0.012289069805240093,1.2,🟢 Low Risk,47880.0,114040
10.96648993456911,10.960774247677064,1.75,3.38,4.0,False,False,False,False,True,False,False,False,False,False,False,False,False,False,False,False,False,False,False,False,False,Health Educators,0.07563872573742046,7.6,🟢 Low Risk,57900.0,57570
10.921991853622236,11.37940550085183,1.38,3.12,4.0,False,False,False,False,True,False,False,False,False,False,False,False,False,False,False,False,False,False,False,False,False,Probation Officers and Correctional Treatment Specialists,0.29038004945054946,29.0,🟢 Low Risk,55380.0,87500
10.4376683094997,12.79566601069936,0.5,3.25,4.0,False,False,False,False,True,False,False,False,False,False,False,False,False,False,False,False,False,False,False,False,False,Social and Human Service Assistants,0.15386204761904756,15.4,🟢 Low Risk,34120.0,360650
10.808737559293304,10.806105232822933,0.25,3.88,3.88,False,False,False,False,True,False,False,False,False,False,False,False,False,False,False,False,False,False,False,False,False,Clergy,0.022352624809349034,2.2,🟢 Low Risk,49450.0,49320
10.710878178453925,9.932609366108146,0.0,3.25,4.0,False,False,False,False,True,False,False,False,False,False,False,False,False,False,False,False,False,False,False,False,False,Directors; Religious Activities and Education,0.18142287301587293,18.1,🟢 Low Risk,44840.0,20590
11.848547340136603,13.336718019154482,0.12,4.0,5.0,False,False,False,False,False,True,False,False,False,False,False,False,False,False,False,False,False,False,False,False,False,Lawyers,0.07041691520331521,7.0,🟢 Low Risk,139880.0,619530
10.999446323738674,9.50383054471094,0.38,2.88,4.62,False,False,False,False,False,True,False,False,False,False,False,False,False,False,False,False,False,False,False,False,False,Judicial Law Clerks,0.5338008253968254,53.4,🟡 Medium Risk,59840.0,13410
11.464165800335682,9.584727524513486,0.38,3.12,5.25,False,False,False,False,False,True,False,False,False,False,False,False,False,False,False,False,False,False,False,False,False,Administrative Law Judges; Adjudicators; and Hearing Officers,0.4756179285714286,47.6,🟡 Medium Risk,95240.0,14540
11.194522982538457,8.748463629942055,0.0,3.12,4.75,False,False,False,False,False,True,False,False,False,False,False,False,False,False,False,False,False,False,False,False,False,Arbitrators; Mediators; and Conciliators,0.17621664179894184,17.6,🟢 Low Risk,72730.0,6300
11.65668808958556,10.211376582296397,0.0,3.12,5.75,False,False,False,False,False,True,False,False,False,False,False,False,False,False,False,False,False,False,False,False,False,Judges; Magistrate Judges; and Magistrates,0.36145509259259234,36.1,🟡 Medium Risk,115460.0,27210
10.881456468681893,12.532894899046461,1.0,2.88,3.62,False,False,False,False,False,True,False,False,False,False,False,False,False,False,False,False,False,False,False,False,False,Paralegals and Legal Assistants,0.8337079316979316,83.4,🔴 High Risk,53180.0,277310
10.849162314098441,10.907074620795127,0.75,1.88,3.62,False,False,False,False,False,True,False,False,False,False,False,False,False,False,False,False,False,False,False,False,False,Title Examiners; Abstractors; and Searchers,0.9567276181989979,95.7,🔴 High Risk,51490.0,54560
10.413342705547674,12.862428758955058,2.0,3.62,3.12,False,False,False,False,False,False,True,False,False,False,False,False,False,False,False,False,False,False,False,False,False,Preschool Teachers; Except Special Education,0.048526436819499544,4.9,🟢 Low Risk,33300.0,385550
10.923435350020556,11.926960413539232,1.12,3.38,3.75,False,False,False,False,False,False,True,False,False,False,False,False,False,False,False,False,False,False,False,False,False,Kindergarten Teachers; Except Special Education,0.14386967896825398,14.4,🟢 Low Risk,55460.0,151290
10.985648591762406,14.146726863489757,0.5,3.88,3.88,False,False,False,False,False,False,True,False,False,False,False,False,False,False,False,False,False,False,False,False,False,Elementary School Teachers; Except Special Education,0.06353151033249613,6.4,🟢 Low Risk,59020.0,1392660
10.998777662206932,13.347602331827256,0.38,3.25,3.88,False,False,False,False,False,False,True,False,False,False,False,False,False,False,False,False,False,False,False,False,False,Middle School Teachers; Except Special and Career/Technical Education,0.22757019206349202,22.8,🟢 Low Risk,59800.0,626310
11.007932796396682,9.451795243061646,1.88,3.62,4.0,False,False,False,False,False,False,True,False,False,False,False,False,False,False,False,False,False,False,False,False,False,Career/Technical Education Teachers; Middle School,0.05520217591309427,5.5,🟢 Low Risk,60350.0,12730
11.025507075203857,13.818756284889195,0.12,3.88,4.0,False,False,False,False,False,False,True,False,False,False,False,False,False,False,False,False,False,False,False,False,False,Secondary School Teachers; Except Special and Career/Technical Education,0.06094639327470009,6.1,🟢 Low Risk,61420.0,1003250
10.993412212806673,11.291043617373028,2.38,3.88,4.0,False,False,False,False,False,False,True,False,False,False,False,False,False,False,False,False,False,False,False,False,False,Career/Technical Education Teachers; Secondary School,0.01596523513711038,1.6,🟢 Low Risk,59480.0,80100
10.917648820068036,10.982084191220336,0.0,3.12,3.5,False,False,False,False,False,False,True,False,False,False,False,False,False,False,False,False,False,False,False,False,False,Adult Basic and Secondary Education and Literacy Teachers and Instructors,0.4587412936507936,45.9,🟡 Medium Risk,55140.0,58810
10.672460871214069,12.345143044496474,1.38,3.25,3.12,False,False,False,False,False,False,True,False,False,False,False,False,False,False,False,False,False,False,False,False,False,Self-Enrichment Education Teachers,0.1821544126984127,18.2,🟢 Low Risk,43150.0,229840
10.907257885099419,8.658866349732383,2.0,3.0,3.88,False,False,False,False,False,False,True,False,False,False,False,False,False,False,False,False,False,False,False,False,False,Archivists,0.5534645317460318,55.3,🟡 Medium Risk,54570.0,5760
10.98378310941834,9.321076413570848,1.88,4.12,4.38,False,False,False,False,False,False,True,False,False,False,False,False,False,False,False,False,False,False,False,False,False,Curators,0.018793307584059126,1.9,🟢 Low Risk,58910.0,11170
10.70953922130135,9.30301070681749,2.62,3.25,3.62,False,False,False,False,False,False,True,False,False,False,False,False,False,False,False,False,False,False,False,False,False,Museum Technicians and Conservators,0.4026031269841269,40.3,🟡 Medium Risk,44780.0,10970
10.45682653965135,11.444764390301508,2.12,2.12,3.25,False,False,False,False,False,False,True,False,False,False,False,False,False,False,False,False,False,False,False,False,False,Library Technicians,0.8753315434694351,87.5,🔴 High Risk,34780.0,93410
10.86189863570049,9.061956366209925,1.25,4.0,3.88,False,False,False,False,False,False,True,False,False,False,False,False,False,False,False,False,False,False,False,False,False,Farm and Home Management Advisors,0.019901080502466258,2.0,🟢 Low Risk,52150.0,8620
11.089820688682373,11.900437035162245,0.25,3.75,4.12,False,False,False,False,False,False,True,False,False,False,False,False,False,False,False,False,False,False,False,False,False,Instructional Coordinators,0.01839789514471544,1.8,🟢 Low Risk,65500.0,147330
11.524567433504155,10.497118219058828,2.0,4.38,4.0,False,False,False,False,False,False,False,True,False,False,False,False,False,False,False,False,False,False,False,False,False,Art Directors,0.036343912861018124,3.6,🟢 Low Risk,101170.0,36210
10.568775236216993,8.531293315795018,3.5,4.12,3.12,False,False,False,False,False,False,False,True,False,False,False,False,False,False,False,False,False,False,False,False,False,Craft Artists,0.056671874603174646,5.7,🟢 Low Risk,38900.0,5070
10.957991201578174,9.351926736038054,3.62,4.62,3.25,False,False,False,False,False,False,False,True,False,False,False,False,False,False,False,False,False,False,False,False,False,Fine Artists; Including Painters; Sculptors; and Illustrators,0.04997086424014586,5.0,🟢 Low Risk,57410.0,11520
11.187209175200515,10.302632731899473,2.25,4.0,3.75,False,False,False,False,False,False,False,True,False,False,False,False,False,False,False,False,False,False,False,False,False,Multimedia Artists and Animators,0.04432113793886424,4.4,🟢 Low Risk,72200.0,29810
11.168757693531585,10.369137970290991,1.75,4.38,4.0,False,False,False,False,False,False,False,True,False,False,False,False,False,False,False,False,False,False,False,False,False,Commercial and Industrial Designers,0.04652519793442423,4.7,🟢 Low Risk,70880.0,31860
11.244797622953609,9.864278839310847,2.12,4.38,4.0,False,False,False,False,False,False,False,True,False,False,False,False,False,False,False,False,False,False,False,False,False,Fashion Designers,0.04156661252684934,4.2,🟢 Low Risk,76480.0,19230
10.225969523029635,10.691740346523579,2.5,3.25,3.12,False,False,False,False,False,False,False,True,False,False,False,False,False,False,False,False,False,False,False,False,False,Floral Designers,0.19675310793650788,19.7,🟢 Low Risk,27610.0,43990
10.864579551114822,12.25824280535883,2.0,4.0,3.88,False,False,False,False,False,False,False,True,False,False,False,False,False,False,False,False,False,False,False,False,False,Graphic Designers,0.058287120370370406,5.8,🟢 Low Risk,52290.0,210710
10.93704563156665,10.881080323786447,0.0,4.0,4.0,False,False,False,False,False,False,False,True,False,False,False,False,False,False,False,False,False,False,False,False,False,Interior Designers,0.06580953233082708,6.6,🟢 Low Risk,56220.0,53160
10.311981402704301,11.649996834476543,2.88,3.25,3.38,False,False,False,False,False,False,False,True,False,False,False,False,False,False,False,False,False,False,False,False,False,Merchandise Displayers and Window Trimmers,0.3464839365079364,34.6,🟢 Low Risk,30090.0,114690
10.961295207644392,9.397732385583243,2.75,3.88,3.75,False,False,False,False,False,False,False,True,False,False,False,False,False,False,False,False,False,False,False,False,False,Set and Exhibit Designers,0.055088026200602526,5.5,🟢 Low Risk,57600.0,12060
11.449357139707065,11.648426167231012,1.4675,3.7825,4.0600000000000005,False,False,False,False,False,False,False,True,False,False,False,False,False,False,False,False,False,False,False,False,False,Producers and Directors,0.03831233558663559,3.8,🟢 Low Risk,93840.0,114510
11.335364558277762,9.236105579862208,3.25,3.0,3.12,False,False,False,False,False,False,False,True,False,False,False,False,False,False,False,False,False,False,False,False,False,Athletes and Sports Competitors,0.3935247777777776,39.4,🟡 Medium Risk,83730.0,10260
10.62135173563291,12.349874243585111,1.88,3.88,4.0,False,False,False,False,False,False,False,True,False,False,False,False,False,False,False,False,False,False,False,False,False,Coaches and Scouts,0.04622236164021165,4.6,🟢 Low Risk,41000.0,230930
10.478442238622868,9.834191063533472,0.75,1.75,3.5,False,False,False,False,False,False,False,True,False,False,False,False,False,False,False,False,False,False,False,False,False,Umpires; Referees; and Other Sports Officials,0.9463435812662586,94.6,🔴 High Risk,35540.0,18660
10.88950954988395,8.548885638148727,1.62,4.25,3.38,False,False,False,False,False,False,False,True,False,False,False,False,False,False,False,False,False,False,False,False,False,Choreographers,0.06716624490392648,6.7,🟢 Low Risk,53610.0,5160
11.012561592414833,9.819072801393764,2.25,4.12,3.75,False,False,False,False,False,False,False,True,False,False,False,False,False,False,False,False,False,False,False,False,False,Music Directors and Composers,0.0605279920736184,6.1,🟢 Low Risk,60630.0,18380
10.782512459217795,10.282300629646866,1.62,3.88,4.0,False,False,False,False,False,False,False,True,False,False,False,False,False,False,False,False,False,False,False,False,False,Radio and Television Announcers,0.10475298547378545,10.5,🟢 Low Risk,48170.0,29210
11.105573578013793,12.332445350786317,0.0,3.88,4.12,False,False,False,False,False,False,False,True,False,False,False,False,False,False,False,False,False,False,False,False,False,Public Relations Specialists,0.09412099047619044,9.4,🟢 Low Risk,66540.0,226940
11.098636541252267,11.484227592022684,1.12,3.88,4.0,False,False,False,False,False,False,False,True,False,False,False,False,False,False,False,False,False,False,False,False,False,Editors,0.05560321742701745,5.6,🟢 Low Risk,66080.0,97170
11.200417771082792,10.815388664108726,1.0,3.0,3.88,False,False,False,False,False,False,False,True,False,False,False,False,False,False,False,False,False,False,False,False,False,Technical Writers,0.7511147034262814,75.1,🔴 High Risk,73160.0,49780
11.183323573386991,10.707527418047702,1.06,4.25,3.815,False,False,False,False,False,False,False,True,False,False,False,False,False,False,False,False,False,False,False,False,False,Writers and Authors,0.06121177975007451,6.1,🟢 Low Risk,71920.0,44690
10.844685508116383,10.846439689363773,0.5,3.0,3.88,False,False,False,False,False,False,False,True,False,False,False,False,False,False,False,False,False,False,False,False,False,Interpreters and Translators,0.5734542254340639,57.3,🟡 Medium Risk,51260.0,51350
10.767452878631598,11.151539441301377,3.12,2.88,3.75,False,False,False,False,False,False,False,True,False,False,False,False,False,False,False,False,False,False,False,False,False,Audio and Video Equipment Technicians,0.5314679760980541,53.1,🟡 Medium Risk,47450.0,69670
10.72394997039761,10.319925570795222,2.88,3.0,3.38,False,False,False,False,False,False,False,True,False,False,False,False,False,False,False,False,False,False,False,False,False,Broadcast Technicians,0.7210014032698073,72.1,🔴 High Risk,45430.0,30330
11.085843384637098,9.629774129311743,2.88,3.38,3.75,False,False,False,False,False,False,False,True,False,False,False,False,False,False,False,False,False,False,False,False,False,Sound Engineering Technicians,0.17958621804511277,18.0,🟢 Low Risk,65240.0,15210
10.660571510722328,10.792633166886727,2.88,3.88,3.25,False,False,False,False,False,False,False,True,False,False,False,False,False,False,False,False,False,False,False,False,False,Photographers,0.061071292857142856,6.1,🟢 Low Risk,42640.0,48660
11.05407540279458,9.985574323534237,3.0,3.12,3.5,False,False,False,False,False,False,False,True,False,False,False,False,False,False,False,False,False,False,False,False,False,Camera Operators; Television; Video; and Motion Picture,0.46325769788359744,46.3,🟡 Medium Risk,63200.0,21710
11.316801085998813,10.304978105888882,2.12,3.62,3.5,False,False,False,False,False,False,False,True,False,False,False,False,False,False,False,False,False,False,False,False,False,Film and Video Editors,0.16288993970912138,16.3,🟢 Low Risk,82190.0,29880
11.304805984955106,10.403080323368991,3.0,3.12,4.12,False,False,False,False,False,False,False,False,True,False,False,False,False,False,False,False,False,False,False,False,False,Chiropractors,0.07121989843304845,7.1,🟢 Low Risk,81210.0,32960
12.0660114083708,11.56761249411991,4.62,3.5,4.25,False,False,False,False,False,False,False,False,True,False,False,False,False,False,False,False,False,False,False,False,False,Dentists; General,0.0517365862230362,5.2,🟢 Low Risk,173860.0,105620
12.358239931159483,8.59062950948942,5.25,3.75,5.0,False,False,False,False,False,False,False,False,True,False,False,False,False,False,False,False,False,False,False,False,False,Oral and Maxillofacial Surgeons,0.04662849974294712,4.7,🟢 Low Risk,232870.0,5380
12.340520493081563,8.556606193773073,3.88,3.25,4.0,False,False,False,False,False,False,False,False,True,False,False,False,False,False,False,False,False,False,False,False,False,Orthodontists,0.09145902248677248,9.1,🟢 Low Risk,228780.0,5200
12.032558192096367,6.621405651764134,3.62,3.12,4.0,False,False,False,False,False,False,False,False,True,False,False,False,False,False,False,False,False,False,False,False,False,Prosthodontists,0.09877449444444446,9.9,🟢 Low Risk,168140.0,750
10.996601419215988,11.02566987271667,0.25,3.88,4.12,False,False,False,False,False,False,False,False,True,False,False,False,False,False,False,False,False,False,False,False,False,Dietitians and Nutritionists,0.009326202051892073,0.9,🟢 Low Risk,59670.0,61430
11.674882736767843,10.503175339529793,3.25,3.0,4.25,False,False,False,False,False,False,False,False,True,False,False,False,False,False,False,False,False,False,False,False,False,Optometrists,0.17865368915343918,17.9,🟢 Low Risk,117580.0,36430
11.697502808895521,12.629741063492212,2.38,3.0,4.12,False,False,False,False,False,False,False,False,True,False,False,False,False,False,False,False,False,False,False,False,False,Pharmacists,0.13884057433862432,13.9,🟢 Low Risk,120270.0,305510
11.533619851393764,11.552636442539653,2.815,2.875,4.25,False,False,False,False,False,False,False,False,True,False,False,False,False,False,False,False,False,False,False,False,False,Physician Assistants,0.17805443597883605,17.8,🟢 Low Risk,102090.0,104050
11.878339114952041,9.19023970026918,3.25,3.38,4.25,False,False,False,False,False,False,False,False,True,False,False,False,False,False,False,False,False,False,False,False,False,Podiatrists,0.08257638042328044,8.3,🟢 Low Risk,144110.0,9800
11.335364558277762,11.679041417417249,1.685,3.63,3.94,False,False,False,False,False,False,False,False,True,False,False,False,False,False,False,False,False,False,False,False,False,Occupational Therapists,0.025897629251767647,2.6,🟢 Low Risk,83730.0,118070
11.376200406591293,12.287288510938838,3.0,3.12,3.88,False,False,False,False,False,False,False,False,True,False,False,False,False,False,False,False,False,False,False,False,False,Physical Therapists,0.09624236642246639,9.6,🟢 Low Risk,87220.0,216920
11.350182981074266,9.767152232578871,3.0,2.62,3.75,False,False,False,False,False,False,False,False,True,False,False,False,False,False,False,False,False,False,False,False,False,Radiation Therapists,0.3542380582010582,35.4,🟡 Medium Risk,84980.0,17450
10.782927560612269,9.803722464346553,2.12,3.75,4.0,False,False,False,False,False,False,False,False,True,False,False,False,False,False,False,False,False,False,False,False,False,Recreational Therapists,0.07964384913237432,8.0,🟢 Low Risk,48190.0,18100
11.012726510945454,11.750137588203309,3.0,3.0,4.0,False,False,False,False,False,False,False,False,True,False,False,False,False,False,False,False,False,False,False,False,False,Respiratory Therapists,0.24446853388648382,24.4,🟢 Low Risk,60640.0,126770
11.26716558160265,11.82027044907606,0.75,3.88,4.12,False,False,False,False,False,False,False,False,True,False,False,False,False,False,False,False,False,False,False,False,False,Speech-Language Pathologists,0.013786742398533735,1.4,🟢 Low Risk,78210.0,135980
11.518519787526538,11.122117415455683,3.5,3.38,4.25,False,False,False,False,False,False,False,False,True,False,False,False,False,False,False,False,False,False,False,False,False,Veterinarians,0.06364635708716232,6.4,🟢 Low Risk,100560.0,67650
11.280879908117802,9.418248450647615,2.75,3.0,4.25,False,False,False,False,False,False,False,False,True,False,False,False,False,False,False,False,False,False,False,False,False,Audiologists,0.19047374288119293,19.0,🟢 Low Risk,79290.0,12310
11.041977389875884,12.024137014257384,3.0,2.69,3.845,False,False,False,False,False,False,False,False,True,False,False,False,False,False,False,False,False,False,False,False,False,Medical and Clinical Laboratory Technologists,0.5710578832648833,57.1,🟡 Medium Risk,62440.0,166730
10.638280388314705,11.984122132262973,2.875,2.435,3.435,False,False,False,False,False,False,False,False,True,False,False,False,False,False,False,False,False,False,False,False,False,Medical and Clinical Laboratory Technicians,0.5888161903989753,58.9,🟡 Medium Risk,41700.0,160190
10.9525769086256,10.892303576214507,2.88,2.62,3.75,False,False,False,False,False,False,False,False,True,False,False,False,False,False,False,False,False,False,False,False,False,Cardiovascular Technologists and Technicians,0.3665905385725385,36.7,🟡 Medium Risk,57100.0,53760
11.180957070806974,11.094238329842927,2.75,2.62,3.62,False,False,False,False,False,False,False,False,True,False,False,False,False,False,False,False,False,False,False,False,False,Diagnostic Medical Sonographers,0.38245557142857134,38.2,🟡 Medium Risk,71750.0,65790
11.237975329663158,9.885883506587767,2.88,2.75,3.62,False,False,False,False,False,False,False,False,True,False,False,False,False,False,False,False,False,False,False,False,False,Nuclear Medicine Technologists,0.30508397098480977,30.5,🟢 Low Risk,75960.0,19650
10.28742254209393,10.380994213509263,2.38,3.12,3.12,False,False,False,False,False,False,False,False,True,False,False,False,False,False,False,False,False,False,False,False,False,Dietetic Technicians,0.2279192507936509,22.8,🟢 Low Risk,29360.0,32240
10.37882070461162,12.895189214075968,3.0,2.0,3.62,False,False,False,False,False,False,False,False,True,False,False,False,False,False,False,False,False,False,False,False,False,Pharmacy Technicians,0.6912224798677178,69.1,🟡 Medium Risk,32170.0,398390
10.48768444858769,11.030379508549343,2.0,3.0,3.75,False,False,False,False,False,False,False,False,True,False,False,False,False,False,False,False,False,False,False,False,False,Psychiatric Technicians,0.25365665689149564,25.4,🟢 Low Risk,35870.0,61720
10.753659849198824,11.568558827621654,3.62,2.5,3.12,False,False,False,False,False,False,False,False,True,False,False,False,False,False,False,False,False,False,False,False,False,Surgical Technologists,0.48010123341357464,48.0,🟡 Medium Risk,46800.0,105720
10.430314470029058,11.506816845285819,3.25,3.0,4.0,False,False,False,False,False,False,False,False,True,False,False,False,False,False,False,False,False,False,False,False,False,Veterinary Technologists and Technicians,0.19648019444444453,19.6,🟢 Low Risk,33870.0,99390
10.710878178453925,13.462259744992236,3.0,2.88,4.0,False,False,False,False,False,False,False,False,True,False,False,False,False,False,False,False,False,False,False,False,False,Licensed Practical and Licensed Vocational Nurses,0.23849024790764786,23.8,🟢 Low Risk,44840.0,702400
10.541676837515393,11.22885021344584,2.88,3.0,3.88,False,False,False,False,False,False,False,False,True,False,False,False,False,False,False,False,False,False,False,False,False,Opticians; Dispensing,0.4141666330819716,41.4,🟡 Medium Risk,37860.0,75270
11.15512131228664,8.922791623969637,3.0,3.62,4.12,False,False,False,False,False,False,False,False,True,False,False,False,False,False,False,False,False,False,False,False,False,Orthotists and Prosthetists,0.01946580490223379,1.9,🟢 Low Risk,69920.0,7500
10.776474045001011,10.091252599948522,2.88,3.12,4.12,False,False,False,False,False,False,False,False,True,False,False,False,False,False,False,False,False,False,False,False,False,Athletic Trainers,0.13351253359788362,13.4,🟢 Low Risk,47880.0,24130
10.99425246425933,10.549831343981374,2.75,3.12,3.38,False,False,False,False,False,False,False,False,False,True,False,False,False,False,False,False,False,False,False,False,False,Occupational Therapy Assistants,0.2602057546490546,26.0,🟢 Low Risk,59530.0,38170
10.368510046500305,8.88336291691676,2.75,2.62,3.38,False,False,False,False,False,False,False,False,False,True,False,False,False,False,False,False,False,False,False,False,False,Occupational Therapy Aides,0.7266337043713451,72.7,🔴 High Risk,31840.0,7210
10.948189089173493,11.357218574875663,2.88,2.88,3.88,False,False,False,False,False,False,False,False,False,True,False,False,False,False,False,False,False,False,False,False,False,Physical Therapist Assistants,0.24397862039250698,24.4,🟢 Low Risk,56850.0,85580
10.236059335123967,10.82039809228969,2.62,2.12,3.12,False,False,False,False,False,False,False,False,False,True,False,False,False,False,False,False,False,False,False,False,False,Physical Therapist Aides,0.7132421809044498,71.3,🔴 High Risk,27890.0,50030
10.702817410686135,11.470341502428932,3.0,2.88,3.12,False,False,False,False,False,False,False,False,False,True,False,False,False,False,False,False,False,False,False,False,False,Massage Therapists,0.6717234965531731,67.2,🟡 Medium Risk,44480.0,95830
10.542468895852291,12.698604962402678,3.0,2.5,3.12,False,False,False,False,False,False,False,False,False,True,False,False,False,False,False,False,False,False,False,False,False,Dental Assistants,0.6895881263986994,69.0,🟡 Medium Risk,37890.0,327290
10.39973746484973,13.343201874120245,2.25,2.75,3.62,False,False,False,False,False,False,False,False,False,True,False,False,False,False,False,False,False,False,False,False,False,Medical Assistants,0.49005644797226455,49.0,🟡 Medium Risk,32850.0,623560
10.490190296875209,10.868587496017359,3.0,2.0,2.88,False,False,False,False,False,False,False,False,False,True,False,False,False,False,False,False,False,False,False,False,False,Medical Equipment Preparers,0.7656673254327976,76.6,🔴 High Risk,35960.0,52500
10.52274596768403,10.898053276749138,2.25,1.5,3.12,False,False,False,False,False,False,False,False,False,True,False,False,False,False,False,False,False,False,False,False,False,Medical Transcriptionists,0.6825997627060504,68.3,🟡 Medium Risk,37150.0,54070
10.25488358752045,10.509468798708518,2.12,1.5,2.88,False,False,False,False,False,False,False,False,False,True,False,False,False,False,False,False,False,False,False,False,False,Pharmacy Aides,0.6802197431785036,68.0,🟡 Medium Risk,28420.0,36660
10.196567530049501,11.28966940732742,2.88,2.0,3.12,False,False,False,False,False,False,False,False,False,True,False,False,False,False,False,False,False,False,False,False,False,Veterinary Assistants and Laboratory Animal Caretakers,0.748426625732684,74.8,🔴 High Risk,26810.0,79990
11.083695189061785,10.674313109478335,2.25,2.75,4.0,False,False,False,False,False,False,False,False,False,False,True,False,False,False,False,False,False,False,False,False,False,First-Line Supervisors of Correctional Officers,0.449893535113035,45.0,🟡 Medium Risk,65100.0,43230
11.389638560778947,11.51493344762302,3.0,3.12,4.0,False,False,False,False,False,False,False,False,False,False,True,False,False,False,False,False,False,False,False,False,False,First-Line Supervisors of Police and Detectives,0.09348934367114363,9.3,🟢 Low Risk,88400.0,100200
11.252222819249376,10.953802055796485,3.0,3.12,4.0,False,False,False,False,False,False,False,False,False,False,True,False,False,False,False,False,False,False,False,False,False,First-Line Supervisors of Fire Fighting and Prevention Workers,0.08205044896214893,8.2,🟢 Low Risk,77050.0,57170
10.83014437040946,12.663215807329866,3.25,2.88,3.75,False,False,False,False,False,False,False,False,False,False,True,False,False,False,False,False,False,False,False,False,False,Firefighters,0.2446429365079365,24.5,🟢 Low Risk,50520.0,315910
11.029406919278141,9.385217621880901,2.12,3.0,3.75,False,False,False,False,False,False,False,False,False,False,True,False,False,False,False,False,False,False,False,False,False,Fire Inspectors and Investigators,0.5108645760461759,51.1,🟡 Medium Risk,61660.0,11910
10.698762529141884,7.409136443920128,2.38,3.0,3.88,False,False,False,False,False,False,False,False,False,False,True,False,False,False,False,False,False,False,False,False,False,Forest Fire Inspectors and Prevention Specialists,0.1979836357383358,19.8,🟢 Low Risk,44300.0,1650
10.730750330040017,9.791493975575204,1.25,1.38,3.12,False,False,False,False,False,False,False,False,False,False,True,False,False,False,False,False,False,False,False,False,False,Bailiffs,0.5359441058201053,53.6,🟡 Medium Risk,45740.0,17880
10.752590924862394,12.97525682932358,3.0,2.25,3.62,False,False,False,False,False,False,False,False,False,False,True,False,False,False,False,False,False,False,False,False,False,Correctional Officers and Jailers,0.6632706006934503,66.3,🟡 Medium Risk,46750.0,431600
11.30824786368332,11.56153466038485,1.8733333333333333,3.2533333333333334,4.126666666666666,False,False,False,False,False,False,False,False,False,False,True,False,False,False,False,False,False,False,False,False,False,Detectives and Criminal Investigators,0.27117563467643463,27.1,🟢 Low Risk,81490.0,104980
10.910733540740393,8.796490207333578,2.62,3.0,3.88,False,False,False,False,False,False,False,False,False,False,True,False,False,False,False,False,False,False,False,False,False,Fish and Game Wardens,0.21983733732563734,22.0,🟢 Low Risk,54760.0,6610
10.587871447425917,9.096163326913784,2.0,1.5,3.0,False,False,False,False,False,False,False,False,False,False,True,False,False,False,False,False,False,False,False,False,False,Parking Enforcement Workers,0.6387501893131516,63.9,🟡 Medium Risk,39650.0,8920
11.047089140435771,13.396490495145336,2.81,2.63,3.94,False,False,False,False,False,False,False,False,False,False,True,False,False,False,False,False,False,False,False,False,False,Police and Sheriffs Patrol Officers,0.2609010562770561,26.1,🟢 Low Risk,62760.0,657690
11.125069403547922,8.478660241699453,2.75,3.0,3.38,False,False,False,False,False,False,False,False,False,False,True,False,False,False,False,False,False,False,False,False,False,Transit and Railroad Police,0.4144240397759104,41.4,🟡 Medium Risk,67850.0,4810
10.50783084142058,9.470471375340674,3.0,2.75,3.5,False,False,False,False,False,False,False,False,False,False,True,False,False,False,False,False,False,False,False,False,False,Animal Control Workers,0.41159360767848485,41.2,🟡 Medium Risk,36600.0,12970
10.888016204326332,10.257343526911063,1.75,3.12,4.12,False,False,False,False,False,False,False,False,False,False,True,False,False,False,False,False,False,False,False,False,False,Private Detectives and Investigators,0.2837752544973544,28.4,🟢 Low Risk,53530.0,28490
10.471099854390227,9.25540933534376,1.5,2.12,3.75,False,False,False,False,False,False,False,False,False,False,True,False,False,False,False,False,False,False,False,False,False,Gaming Surveillance Officers and Gaming Investigators,0.8881045610229338,88.8,🔴 High Risk,35280.0,10460
10.299945551484317,13.913653993034902,1.62,2.12,3.0,False,False,False,False,False,False,False,False,False,False,True,False,False,False,False,False,False,False,False,False,False,Security Guards,0.8601633896471177,86.0,🔴 High Risk,29730.0,1103120
10.281615721568997,11.196857635323791,1.88,0.88,2.5,False,False,False,False,False,False,False,False,False,False,True,False,False,False,False,False,False,False,False,False,False,Crossing Guards,0.5512512169312171,55.1,🟡 Medium Risk,29190.0,72900
10.027517700952979,11.88518533064729,2.12,2.0,3.0,False,False,False,False,False,False,False,False,False,False,True,False,False,False,False,False,False,False,False,False,False,Lifeguards; Ski Patrol; and Other Recreational Protective Service Workers,0.7717170861633726,77.2,🔴 High Risk,22640.0,145100
10.766187616237207,11.807019437187364,3.12,3.88,3.88,False,False,False,False,False,False,False,False,False,False,False,True,False,False,False,False,False,False,False,False,False,Chefs and Head Cooks,0.024395409265613455,2.4,🟢 Low Risk,47390.0,134190
10.454523783963511,13.719606301731487,2.62,2.88,3.75,False,False,False,False,False,False,False,False,False,False,False,True,False,False,False,False,False,False,False,False,False,First-Line Supervisors of Food Preparation and Serving Workers,0.49059106156806176,49.1,🟡 Medium Risk,34700.0,908550
9.931637595952473,13.148422860279787,2.75,1.75,2.12,False,False,False,False,False,False,False,False,False,False,False,True,False,False,False,False,False,False,False,False,False,Cooks; Fast Food,0.818489227058013,81.8,🔴 High Risk,20570.0,513200
10.180020200509242,12.923548957995243,3.0,2.5,2.88,False,False,False,False,False,False,False,False,False,False,False,True,False,False,False,False,False,False,False,False,False,Cooks; Institution and Cafeteria,0.8880242614002989,88.8,🔴 High Risk,26370.0,409850
10.650673006578945,5.916202062607435,2.88,3.12,3.12,False,False,False,False,False,False,False,False,False,False,False,True,False,False,False,False,False,False,False,False,False,Cooks; Private Household,0.3421033396825397,34.2,🟢 Low Risk,42220.0,370
10.143724181276514,14.01220417349981,3.25,2.62,3.12,False,False,False,False,False,False,False,False,False,False,False,True,False,False,False,False,False,False,False,False,False,Cooks; Restaurant,0.8712560061245559,87.1,🔴 High Risk,25430.0,1217370
10.0489289881863,12.122642122351362,3.0,1.62,2.88,False,False,False,False,False,False,False,False,False,False,False,True,False,False,False,False,False,False,False,False,False,Cooks; Short Order,0.868485051176768,86.8,🔴 High Risk,23130.0,183990
10.039808799894367,13.65378072880962,2.88,1.75,2.0,False,False,False,False,False,False,False,False,False,False,False,True,False,False,False,False,False,False,False,False,False,Food Preparation Workers,0.8293468392043207,82.9,🔴 High Risk,22920.0,850670
10.14960516741016,13.310204672376008,3.0,2.75,2.88,False,False,False,False,False,False,False,False,False,False,False,True,False,False,False,False,False,False,False,False,False,Bartenders,0.6825940029537071,68.3,🟡 Medium Risk,25580.0,603320
10.102789129364767,14.757317368165856,2.75,1.88,2.88,False,False,False,False,False,False,False,False,False,False,False,True,False,False,False,False,False,False,False,False,False,Waiters and Waitresses,0.8934255154814555,89.3,🔴 High Risk,24410.0,2564610
10.064372648053766,12.47426986519011,2.25,1.88,2.38,False,False,False,False,False,False,False,False,False,False,False,True,False,False,False,False,False,False,False,False,False,Food Servers; Nonrestaurant,0.8386302264556148,83.9,🔴 High Risk,23490.0,261520
10.014178834378756,12.95531892905837,3.0,1.75,2.25,False,False,False,False,False,False,False,False,False,False,False,True,False,False,False,False,False,False,False,False,False,Dining Room and Cafeteria Attendants and Bartender Helpers,0.8679447657487158,86.8,🔴 High Risk,22340.0,423080
9.964629687478366,13.135182855641576,3.5,1.75,2.0,False,False,False,False,False,False,False,False,False,False,False,True,False,False,False,False,False,False,False,False,False,Dishwashers,0.8149159758994259,81.5,🔴 High Risk,21260.0,506450
9.971660087639178,12.910063322308758,2.0,1.75,2.62,False,False,False,False,False,False,False,False,False,False,False,True,False,False,False,False,False,False,False,False,False,Hosts and Hostesses; Restaurant; Lounge; and Coffee Shop,0.893791920049375,89.4,🔴 High Risk,21410.0,404360
10.627188186139529,11.990035037095721,2.12,2.25,3.25,False,False,False,False,False,False,False,False,False,False,False,False,True,False,False,False,False,False,False,False,False,First-Line Supervisors of Housekeeping and Janitorial Workers,0.8778512386057167,87.8,🔴 High Risk,41240.0,161140
10.795301148603121,11.543173350127947,3.0,3.0,3.75,False,False,False,False,False,False,False,False,False,False,False,False,True,False,False,False,False,False,False,False,False,First-Line Supervisors of Landscaping; Lawn Service; and Groundskeeping Workers,0.5150607387077637,51.5,🟡 Medium Risk,48790.0,103070
10.204739634516608,14.586424473520383,2.38,1.88,2.12,False,False,False,False,False,False,False,False,False,False,False,False,True,False,False,False,False,False,False,False,False,Janitors and Cleaners; Except Maids and Housekeeping Cleaners,0.7335835543718892,73.4,🔴 High Risk,27030.0,2161740
10.078742533123364,13.73716083305301,2.12,1.88,2.12,False,False,False,False,False,False,False,False,False,False,False,False,True,False,False,False,False,False,False,False,False,Maids and Housekeeping Cleaners,0.7498934859716326,75.0,🔴 High Risk,23830.0,924640
10.463703160543519,11.195896967723217,2.88,2.75,3.38,False,False,False,False,False,False,False,False,False,False,False,False,True,False,False,False,False,False,False,False,False,Pest Control Workers,0.5871426304348412,58.7,🟡 Medium Risk,35020.0,72830
10.259797429846147,13.71742462933112,2.88,1.5,1.62,False,False,False,False,False,False,False,False,False,False,False,False,True,False,False,False,False,False,False,False,False,Landscaping and Groundskeeping Workers,0.8001775602730103,80.0,🔴 High Risk,28560.0,906570
10.483494030119285,10.13582867620438,3.0,2.0,2.75,False,False,False,False,False,False,False,False,False,False,False,False,True,False,False,False,False,False,False,False,False,Pesticide Handlers; Sprayers; and Applicators; Vegetation,0.8604378454436741,86.0,🔴 High Risk,35720.0,25230
10.527043468321851,10.61351643196459,3.75,2.25,3.0,False,False,False,False,False,False,False,False,False,False,False,False,True,False,False,False,False,False,False,False,False,Tree Trimmers and Pruners,0.8150463113932432,81.5,🔴 High Risk,37310.0,40680
10.451059677269122,9.517163087955348,2.88,3.25,3.38,False,False,False,False,False,False,False,False,False,False,False,False,False,True,False,False,False,False,False,False,False,Animal Trainers,0.25246652380952367,25.2,🟢 Low Risk,34580.0,13590
10.103198696867215,12.140792516135832,2.25,1.88,2.88,False,False,False,False,False,False,False,False,False,False,False,False,False,True,False,False,False,False,False,False,False,Nonfarm Animal Caretakers,0.8388153342602352,83.9,🔴 High Risk,24420.0,187360
9.998388557730848,11.457106154131509,2.75,1.75,2.88,False,False,False,False,False,False,False,False,False,False,False,False,False,True,False,False,False,False,False,False,False,Gaming Dealers,0.8493474405124839,84.9,🔴 High Risk,21990.0,94570
10.15467419487498,9.346705246496699,2.12,1.75,2.88,False,False,False,False,False,False,False,False,False,False,False,False,False,True,False,False,False,False,False,False,False,Gaming and Sports Book Writers and Runners,0.8361848981435914,83.6,🔴 High Risk,25710.0,11460
10.11662117122102,8.609042845046117,2.88,2.0,2.75,False,False,False,False,False,False,False,False,False,False,False,False,False,True,False,False,False,False,False,False,False,Motion Picture Projectionists,0.9100814930997564,91.0,🔴 High Risk,24750.0,5480
9.986955157777391,11.67777018771285,1.88,1.88,2.75,False,False,False,False,False,False,False,False,False,False,False,False,False,True,False,False,False,False,False,False,False,Ushers; Lobby Attendants; and Ticket Takers,0.8455062148824227,84.6,🔴 High Risk,21740.0,117920
9.99884318585288,12.566334648274125,2.0,2.0,2.75,False,False,False,False,False,False,False,False,False,False,False,False,False,True,False,False,False,False,False,False,False,Amusement and Recreation Attendants,0.8273243803783602,82.7,🔴 High Risk,22000.0,286740
10.829154192888762,8.801017833540714,2.88,3.12,2.88,False,False,False,False,False,False,False,False,False,False,False,False,False,True,False,False,False,False,False,False,False,Costume Attendants,0.4919431227106226,49.2,🟡 Medium Risk,50470.0,6640
10.101969490779476,9.800402224452803,1.75,0.88,2.25,False,False,False,False,False,False,False,False,False,False,False,False,False,True,False,False,False,False,False,False,False,Locker Room; Coatroom; and Dressing Room Attendants,0.5546682804232808,55.5,🟡 Medium Risk,24390.0,18040
10.651619953928417,8.219056661060598,3.12,2.75,3.12,False,False,False,False,False,False,False,False,False,False,False,False,False,True,False,False,False,False,False,False,False,Embalmers,0.5728362752126428,57.3,🟡 Medium Risk,42260.0,3710
10.207694828570066,10.484892788250326,2.0,1.62,2.62,False,False,False,False,False,False,False,False,False,False,False,False,False,True,False,False,False,False,False,False,False,Funeral Attendants,0.6623625406082572,66.2,🟡 Medium Risk,27110.0,35770
10.305647203635566,9.674137279312397,3.12,2.75,2.75,False,False,False,False,False,False,False,False,False,False,False,False,False,True,False,False,False,False,False,False,False,Barbers,0.6697477756902506,67.0,🟡 Medium Risk,29900.0,15900
10.295225540024292,12.772468255586102,3.75,3.12,3.5,False,False,False,False,False,False,False,False,False,False,False,False,False,True,False,False,False,False,False,False,False,Hairdressers; Hairstylists; and Cosmetologists,0.24261401693121698,24.3,🟢 Low Risk,29590.0,352380
11.178724646724019,8.188966863648876,3.5,3.62,3.38,False,False,False,False,False,False,False,False,False,False,False,False,False,True,False,False,False,False,False,False,False,Makeup Artists; Theatrical and Performance,0.04886905845277682,4.9,🟢 Low Risk,71590.0,3600
10.09950653645368,11.414551596861948,2.38,2.12,2.5,False,False,False,False,False,False,False,False,False,False,False,False,False,True,False,False,False,False,False,False,False,Manicurists and Pedicurists,0.8686526627232077,86.9,🔴 High Risk,24330.0,90630
9.950418847220561,9.63174444388585,2.88,1.62,2.12,False,False,False,False,False,False,False,False,False,False,False,False,False,True,False,False,False,False,False,False,False,Shampooers,0.7572137129029136,75.7,🔴 High Risk,20960.0,15240
10.467692792805359,10.69151300145826,2.75,2.75,3.0,False,False,False,False,False,False,False,False,False,False,False,False,False,True,False,False,False,False,False,False,False,Skincare Specialists,0.5141447919595789,51.4,🟡 Medium Risk,35160.0,43980
10.123064751970729,10.70886906982204,2.5,2.0,2.75,False,False,False,False,False,False,False,False,False,False,False,False,False,True,False,False,False,False,False,False,False,Baggage Porters and Bellhops,0.8518701719919824,85.2,🔴 High Risk,24910.0,44750
10.355868052653099,10.374147216543994,0.12,3.0,3.5,False,False,False,False,False,False,False,False,False,False,False,False,False,True,False,False,False,False,False,False,False,Concierges,0.4281558095238096,42.8,🟡 Medium Risk,31440.0,32020
10.243560441877241,10.562586618956502,0.62,2.62,3.12,False,False,False,False,False,False,False,False,False,False,False,False,False,True,False,False,False,False,False,False,False,Tour Guides and Escorts,0.8528772781371549,85.3,🔴 High Risk,28100.0,38660
10.489355711615616,8.016647877057803,1.88,3.25,3.75,False,False,False,False,False,False,False,False,False,False,False,False,False,True,False,False,False,False,False,False,False,Travel Guides,0.1533492761904762,15.3,🟢 Low Risk,35930.0,3030
10.040244985890988,13.252287521724702,2.125,2.94,3.06,False,False,False,False,False,False,False,False,False,False,False,False,False,True,False,False,False,False,False,False,False,Childcare Workers,0.5686094484905072,56.9,🟡 Medium Risk,22930.0,569370
10.663849357772266,12.458429308273782,3.0,3.0,3.0,False,False,False,False,False,False,False,False,False,False,False,False,False,True,False,False,False,False,False,False,False,Fitness Trainers and Aerobics Instructors,0.5724977830687832,57.2,🟡 Medium Risk,42780.0,257410
10.212111309194738,12.727485031247458,0.75,3.5,3.62,False,False,False,False,False,False,False,False,False,False,False,False,False,True,False,False,False,False,False,False,False,Recreation Workers,0.05212381175612121,5.2,🟢 Low Risk,27230.0,336880
10.22886272963353,11.611240217431213,1.0,3.0,4.0,False,False,False,False,False,False,False,False,False,False,False,False,False,True,False,False,False,False,False,False,False,Residential Advisors,0.1952689126984126,19.5,🟢 Low Risk,27690.0,110330
10.689920137152056,13.993004647934553,2.0,3.12,3.88,False,False,False,False,False,False,False,False,False,False,False,False,False,False,True,False,False,False,False,False,False,First-Line Supervisors of Retail Sales Workers,0.2486804031746032,24.9,🟢 Low Risk,43910.0,1194220
11.360135525582294,12.439843526205111,0.75,3.38,3.88,False,False,False,False,False,False,False,False,False,False,False,False,False,False,True,False,False,False,False,False,False,First-Line Supervisors of Non-Retail Sales Workers,0.11954855417175418,12.0,🟢 Low Risk,85830.0,252670
9.98419157995109,15.079922837556316,2.12,2.0,2.75,False,False,False,False,False,False,False,False,False,False,False,False,False,False,True,False,False,False,False,False,False,Cashiers,0.8756035261380964,87.6,🔴 High Risk,21680.0,3541010
10.16358000762854,10.048496574446103,2.12,2.12,2.88,False,False,False,False,False,False,False,False,False,False,False,False,False,False,True,False,False,False,False,False,False,Gaming Change Persons and Booth Cashiers,0.8527589743856467,85.3,🔴 High Risk,25940.0,23120
10.288443784012753,13.017738146913652,2.0,2.12,2.88,False,False,False,False,False,False,False,False,False,False,False,False,False,False,True,False,False,False,False,False,False,Counter and Rental Clerks,0.9312183946387698,93.1,🔴 High Risk,29390.0,450330
10.410937485062203,12.424167473461772,2.38,2.5,3.25,False,False,False,False,False,False,False,False,False,False,False,False,False,False,True,False,False,False,False,False,False,Parts Salespersons,0.9088403025667462,90.9,🔴 High Risk,33220.0,248740
10.21027347878698,15.325912578741011,1.88,2.62,3.12,False,False,False,False,False,False,False,False,False,False,False,False,False,False,True,False,False,False,False,False,False,Retail Salespersons,0.8480582950917053,84.8,🔴 High Risk,27180.0,4528550
11.061327409163853,11.85723122498801,0.0,3.38,3.75,False,False,False,False,False,False,False,False,False,False,False,False,False,False,True,False,False,False,False,False,False,Advertising Sales Agents,0.29285771904761904,29.3,🟢 Low Risk,63660.0,141100
11.123742087186342,12.862817736881576,0.0,3.0,3.88,False,False,False,False,False,False,False,False,False,False,False,False,False,False,True,False,False,False,False,False,False,Insurance Sales Agents,0.5234832645502643,52.3,🟡 Medium Risk,67760.0,385700
11.535283647580895,12.776433356608914,0.12,3.0,3.75,False,False,False,False,False,False,False,False,False,False,False,False,False,False,True,False,False,False,False,False,False,Securities; Commodities; and Financial Services Sales Agents,0.3415359894179892,34.2,🟢 Low Risk,102260.0,353780
10.594156665220533,11.13722787518497,0.75,3.0,3.75,False,False,False,False,False,False,False,False,False,False,False,False,False,False,True,False,False,False,False,False,False,Travel Agents,0.3555306382084243,35.6,🟡 Medium Risk,39900.0,68680
11.439397324681515,12.70189934571837,0.25,3.31,3.685,False,False,False,False,False,False,False,False,False,False,False,False,False,False,True,False,False,False,False,False,False,Sales Representatives; Wholesale and Manufacturing; Technical and Scientific Products,0.26380454920634916,26.4,🟢 Low Risk,92910.0,328370
11.13328890939415,14.154872187694489,1.38,3.0,3.75,False,False,False,False,False,False,False,False,False,False,False,False,False,False,True,False,False,False,False,False,False,Sales Representatives; Wholesale and Manufacturing; Except Technical and Scientific Products,0.5214105750915752,52.1,🟡 Medium Risk,68410.0,1404050
10.327807126158824,11.367911253546788,1.38,3.0,3.0,False,False,False,False,False,False,False,False,False,False,False,False,False,False,True,False,False,False,False,False,False,Demonstrators and Product Promoters,0.543081775217614,54.3,🟡 Medium Risk,30570.0,86500
10.506737377491612,8.387312270561717,0.5,2.12,1.88,False,False,False,False,False,False,False,False,False,False,False,False,False,False,True,False,False,False,False,False,False,Models,0.9261211352362448,92.6,🔴 High Risk,36560.0,4390
11.28151029797175,10.617686579792686,0.0,2.88,4.0,False,False,False,False,False,False,False,False,False,False,False,False,False,False,True,False,False,False,False,False,False,Real Estate Brokers,0.4894747063492063,48.9,🟡 Medium Risk,79340.0,40850
10.99139272406055,11.930589199701942,0.62,2.62,3.75,False,False,False,False,False,False,False,False,False,False,False,False,False,False,True,False,False,False,False,False,False,Real Estate Sales Agents,0.8862941848891851,88.6,🔴 High Risk,59360.0,151840
11.598010821706389,11.216283371146936,1.5,3.75,4.0,False,False,False,False,False,False,False,False,False,False,False,False,False,False,True,False,False,False,False,False,False,Sales Engineers,0.03759538430878398,3.8,🟢 Low Risk,108880.0,74330
10.209905507043057,12.279745880342167,0.5,2.12,3.12,False,False,False,False,False,False,False,False,False,False,False,False,False,False,True,False,False,False,False,False,False,Telemarketers,0.9066645693240291,90.7,🔴 High Risk,27170.0,215290
10.262245325878965,8.99230873254815,0.25,3.0,3.12,False,False,False,False,False,False,False,False,False,False,False,False,False,False,True,False,False,False,False,False,False,Door-to-Door Sales Workers; News and Street Vendors; and Related Workers,0.7080660476190472,70.8,🔴 High Risk,28630.0,8040
10.966317211064466,14.182339475385943,0.5,3.38,3.88,False,False,False,False,False,False,False,False,False,False,False,False,False,False,False,True,False,False,False,False,False,First-Line Supervisors of Office and Administrative Support Workers,0.10222552063492066,10.2,🟢 Low Risk,57890.0,1443150
10.29960914564114,11.417636284945406,1.75,1.75,2.75,False,False,False,False,False,False,False,False,False,False,False,False,False,False,False,True,False,False,False,False,False,Switchboard Operators; Including Answering Service,0.929988972184198,93.0,🔴 High Risk,29720.0,90910
10.66967606516289,9.089414904047302,1.38,1.75,2.88,False,False,False,False,False,False,False,False,False,False,False,False,False,False,False,True,False,False,False,False,False,Telephone Operators,0.9184522017169062,91.8,🔴 High Risk,43030.0,8860
10.535317684107266,12.60806840908286,0.5,2.62,3.5,False,False,False,False,False,False,False,False,False,False,False,False,False,False,False,True,False,False,False,False,False,Bill and Account Collectors,0.8477238108590281,84.8,🔴 High Risk,37620.0,298960
10.533987755195422,13.092359736236618,0.5,1.75,3.0,False,False,False,False,False,False,False,False,False,False,False,False,False,False,False,True,False,False,False,False,False,Billing and Posting Clerks,0.9329124449901726,93.3,🔴 High Risk,37570.0,485220
10.60214452626967,14.264648632706805,1.75,1.75,3.25,False,False,False,False,False,False,False,False,False,False,False,False,False,False,False,True,False,False,False,False,False,Bookkeeping; Accounting; and Auditing Clerks,0.9258578468088778,92.6,🔴 High Risk,40220.0,1566960
10.24427190716996,9.842197084093021,2.12,1.88,3.25,False,False,False,False,False,False,False,False,False,False,False,False,False,False,False,True,False,False,False,False,False,Gaming Cage Workers,0.6570792226003244,65.7,🟡 Medium Risk,28120.0,18810
10.682376554540992,11.980745461825158,1.0,2.12,3.12,False,False,False,False,False,False,False,False,False,False,False,False,False,False,False,True,False,False,False,False,False,Payroll and Timekeeping Clerks,0.9465659835468997,94.7,🔴 High Risk,43580.0,159650
10.64497241395799,11.186100543000382,0.62,2.25,3.75,False,False,False,False,False,False,False,False,False,False,False,False,False,False,False,True,False,False,False,False,False,Procurement Clerks,0.9543940049930313,95.4,🔴 High Risk,41980.0,72120
10.242135990940183,13.115864304104472,2.12,2.25,3.25,False,False,False,False,False,False,False,False,False,False,False,False,False,False,False,True,False,False,False,False,False,Tellers,0.8067755959133918,80.7,🔴 High Risk,28060.0,496760
10.866299209135672,10.999112048861333,1.62,2.38,3.62,False,False,False,False,False,False,False,False,False,False,False,False,False,False,False,True,False,False,False,False,False,Brokerage Clerks,0.9359361060978134,93.6,🔴 High Risk,52380.0,59820
10.536380355230888,8.821879862683842,0.12,2.75,3.75,False,False,False,False,False,False,False,False,False,False,False,False,False,False,False,True,False,False,False,False,False,Correspondence Clerks,0.7996788095238093,80.0,🔴 High Risk,37660.0,6780
10.575436632579894,11.764625374499246,1.12,2.0,3.25,False,False,False,False,False,False,False,False,False,False,False,False,False,False,False,True,False,False,False,False,False,Court; Municipal; and License Clerks,0.7619794841204,76.2,🔴 High Risk,39160.0,128620
10.579514006287654,10.53691126761627,0.38,2.12,3.38,False,False,False,False,False,False,False,False,False,False,False,False,False,False,False,True,False,False,False,False,False,Credit Authorizers; Checkers; and Clerks,0.9245031142783212,92.5,🔴 High Risk,39320.0,37680
10.467977158387665,14.81136671439973,1.38,2.62,3.5,False,False,False,False,False,False,False,False,False,False,False,False,False,False,False,True,False,False,False,False,False,Customer Service Representatives,0.7522539496040986,75.2,🔴 High Risk,35170.0,2707040
10.681687944129537,11.819976247060126,1.25,2.62,3.62,False,False,False,False,False,False,False,False,False,False,False,False,False,False,False,True,False,False,False,False,False,Eligibility Interviewers; Government Programs,0.7867186378239641,78.7,🔴 High Risk,43550.0,135940
10.350126593227081,11.782578486409182,2.25,2.5,3.0,False,False,False,False,False,False,False,False,False,False,False,False,False,False,False,True,False,False,False,False,False,File Clerks,0.8788734729793488,87.9,🔴 High Risk,31260.0,130950
10.066073979755881,12.422960671781867,2.0,2.38,3.5,False,False,False,False,False,False,False,False,False,False,False,False,False,False,False,True,False,False,False,False,False,Hotel; Motel; and Resort Desk Clerks,0.8220908231838765,82.2,🔴 High Risk,23530.0,248440
10.423500840161113,12.133668605474659,1.0,2.25,3.25,False,False,False,False,False,False,False,False,False,False,False,False,False,False,False,True,False,False,False,False,False,Interviewers; Except Eligibility and Loan,0.9386689593882326,93.9,🔴 High Risk,33640.0,186030
10.22015787614662,11.498430924819772,2.12,2.0,2.88,False,False,False,False,False,False,False,False,False,False,False,False,False,False,False,True,False,False,False,False,False,Library Assistants; Clerical,0.8681108944957754,86.8,🔴 High Risk,27450.0,98560
10.604131561522696,12.320922494709116,0.38,2.75,4.0,False,False,False,False,False,False,False,False,False,False,False,False,False,False,False,True,False,False,False,False,False,Loan Interviewers and Clerks,0.7837417229437227,78.4,🔴 High Risk,40300.0,224340
10.50454685609326,10.63660036103912,1.5,1.75,3.5,False,False,False,False,False,False,False,False,False,False,False,False,False,False,False,True,False,False,False,False,False,New Accounts Clerks,0.9458913790363702,94.6,🔴 High Risk,36480.0,41630
10.467692792805359,12.083062849127112,1.12,2.0,3.5,False,False,False,False,False,False,False,False,False,False,False,False,False,False,False,True,False,False,False,False,False,Order Clerks,0.9173346448954433,91.7,🔴 High Risk,35160.0,176850
10.599156550639583,11.82883778762608,0.0,2.25,3.62,False,False,False,False,False,False,False,False,False,False,False,False,False,False,False,True,False,False,False,False,False,Human Resources Assistants; Except Payroll and Timekeeping,0.912516631145116,91.3,🔴 High Risk,40100.0,137150
10.279214842380336,13.81327907004604,1.62,2.0,3.0,False,False,False,False,False,False,False,False,False,False,False,False,False,False,False,True,False,False,False,False,False,Receptionists and Information Clerks,0.9408064986031565,94.1,🔴 High Risk,29120.0,997770
10.546682644153423,11.893763125031432,2.0,2.75,3.62,False,False,False,False,False,False,False,False,False,False,False,False,False,False,False,True,False,False,False,False,False,Reservation and Transportation Ticket Agents and Travel Clerks,0.6617401942026844,66.2,🟡 Medium Risk,38050.0,146350
10.697633249050782,11.395503614078773,1.19,2.5,3.5,False,False,False,False,False,False,False,False,False,False,False,False,False,False,False,True,False,False,False,False,False,Cargo and Freight Agents,0.875692585007861,87.6,🔴 High Risk,44250.0,88920
10.306315853989789,11.213454171943471,2.75,1.88,2.62,False,False,False,False,False,False,False,False,False,False,False,False,False,False,False,True,False,False,False,False,False,Couriers and Messengers,0.8958391804065671,89.6,🔴 High Risk,29920.0,74120
10.623057555327177,11.463430552524057,2.12,2.88,3.88,False,False,False,False,False,False,False,False,False,False,False,False,False,False,False,True,False,False,False,False,False,Police; Fire; and Ambulance Dispatchers,0.5145355391850642,51.5,🟡 Medium Risk,41070.0,95170
10.625975064872742,12.19557271367404,1.38,2.75,3.75,False,False,False,False,False,False,False,False,False,False,False,False,False,False,False,True,False,False,False,False,False,Dispatchers; Except Police; Fire; and Ambulance,0.8389685949185262,83.9,🔴 High Risk,41190.0,197910
10.642826285701982,10.436201861559756,2.38,2.0,2.88,False,False,False,False,False,False,False,False,False,False,False,False,False,False,False,True,False,False,False,False,False,Meter Readers; Utilities,0.8646894679586233,86.5,🔴 High Risk,41890.0,34070
10.786448982761422,11.314852503584444,2.88,1.88,3.25,False,False,False,False,False,False,False,False,False,False,False,False,False,False,False,True,False,False,False,False,False,Postal Service Clerks,0.7820947997905159,78.2,🔴 High Risk,48360.0,82030
10.83192422295384,12.703664082485204,3.0,1.38,2.75,False,False,False,False,False,False,False,False,False,False,False,False,False,False,False,True,False,False,False,False,False,Postal Service Mail Carriers,0.7013797621650387,70.1,🔴 High Risk,50610.0,328950
10.813981515563105,11.615220286185314,3.25,1.62,2.62,False,False,False,False,False,False,False,False,False,False,False,False,False,False,False,True,False,False,False,False,False,Postal Service Mail Sorters; Processors; and Processing Machine Operators,0.7718147798573103,77.2,🔴 High Risk,49710.0,110770
10.800615852145526,12.681626468913542,1.62,2.62,3.62,False,False,False,False,False,False,False,False,False,False,False,False,False,False,False,True,False,False,False,False,False,Production; Planning; and Expediting Clerks,0.8391057593805709,83.9,🔴 High Risk,49050.0,321780
10.408828161071545,13.425413257862177,2.88,2.12,3.0,False,False,False,False,False,False,False,False,False,False,False,False,False,False,False,True,False,False,False,False,False,Shipping; Receiving; and Traffic Clerks,0.9304621208493493,93.0,🔴 High Risk,33150.0,676990
10.344351978996153,11.218030777366073,2.38,2.12,3.0,False,False,False,False,False,False,False,False,False,False,False,False,False,False,False,True,False,False,False,False,False,Weighers; Measurers; Checkers; and Samplers; Recordkeeping,0.9110532653078108,91.1,🔴 High Risk,31080.0,74460
10.966662628245496,13.356028977298097,1.0,3.0,3.75,False,False,False,False,False,False,False,False,False,False,False,False,False,False,False,True,False,False,False,False,False,Executive Secretaries and Executive Administrative Assistants,0.4858919141969142,48.6,🟡 Medium Risk,57910.0,631610
10.776891660007811,12.161080509711283,1.12,2.25,3.0,False,False,False,False,False,False,False,False,False,False,False,False,False,False,False,True,False,False,False,False,False,Legal Secretaries,0.9202707282466446,92.0,🔴 High Risk,47900.0,191200
10.464844680601267,13.229999102808376,1.38,2.0,3.0,False,False,False,False,False,False,False,False,False,False,False,False,False,False,False,True,False,False,False,False,False,Medical Secretaries,0.9282667560934247,92.8,🔴 High Risk,35060.0,556820
10.495183233934963,14.646466034644249,1.38,2.0,3.62,False,False,False,False,False,False,False,False,False,False,False,False,False,False,False,True,False,False,False,False,False,Secretaries and Administrative Assistants; Except Legal; Medical; and Executive,0.9041983172834762,90.4,🔴 High Risk,36140.0,2295510
10.362209026944724,12.179785136768789,1.75,2.0,2.88,False,False,False,False,False,False,False,False,False,False,False,False,False,False,False,True,False,False,False,False,False,Data Entry Keyers,0.9515031630599591,95.2,🔴 High Risk,31640.0,194810
10.595909470156478,11.115889729664524,1.62,1.38,2.62,False,False,False,False,False,False,False,False,False,False,False,False,False,False,False,True,False,False,False,False,False,Word Processors and Typists,0.7676831561019174,76.8,🔴 High Risk,39970.0,67230
10.700566728905104,9.479680250180099,2.5,3.88,3.88,False,False,False,False,False,False,False,False,False,False,False,False,False,False,False,True,False,False,False,False,False,Desktop Publishers,0.0764009215538847,7.6,🟢 Low Risk,44380.0,13090
10.615971565652215,12.52216358745952,1.0,2.12,3.38,False,False,False,False,False,False,False,False,False,False,False,False,False,False,False,True,False,False,False,False,False,Insurance Claims and Policy Processing Clerks,0.9401922883532045,94.0,🔴 High Risk,40780.0,274350
10.328134180060221,11.4244329916988,3.0,2.0,2.88,False,False,False,False,False,False,False,False,False,False,False,False,False,False,False,True,False,False,False,False,False,Mail Clerks and Mail Machine Operators; Except Postal Service,0.8930228072800751,89.3,🔴 High Risk,30580.0,91530
10.404596118238738,14.899195655061137,1.62,2.0,3.0,False,False,False,False,False,False,False,False,False,False,False,False,False,False,False,True,False,False,False,False,False,Office Clerks; General,0.9095812941552774,91.0,🔴 High Risk,33010.0,2955550
10.38563588541525,10.970970306007317,2.75,2.12,2.62,False,False,False,False,False,False,False,False,False,False,False,False,False,False,False,True,False,False,False,False,False,Office Machine Operators; Except Computer,0.8923565092795956,89.2,🔴 High Risk,32390.0,58160
10.587619215169118,9.344084242025778,1.0,1.62,3.0,False,False,False,False,False,False,False,False,False,False,False,False,False,False,False,True,False,False,False,False,False,Proofreaders and Copy Markers,0.8351788203698028,83.5,🔴 High Risk,39640.0,11430
10.785207543360087,9.296609807128359,1.0,3.12,3.88,False,False,False,False,False,False,False,False,False,False,False,False,False,False,False,True,False,False,False,False,False,Statistical Assistants,0.545943463980464,54.6,🟡 Medium Risk,48300.0,10900
10.795915827145608,9.88078171500049,2.75,3.0,3.75,False,False,False,False,False,False,False,False,False,False,False,False,False,False,False,False,True,False,False,False,False,First-Line Supervisors of Farming; Fishing; and Forestry Workers,0.5019995405283264,50.2,🟡 Medium Risk,48820.0,19550
10.697859207113927,9.596350792250211,2.12,2.5,4.0,False,False,False,False,False,False,False,False,False,False,False,False,False,False,False,False,True,False,False,False,False,Agricultural Inspectors,0.8652300394760121,86.5,🔴 High Risk,44260.0,14710
10.65351116273777,7.147559271189454,2.75,1.88,3.25,False,False,False,False,False,False,False,False,False,False,False,False,False,False,False,False,True,False,False,False,False,Animal Breeders,0.8885320037956577,88.9,🔴 High Risk,42340.0,1270
10.097449430486758,10.565685714952057,3.12,0.62,2.25,False,False,False,False,False,False,False,False,False,False,False,False,False,False,False,False,True,False,False,False,False,Graders and Sorters; Agricultural Products,0.5181082010582012,51.8,🟡 Medium Risk,24280.0,38780
10.348205424565993,8.877800393882575,3.0,2.12,3.0,False,False,False,False,False,False,False,False,False,False,False,False,False,False,False,False,True,False,False,False,False,Forest and Conservation Workers,0.8902680933538537,89.0,🔴 High Risk,31200.0,7170
10.666650414667744,8.58876938990546,3.0,1.88,3.0,False,False,False,False,False,False,False,False,False,False,False,False,False,False,False,False,True,False,False,False,False,Fallers,0.8273976676514875,82.7,🔴 High Risk,42900.0,5370
10.568260978408226,10.21284549666577,3.12,2.12,2.75,False,False,False,False,False,False,False,False,False,False,False,False,False,False,False,False,True,False,False,False,False,Logging Equipment Operators,0.8315144574077884,83.2,🔴 High Risk,38880.0,27250
10.549307248688857,8.013343181386672,2.75,2.12,3.0,False,False,False,False,False,False,False,False,False,False,False,False,False,False,False,False,True,False,False,False,False,Log Graders and Scalers,0.9046523825014621,90.5,🔴 High Risk,38150.0,3020
11.127865743638715,13.196024535465785,2.94,3.12,3.5,False,False,False,False,False,False,False,False,False,False,False,False,False,False,False,False,False,True,False,False,False,First-Line Supervisors of Construction Trades and Extraction Workers,0.26135799413919397,26.1,🟢 Low Risk,68040.0,538220
11.038126355768453,9.72082593792907,3.0,2.0,3.0,False,False,False,False,False,False,False,False,False,False,False,False,False,False,False,False,False,True,False,False,False,Boilermakers,0.7754982984220056,77.5,🔴 High Risk,62200.0,16660
10.8863335206103,11.07241850011319,3.25,2.12,3.0,False,False,False,False,False,False,False,False,False,False,False,False,False,False,False,False,False,True,False,False,False,Brickmasons and Blockmasons,0.808449164865138,80.8,🔴 High Risk,53440.0,64370
10.683981470512775,9.48729005784892,3.62,2.62,3.25,False,False,False,False,False,False,False,False,False,False,False,False,False,False,False,False,False,True,False,False,False,Stonemasons,0.8158548047674157,81.6,🔴 High Risk,43650.0,13190
10.786035340845325,13.425398486507968,4.0,3.0,3.62,False,False,False,False,False,False,False,False,False,False,False,False,False,False,False,False,False,True,False,False,False,Carpenters,0.6372219541847041,63.7,🟡 Medium Risk,48340.0,676980
10.69898823220789,10.152727608571611,2.88,2.12,2.88,False,False,False,False,False,False,False,False,False,False,False,False,False,False,False,False,False,True,False,False,False,Carpet Installers,0.8228519900654356,82.3,🔴 High Risk,44310.0,25660
10.654219444947001,9.243871855184976,3.13,2.13,2.88,False,False,False,False,False,False,False,False,False,False,False,False,False,False,False,False,False,True,False,False,False,Floor Layers; Except Carpet; Wood; and Hard Tiles,0.8017835179403767,80.2,🔴 High Risk,42370.0,10340
10.568518140370246,8.431853144249223,2.88,2.0,2.38,False,False,False,False,False,False,False,False,False,False,False,False,False,False,False,False,False,True,False,False,False,Floor Sanders and Finishers,0.8465954182664659,84.7,🔴 High Risk,38890.0,4590
10.709315887371531,10.51409516084895,3.0,2.88,3.12,False,False,False,False,False,False,False,False,False,False,False,False,False,False,False,False,False,True,False,False,False,Tile and Marble Setters,0.7243202393275308,72.4,🔴 High Risk,44770.0,36830
10.685583814855978,12.066356452108515,3.38,2.0,2.38,False,False,False,False,False,False,False,False,False,False,False,False,False,False,False,False,False,True,False,False,False,Cement Masons and Concrete Finishers,0.8567386623127345,85.7,🔴 High Risk,43720.0,173920
10.736201004154935,8.137688184977605,3.38,2.0,2.38,False,False,False,False,False,False,False,False,False,False,False,False,False,False,False,False,False,True,False,False,False,Terrazzo Workers and Finishers,0.8622775052147716,86.2,🔴 High Risk,45990.0,3420
10.542468895852291,13.72350600853866,3.75,2.0,2.62,False,False,False,False,False,False,False,False,False,False,False,False,False,False,False,False,False,True,False,False,False,Construction Laborers,0.8541803213058193,85.4,🔴 High Risk,37890.0,912100
10.687411927154141,10.856707913495192,2.88,1.62,2.88,False,False,False,False,False,False,False,False,False,False,False,False,False,False,False,False,False,True,False,False,False,Paving; Surfacing; and Tamping Equipment Operators,0.8004047159448807,80.0,🔴 High Risk,43800.0,51880
11.030703494879953,8.18060094759445,3.0,1.88,3.0,False,False,False,False,False,False,False,False,False,False,False,False,False,False,False,False,False,True,False,False,False,Pile-Driver Operators,0.8118289943196083,81.2,🔴 High Risk,61740.0,3570
10.83093580710616,12.784793338418545,3.25,2.12,3.0,False,False,False,False,False,False,False,False,False,False,False,False,False,False,False,False,False,True,False,False,False,Operating Engineers and Other Construction Equipment Operators,0.7726742435370866,77.3,🔴 High Risk,50560.0,356750
10.766398604507042,11.442299117229922,3.25,2.12,2.62,False,False,False,False,False,False,False,False,False,False,False,False,False,False,False,False,False,True,False,False,False,Drywall and Ceiling Tile Installers,0.8028003799076403,80.3,🔴 High Risk,47400.0,93180
10.892861445910619,9.824498456285756,3.25,1.62,2.0,False,False,False,False,False,False,False,False,False,False,False,False,False,False,False,False,False,True,False,False,False,Tapers,0.7652269694244768,76.5,🔴 High Risk,53790.0,18480
10.944664918551014,13.31648339119727,3.25,3.0,3.75,False,False,False,False,False,False,False,False,False,False,False,False,False,False,False,False,False,True,False,False,False,Electricians,0.23286648989898992,23.3,🟢 Low Risk,56650.0,607120
10.763440710059992,10.760898389671993,3.12,2.0,3.0,False,False,False,False,False,False,False,False,False,False,False,False,False,False,False,False,False,True,False,False,False,Glaziers,0.7822661749960066,78.2,🔴 High Risk,47260.0,47140
10.583828076826626,10.292179440058462,3.12,2.12,2.75,False,False,False,False,False,False,False,False,False,False,False,False,False,False,False,False,False,True,False,False,False,Insulation Workers; Floor; Ceiling; and Wall,0.8226865132750585,82.3,🔴 High Risk,39490.0,29500
10.841559345471941,10.213579145500994,3.0,2.0,3.0,False,False,False,False,False,False,False,False,False,False,False,False,False,False,False,False,False,True,False,False,False,Insulation Workers; Mechanical,0.7458471369997061,74.6,🔴 High Risk,51100.0,27270
10.633713731337494,12.288946725698285,3.0,2.0,3.0,False,False,False,False,False,False,False,False,False,False,False,False,False,False,False,False,False,True,False,False,False,Painters; Construction and Maintenance,0.8009004357387601,80.1,🔴 High Risk,41510.0,217280
10.504272703223904,8.068089626278244,3.25,1.75,2.38,False,False,False,False,False,False,False,False,False,False,False,False,False,False,False,False,False,True,False,False,False,Paperhangers,0.8405415753803807,84.1,🔴 High Risk,36470.0,3190
10.665717600533268,10.587114559711914,3.0,2.0,2.88,False,False,False,False,False,False,False,False,False,False,False,False,False,False,False,False,False,True,False,False,False,Pipelayers,0.7796495437059648,78.0,🔴 High Risk,42860.0,39620
10.933660387981718,12.92846547250738,3.125,2.81,3.5,False,False,False,False,False,False,False,False,False,False,False,False,False,False,False,False,False,True,False,False,False,Plumbers; Pipefitters; and Steamfitters,0.5103561092282904,51.0,🟡 Medium Risk,56030.0,411870
10.693557248751725,10.03499815473834,3.5,2.12,2.62,False,False,False,False,False,False,False,False,False,False,False,False,False,False,False,False,False,True,False,False,False,Plasterers and Stucco Masons,0.8376452133585129,83.8,🔴 High Risk,44070.0,22810
10.889323003601277,9.904537001671699,3.38,2.0,2.88,False,False,False,False,False,False,False,False,False,False,False,False,False,False,False,False,False,True,False,False,False,Reinforcing Iron and Rebar Workers,0.8429803142855563,84.3,🔴 High Risk,53600.0,20020
10.647351611387782,11.664882311532681,3.38,2.12,2.88,False,False,False,False,False,False,False,False,False,False,False,False,False,False,False,False,False,True,False,False,False,Roofers,0.8356966285150207,83.6,🔴 High Risk,42080.0,116410
10.841167887088753,11.808955099378537,3.12,2.25,3.0,False,False,False,False,False,False,False,False,False,False,False,False,False,False,False,False,False,True,False,False,False,Sheet Metal Workers,0.7516303309126695,75.2,🔴 High Risk,51080.0,134450
10.933838844688593,11.148232750152198,3.88,2.38,3.0,False,False,False,False,False,False,False,False,False,False,False,False,False,False,False,False,False,True,False,False,False,Structural Iron and Steel Workers,0.7845937103402237,78.5,🔴 High Risk,56040.0,69440
10.422608673326225,10.083765355620846,3.0,1.75,2.38,False,False,False,False,False,False,False,False,False,False,False,False,False,False,False,False,False,True,False,False,False,HelpersBrickmasons; Blockmasons; Stonemasons; and Tile and Marble Setters,0.8187027492036164,81.9,🔴 High Risk,33610.0,23950
10.315630315397533,10.48824184666795,2.88,2.38,2.75,False,False,False,False,False,False,False,False,False,False,False,False,False,False,False,False,False,True,False,False,False,HelpersCarpenters,0.8365015147471112,83.7,🔴 High Risk,30200.0,35890
10.341129392339514,11.182906362021665,3.75,2.12,3.0,False,False,False,False,False,False,False,False,False,False,False,False,False,False,False,False,False,True,False,False,False,HelpersElectricians,0.823671920047988,82.4,🔴 High Risk,30980.0,71890
10.266775581745106,9.285540604539118,2.88,1.88,2.25,False,False,False,False,False,False,False,False,False,False,False,False,False,False,False,False,False,True,False,False,False,HelpersPainters; Paperhangers; Plasterers; and Stucco Masons,0.7954744777563372,79.5,🔴 High Risk,28760.0,10780
10.330094260397669,10.898238201670146,2.88,2.0,2.38,False,False,False,False,False,False,False,False,False,False,False,False,False,False,False,False,False,True,False,False,False,HelpersPipelayers; Plumbers; Pipefitters; and Steamfitters,0.7634173874501312,76.3,🔴 High Risk,30640.0,54080
10.271285406914535,9.229260256828693,3.25,1.88,2.0,False,False,False,False,False,False,False,False,False,False,False,False,False,False,False,False,False,True,False,False,False,HelpersRoofers,0.7506619131513137,75.1,🔴 High Risk,28890.0,10190
11.022735454804309,11.461221559977892,1.88,3.0,3.88,False,False,False,False,False,False,False,False,False,False,False,False,False,False,False,False,False,True,False,False,False,Construction and Building Inspectors,0.6184242486237733,61.8,🟡 Medium Risk,61250.0,94960
11.249753874702945,10.009692711382444,3.0,2.75,3.25,False,False,False,False,False,False,False,False,False,False,False,False,False,False,False,False,False,True,False,False,False,Elevator Installers and Repairers,0.3882309537407972,38.8,🟡 Medium Risk,76860.0,22240
10.501801939324901,9.975854724662028,3.25,1.75,2.88,False,False,False,False,False,False,False,False,False,False,False,False,False,False,False,False,False,True,False,False,False,Fence Erectors,0.841331515977894,84.1,🔴 High Risk,36380.0,21500
10.725489582719506,10.698310970126737,3.12,2.62,3.38,False,False,False,False,False,False,False,False,False,False,False,False,False,False,False,False,False,True,False,False,False,Hazardous Materials Removal Workers,0.7727437480649816,77.3,🔴 High Risk,45500.0,44280
10.585093387249515,11.872842148787795,3.12,2.0,2.75,False,False,False,False,False,False,False,False,False,False,False,False,False,False,False,False,False,True,False,False,False,Highway Maintenance Workers,0.8325267814412819,83.3,🔴 High Risk,39540.0,143320
10.874474781329312,9.564582358673212,3.0,2.0,2.88,False,False,False,False,False,False,False,False,False,False,False,False,False,False,False,False,False,True,False,False,False,Rail-Track Laying and Maintenance Equipment Operators,0.8233171255293337,82.3,🔴 High Risk,52810.0,14250
10.56800375029692,10.178122378638475,3.12,2.0,3.0,False,False,False,False,False,False,False,False,False,False,False,False,False,False,False,False,False,True,False,False,False,Septic Tank Servicers and Sewer Pipe Cleaners,0.8132420730147595,81.3,🔴 High Risk,38870.0,26320
10.438839921478715,7.450660796211539,3.0,2.75,3.0,False,False,False,False,False,False,False,False,False,False,False,False,False,False,False,False,False,True,False,False,False,Segmental Pavers,0.5718434420481058,57.2,🟡 Medium Risk,34160.0,1720
10.842341802819034,9.357121103184378,3.63,2.0,3.12,False,False,False,False,False,False,False,False,False,False,False,False,False,False,False,False,False,True,False,False,False,Derrick Operators; Oil and Gas,0.7871502340592821,78.7,🔴 High Risk,51140.0,11580
10.953277176506669,9.76428295481558,3.38,2.63,3.25,False,False,False,False,False,False,False,False,False,False,False,False,False,False,False,False,False,True,False,False,False,Rotary Drill Operators; Oil and Gas,0.6036506844024736,60.4,🟡 Medium Risk,57140.0,17400
10.887829379231441,10.666417292697274,3.12,2.38,3.25,False,False,False,False,False,False,False,False,False,False,False,False,False,False,False,False,False,True,False,False,False,Service Unit Operators; Oil; Gas; and Mining,0.8120627035725269,81.2,🔴 High Risk,53520.0,42890
10.871440510734077,9.395241931033524,3.38,2.25,3.12,False,False,False,False,False,False,False,False,False,False,False,False,False,False,False,False,False,True,False,False,False,Continuous Mining Machine Operators,0.704160410179458,70.4,🔴 High Risk,52650.0,12030
10.459124004835836,8.235095497258357,3.38,1.88,2.62,False,False,False,False,False,False,False,False,False,False,False,False,False,False,False,False,False,True,False,False,False,Rock Splitters; Quarry,0.8994548089938735,89.9,🔴 High Risk,34860.0,3770
10.608588007213532,10.845270577171219,3.0,2.12,2.25,False,False,False,False,False,False,False,False,False,False,False,False,False,False,False,False,False,True,False,False,False,Roustabouts; Oil and Gas,0.7918385481434554,79.2,🔴 High Risk,40480.0,51290
10.52301510322231,9.779114097696372,3.25,2.25,2.88,False,False,False,False,False,False,False,False,False,False,False,False,False,False,False,False,False,True,False,False,False,HelpersExtraction Workers,0.6661481328861931,66.6,🟡 Medium Risk,37160.0,17660
11.108424891548891,13.024377821972056,3.0,3.38,3.88,False,False,False,False,False,False,False,False,False,False,False,False,False,False,False,False,False,False,True,False,False,First-Line Supervisors of Mechanics; Installers; and Repairers,0.05430568038866589,5.4,🟢 Low Risk,66730.0,453330
10.581800244137618,11.534403159146459,3.12,2.88,3.12,False,False,False,False,False,False,False,False,False,False,False,False,False,False,False,False,False,False,True,False,False,Computer; Automated Teller; and Office Machine Repairers,0.7089108507473664,70.9,🔴 High Risk,39410.0,102170
10.889696061373598,9.555418330069251,2.88,2.88,3.12,False,False,False,False,False,False,False,False,False,False,False,False,False,False,False,False,False,False,True,False,False,Radio; Cellular; and Tower Equipment Installers and Repairs,0.7835632704338988,78.4,🔴 High Risk,53620.0,14120
10.906341227535142,12.33898947434904,3.25,3.0,3.75,False,False,False,False,False,False,False,False,False,False,False,False,False,False,False,False,False,False,True,False,False,Telecommunications Equipment Installers and Repairers; Except Line Installers,0.31505152958152965,31.5,🟢 Low Risk,54520.0,228430
11.025018523586803,9.760252084449375,3.25,2.75,3.75,False,False,False,False,False,False,False,False,False,False,False,False,False,False,False,False,False,False,True,False,False,Avionics Technicians,0.5578646391795412,55.8,🟡 Medium Risk,61390.0,17330
10.70819846893854,9.743964132018151,3.75,2.88,3.38,False,False,False,False,False,False,False,False,False,False,False,False,False,False,False,False,False,False,True,False,False,Electric Motor; Power Tool; and Related Repairers,0.7293077587973872,72.9,🔴 High Risk,44720.0,17050
10.999446323738674,9.544023006988647,3.12,2.25,3.0,False,False,False,False,False,False,False,False,False,False,False,False,False,False,False,False,False,False,True,False,False,Electrical and Electronics Installers and Repairers; Transportation Equipment,0.7620206290532641,76.2,🔴 High Risk,59840.0,13960
10.950648639613158,11.11826675682705,3.75,3.0,3.75,False,False,False,False,False,False,False,False,False,False,False,False,False,False,False,False,False,False,True,False,False,Electrical and Electronics Repairers; Commercial and Industrial Equipment,0.4152300665095918,41.5,🟡 Medium Risk,56990.0,67390
11.219104588559038,10.045898158017241,3.12,3.0,3.38,False,False,False,False,False,False,False,False,False,False,False,False,False,False,False,False,False,False,True,False,False,Electrical and Electronics Repairers; Powerhouse; Substation; and Relay,0.39791000328778936,39.8,🟡 Medium Risk,74540.0,23060
10.440010162389305,9.371693622333941,3.25,2.88,3.12,False,False,False,False,False,False,False,False,False,False,False,False,False,False,False,False,False,False,True,False,False,Electronic Equipment Installers and Repairers; Motor Vehicles,0.6378584616962357,63.8,🟡 Medium Risk,34200.0,11750
10.580022511040418,10.14843173380919,3.0,2.88,3.5,False,False,False,False,False,False,False,False,False,False,False,False,False,False,False,False,False,False,True,False,False,Electronic Home Entertainment Equipment Installers and Repairers,0.6750090358186119,67.5,🟡 Medium Risk,39340.0,25550
10.72899982085141,11.12285622984002,3.12,2.75,3.5,False,False,False,False,False,False,False,False,False,False,False,False,False,False,False,False,False,False,True,False,False,Security and Fire Alarm Systems Installers,0.7220526460682799,72.2,🔴 High Risk,45660.0,67700
11.021755398862679,11.764236559912245,4.0,2.88,4.12,False,False,False,False,False,False,False,False,False,False,False,False,False,False,False,False,False,False,True,False,False,Aircraft Mechanics and Service Technicians,0.5210597585377583,52.1,🟡 Medium Risk,61190.0,128570
10.71843192346452,11.877158772376832,3.25,2.38,3.0,False,False,False,False,False,False,False,False,False,False,False,False,False,False,False,False,False,False,True,False,False,Automotive Body and Related Repairers,0.8383401324736925,83.8,🔴 High Risk,45180.0,143940
10.495183233934963,9.831508082743964,3.0,2.0,2.75,False,False,False,False,False,False,False,False,False,False,False,False,False,False,False,False,False,False,True,False,False,Automotive Glass Installers and Repairers,0.7198395445789938,72.0,🔴 High Risk,36140.0,18610
10.63106031411106,13.380690271881736,3.75,3.0,3.75,False,False,False,False,False,False,False,False,False,False,False,False,False,False,False,False,False,False,True,False,False,Automotive Service Technicians and Mechanics,0.5244569158249159,52.4,🟡 Medium Risk,41400.0,647380
10.75173496195892,12.446195233715256,3.25,2.75,3.38,False,False,False,False,False,False,False,False,False,False,False,False,False,False,False,False,False,False,True,False,False,Bus and Truck Mechanics and Diesel Engine Specialists,0.6607937290928778,66.1,🟡 Medium Risk,46710.0,254280
10.579259656911983,10.466269750670861,3.5,2.12,3.62,False,False,False,False,False,False,False,False,False,False,False,False,False,False,False,False,False,False,True,False,False,Farm Equipment Mechanics and Service Technicians,0.7688736918593706,76.9,🔴 High Risk,39310.0,35110
10.835868145559232,11.724571168644596,4.0,2.88,3.38,False,False,False,False,False,False,False,False,False,False,False,False,False,False,False,False,False,False,True,False,False,Mobile Heavy Equipment Mechanics; Except Engines,0.5649023099380489,56.5,🟡 Medium Risk,50810.0,123570
10.889136422512594,10.002925564742185,3.75,2.12,3.38,False,False,False,False,False,False,False,False,False,False,False,False,False,False,False,False,False,False,True,False,False,Rail Car Repairers,0.7558185710329998,75.6,🔴 High Risk,53590.0,22090
10.617931341885154,9.91645313492615,3.0,2.0,3.12,False,False,False,False,False,False,False,False,False,False,False,False,False,False,False,False,False,False,True,False,False,Motorboat Mechanics and Service Technicians,0.7734102642118288,77.3,🔴 High Risk,40860.0,20260
10.519780686235853,9.680406499268875,3.75,3.0,3.12,False,False,False,False,False,False,False,False,False,False,False,False,False,False,False,False,False,False,True,False,False,Motorcycle Mechanics,0.7004436921944184,70.0,🔴 High Risk,37040.0,16000
10.472232966887885,10.4048990016915,3.12,2.12,3.0,False,False,False,False,False,False,False,False,False,False,False,False,False,False,False,False,False,False,True,False,False,Outdoor Power Equipment and Other Small Engine Mechanics,0.8768059555952376,87.7,🔴 High Risk,35320.0,33020
10.25839593702714,9.438352054687252,3.38,2.38,3.0,False,False,False,False,False,False,False,False,False,False,False,False,False,False,False,False,False,False,True,False,False,Bicycle Repairers,0.8889503410578555,88.9,🔴 High Risk,28520.0,12560
10.54641980443157,9.511999311358759,3.12,2.62,3.5,False,False,False,False,False,False,False,False,False,False,False,False,False,False,False,False,False,False,True,False,False,Recreational Vehicle Service Technicians,0.78923863125653,78.9,🔴 High Risk,38040.0,13520
10.209169157096309,11.602318171010516,3.12,2.0,2.12,False,False,False,False,False,False,False,False,False,False,False,False,False,False,False,False,False,False,True,False,False,Tire Repairers and Changers,0.7301159659503209,73.0,🔴 High Risk,27150.0,109350
10.607104730879188,9.895505782794471,3.38,2.0,3.12,False,False,False,False,False,False,False,False,False,False,False,False,False,False,False,False,False,False,True,False,False,Mechanical Door Repairers,0.8290941073969258,82.9,🔴 High Risk,40420.0,19840
10.936333900428618,10.730750330040017,3.12,2.75,3.12,False,False,False,False,False,False,False,False,False,False,False,False,False,False,False,False,False,False,True,False,False,Control and Valve Installers and Repairers; Except Mechanical Door,0.6097220223586831,61.0,🟡 Medium Risk,56180.0,45740
10.785621527758789,12.59381835491392,3.12,2.62,3.75,False,False,False,False,False,False,False,False,False,False,False,False,False,False,False,False,False,False,True,False,False,Heating; Air Conditioning; and Refrigeration Mechanics and Installers,0.6559637091872924,65.6,🟡 Medium Risk,48320.0,294730
10.606362266854584,10.41873339273561,3.38,2.12,3.25,False,False,False,False,False,False,False,False,False,False,False,False,False,False,False,False,False,False,True,False,False,Home Appliance Repairers,0.817591790226326,81.8,🔴 High Risk,40390.0,33480
10.856900643712033,12.720365252358855,3.62,2.88,3.5,False,False,False,False,False,False,False,False,False,False,False,False,False,False,False,False,False,False,True,False,False,Industrial Machinery Mechanics,0.6104743410293408,61.0,🟡 Medium Risk,51890.0,334490
10.736418414365376,11.40345652126786,3.0,2.0,3.0,False,False,False,False,False,False,False,False,False,False,False,False,False,False,False,False,False,False,True,False,False,Maintenance Workers; Machinery,0.797027572907601,79.7,🔴 High Risk,46000.0,89630
10.895831506195684,10.588375721156378,4.0,2.5,3.0,False,False,False,False,False,False,False,False,False,False,False,False,False,False,False,False,False,False,True,False,False,Millwrights,0.6952341447226146,69.5,🟡 Medium Risk,53950.0,39670
10.757924157061597,7.340186835320115,3.25,1.88,3.0,False,False,False,False,False,False,False,False,False,False,False,False,False,False,False,False,False,False,True,False,False,Refractory Materials Repairers; Except Brickmasons,0.8284900515475341,82.8,🔴 High Risk,47000.0,1540
11.114848000895991,11.675647873764687,3.38,2.75,3.0,False,False,False,False,False,False,False,False,False,False,False,False,False,False,False,False,False,False,True,False,False,Electrical Power-Line Installers and Repairers,0.3239370934385251,32.4,🟢 Low Risk,67160.0,117670
10.909637269778615,11.513735137097267,3.12,2.12,3.0,False,False,False,False,False,False,False,False,False,False,False,False,False,False,False,False,False,False,True,False,False,Telecommunications Line Installers and Repairers,0.6780104131231826,67.8,🟡 Medium Risk,54700.0,100080
10.69014784459452,8.232440158470336,3.25,2.62,3.38,False,False,False,False,False,False,False,False,False,False,False,False,False,False,False,False,False,False,True,False,False,Camera and Photographic Equipment Repairers,0.8063546533784828,80.6,🔴 High Risk,43920.0,3760
10.837834289209853,10.677546293976553,3.12,2.88,3.75,False,False,False,False,False,False,False,False,False,False,False,False,False,False,False,False,False,False,True,False,False,Medical Equipment Repairers,0.37938565453267986,37.9,🟡 Medium Risk,50910.0,43370
10.537176618145875,8.984818995876008,3.88,2.75,3.62,False,False,False,False,False,False,False,False,False,False,False,False,False,False,False,False,False,False,True,False,False,Musical Instrument Repairers and Tuners,0.7547896911655048,75.5,🔴 High Risk,37690.0,7980
10.589635294075828,7.390798521735676,3.12,2.62,3.0,False,False,False,False,False,False,False,False,False,False,False,False,False,False,False,False,False,False,True,False,False,Watch Repairers,0.8717287980714449,87.2,🔴 High Risk,39720.0,1620
10.580530757347516,14.102553176008657,3.38,2.38,3.12,False,False,False,False,False,False,False,False,False,False,False,False,False,False,False,False,False,False,True,False,False,Maintenance and Repair Workers; General,0.8461191868697359,84.6,🔴 High Risk,39360.0,1332480
10.459124004835836,10.422311107413181,3.12,2.0,2.88,False,False,False,False,False,False,False,False,False,False,False,False,False,False,False,False,False,False,True,False,False,Coin; Vending; and Amusement Machine Servicers and Repairers,0.8794227393074584,87.9,🔴 High Risk,34860.0,33600
10.896572644989313,8.12296471523406,3.12,2.88,3.75,False,False,False,False,False,False,False,False,False,False,False,False,False,False,False,False,False,False,True,False,False,Commercial Divers,0.3137208783068784,31.4,🟢 Low Risk,53990.0,3370
10.649725161670181,9.833118734869245,3.12,2.12,3.12,False,False,False,False,False,False,False,False,False,False,False,False,False,False,False,False,False,False,True,False,False,Locksmiths and Safe Repairers,0.7849976898465982,78.5,🔴 High Risk,42180.0,18640
10.342741983800368,8.071218539969863,3.5,2.88,3.25,False,False,False,False,False,False,False,False,False,False,False,False,False,False,False,False,False,False,True,False,False,Manufactured Building and Mobile Home Installers,0.4627988777616515,46.3,🟡 Medium Risk,31030.0,3200
10.800208030113406,9.953277217038643,3.12,2.25,3.0,False,False,False,False,False,False,False,False,False,False,False,False,False,False,False,False,False,False,True,False,False,Riggers,0.7430085524272182,74.3,🔴 High Risk,49030.0,21020
11.046292149829952,9.068892008391808,3.38,2.0,3.38,False,False,False,False,False,False,False,False,False,False,False,False,False,False,False,False,False,False,True,False,False,Signal and Track Switch Repairers,0.8035502334809371,80.4,🔴 High Risk,62710.0,8680
10.287763071961688,11.684531481546326,3.12,2.0,2.75,False,False,False,False,False,False,False,False,False,False,False,False,False,False,False,False,False,False,True,False,False,HelpersInstallation; Maintenance; and Repair Workers,0.8384232197967342,83.8,🔴 High Risk,29370.0,118720
11.025995388254772,13.322002450017473,2.88,3.62,3.75,False,False,False,False,False,False,False,False,False,False,False,False,False,False,False,False,False,False,False,True,False,First-Line Supervisors of Production and Operating Workers,0.07091218523286809,7.1,🟢 Low Risk,61450.0,610480
10.86915875050772,10.645686767736345,3.25,2.5,3.12,False,False,False,False,False,False,False,False,False,False,False,False,False,False,False,False,False,False,False,True,False,Aircraft Structure; Surfaces; Rigging; and Systems Assemblers,0.8004550618498834,80.0,🔴 High Risk,52530.0,42010
10.472799042021169,9.553291574695105,3.12,0.88,2.88,False,False,False,False,False,False,False,False,False,False,False,False,False,False,False,False,False,False,False,True,False,Coil Winders; Tapers; and Finishers,0.5996762406222854,60.0,🟡 Medium Risk,35340.0,14090
10.425282789490705,12.294683159884478,3.12,2.0,3.0,False,False,False,False,False,False,False,False,False,False,False,False,False,False,False,False,False,False,False,True,False,Electrical and Electronic Equipment Assemblers,0.9053382984702256,90.5,🔴 High Risk,33700.0,218530
10.474777785317189,10.726368298094252,3.25,2.0,2.88,False,False,False,False,False,False,False,False,False,False,False,False,False,False,False,False,False,False,False,True,False,Electromechanical Equipment Assemblers,0.895557152834985,89.6,🔴 High Risk,35410.0,45540
10.67106943758126,10.549307248688857,3.25,2.0,3.0,False,False,False,False,False,False,False,False,False,False,False,False,False,False,False,False,False,False,False,True,False,Engine and Other Machine Assemblers,0.8469351883197549,84.7,🔴 High Risk,43090.0,38150
10.596659732783579,11.255074002477121,3.0,1.12,2.38,False,False,False,False,False,False,False,False,False,False,False,False,False,False,False,False,False,False,False,True,False,Structural Metal Fabricators and Fitters,0.5675747907375599,56.8,🟡 Medium Risk,40000.0,77270
10.39056336913101,13.92237284539816,3.12,2.12,2.88,False,False,False,False,False,False,False,False,False,False,False,False,False,False,False,False,False,False,False,True,False,Team Assemblers,0.9298468911832193,93.0,🔴 High Risk,32550.0,1112780
10.207694828570066,12.103214551756881,3.0,2.88,2.88,False,False,False,False,False,False,False,False,False,False,False,False,False,False,False,False,False,False,False,True,False,Bakers,0.8090643613232319,80.9,🔴 High Risk,27110.0,180450
10.365364499570234,11.804706624672928,3.25,2.0,3.0,False,False,False,False,False,False,False,False,False,False,False,False,False,False,False,False,False,False,False,True,False,Butchers and Meat Cutters,0.9043147281256917,90.4,🔴 High Risk,31740.0,133880
10.146865010681147,11.917063025610398,2.75,2.12,2.88,False,False,False,False,False,False,False,False,False,False,False,False,False,False,False,False,False,False,False,True,False,Meat; Poultry; and Fish Cutters and Trimmers,0.8851449383718911,88.5,🔴 High Risk,25510.0,149800
10.205109511721595,11.299497068342589,3.0,0.88,1.88,False,False,False,False,False,False,False,False,False,False,False,False,False,False,False,False,False,False,False,True,False,Slaughterers and Meat Packers,0.5392329894179896,53.9,🟡 Medium Risk,27040.0,80780
10.340806561758198,9.90752937336246,3.0,2.12,3.0,False,False,False,False,False,False,False,False,False,False,False,False,False,False,False,False,False,False,False,True,False,Food and Tobacco Roasting; Baking; and Drying Machine Operators and Tenders,0.9001039684189698,90.0,🔴 High Risk,30970.0,20080
10.313309821085701,11.908616293393974,2.88,2.0,2.88,False,False,False,False,False,False,False,False,False,False,False,False,False,False,False,False,False,False,False,True,False,Food Batchmakers,0.8536523641157708,85.4,🔴 High Risk,30130.0,148540
10.319925570795222,10.505642716590316,2.5,1.5,2.38,False,False,False,False,False,False,False,False,False,False,False,False,False,False,False,False,False,False,False,True,False,Food Cooking Machine Operators and Tenders,0.6980290490369163,69.8,🟡 Medium Risk,30330.0,36520
10.472799042021169,11.18387958457714,3.0,1.62,2.88,False,False,False,False,False,False,False,False,False,False,False,False,False,False,False,False,False,False,False,True,False,Extruding and Drawing Machine Setters; Operators; and Tenders; Metal and Plastic,0.8687633008229615,86.9,🔴 High Risk,35340.0,71960
10.563879076356082,9.860632242229698,3.0,2.0,3.0,False,False,False,False,False,False,False,False,False,False,False,False,False,False,False,False,False,False,False,True,False,Forging Machine Setters; Operators; and Tenders; Metal and Plastic,0.8701123813284818,87.0,🔴 High Risk,38710.0,19160
10.643064971973882,10.277152348094495,3.0,2.12,3.0,False,False,False,False,False,False,False,False,False,False,False,False,False,False,False,False,False,False,False,True,False,Rolling Machine Setters; Operators; and Tenders; Metal and Plastic,0.8564821005993482,85.6,🔴 High Risk,41900.0,29060
10.440302508763368,12.169413847867123,3.0,2.0,3.0,False,False,False,False,False,False,False,False,False,False,False,False,False,False,False,False,False,False,False,True,False,Cutting; Punching; and Press Machine Setters; Operators; and Tenders; Metal and Plastic,0.879082372746661,87.9,🔴 High Risk,34210.0,192800
10.568260978408226,9.416622566214981,3.12,2.0,3.0,False,False,False,False,False,False,False,False,False,False,False,False,False,False,False,False,False,False,False,True,False,Drilling and Boring Machine Tool Setters; Operators; and Tenders; Metal and Plastic,0.8868863084252567,88.7,🔴 High Risk,38880.0,12290
10.460843646427818,11.219909190927746,3.12,1.88,2.75,False,False,False,False,False,False,False,False,False,False,False,False,False,False,False,False,False,False,False,True,False,Grinding; Lapping; Polishing; and Buffing Machine Tool Setters; Operators; and Tenders; Metal and Plastic,0.9004790933060718,90.0,🔴 High Risk,34920.0,74600
10.587366919275157,10.42972382000155,3.12,2.0,2.75,False,False,False,False,False,False,False,False,False,False,False,False,False,False,False,False,False,False,False,True,False,Lathe and Turning Machine Tool Setters; Operators; and Tenders; Metal and Plastic,0.8561323041207433,85.6,🔴 High Risk,39630.0,33850
10.625732263919769,9.773435813175855,3.25,2.0,3.0,False,False,False,False,False,False,False,False,False,False,False,False,False,False,False,False,False,False,False,True,False,Milling and Planing Machine Setters; Operators; and Tenders; Metal and Plastic,0.8814569903580116,88.1,🔴 High Risk,41180.0,17560
10.674081767229582,12.876772254009332,3.12,2.88,3.12,False,False,False,False,False,False,False,False,False,False,False,False,False,False,False,False,False,False,False,True,False,Machinists,0.7682344028612894,76.8,🔴 High Risk,43220.0,391120
10.641631999026805,9.783069799056989,3.25,2.0,3.0,False,False,False,False,False,False,False,False,False,False,False,False,False,False,False,False,False,False,False,True,False,Metal-Refining Furnace Operators and Tenders,0.8598280290769887,86.0,🔴 High Risk,41840.0,17730
10.526775414924009,9.054972284742485,3.0,1.88,3.0,False,False,False,False,False,False,False,False,False,False,False,False,False,False,False,False,False,False,False,True,False,Pourers and Casters; Metal,0.8491146831665538,84.9,🔴 High Risk,37300.0,8560
10.826972344990523,8.740496729931813,3.38,2.88,3.25,False,False,False,False,False,False,False,False,False,False,False,False,False,False,False,False,False,False,False,True,False,Model Makers; Metal and Plastic,0.8619582639290534,86.2,🔴 High Risk,50360.0,6250
10.7030422005086,8.137688184977605,3.0,2.62,3.0,False,False,False,False,False,False,False,False,False,False,False,False,False,False,False,False,False,False,False,True,False,Patternmakers; Metal and Plastic,0.8815573833009293,88.2,🔴 High Risk,44490.0,3420
10.49213495800589,9.458059455856434,3.62,1.38,2.5,False,False,False,False,False,False,False,False,False,False,False,False,False,False,False,False,False,False,False,True,False,Foundry Mold and Coremakers,0.7030254495029594,70.3,🔴 High Risk,36030.0,12810
10.39393698454929,11.888350521721733,3.0,2.25,2.62,False,False,False,False,False,False,False,False,False,False,False,False,False,False,False,False,False,False,False,True,False,Molding; Coremaking; and Casting Machine Setters; Operators; and Tenders; Metal and Plastic,0.908481331713496,90.8,🔴 High Risk,32660.0,145560
10.49656574811856,11.672498559754418,3.38,2.12,3.12,False,False,False,False,False,False,False,False,False,False,False,False,False,False,False,False,False,False,False,True,False,Multiple Machine Tool Setters; Operators; and Tenders; Metal and Plastic,0.8679632220845712,86.8,🔴 High Risk,36190.0,117300
10.851490107044963,11.187347667846776,3.12,2.62,3.12,False,False,False,False,False,False,False,False,False,False,False,False,False,False,False,False,False,False,False,True,False,Tool and Die Makers,0.815205920219991,81.5,🔴 High Risk,51610.0,72210
10.65610574858806,12.855087671530113,2.88,2.12,2.38,False,False,False,False,False,False,False,False,False,False,False,False,False,False,False,False,False,False,False,True,False,Welders; Cutters; Solderers; and Brazers,0.8747432766174014,87.5,🔴 High Risk,42450.0,382730
10.555317824459362,10.756220615413271,3.12,1.88,3.0,False,False,False,False,False,False,False,False,False,False,False,False,False,False,False,False,False,False,False,True,False,Welding; Soldering; and Brazing Machine Setters; Operators; and Tenders,0.8143315905898618,81.4,🔴 High Risk,38380.0,46920
10.57159893662485,9.892477160016076,3.12,1.88,3.0,False,False,False,False,False,False,False,False,False,False,False,False,False,False,False,False,False,False,False,True,False,Heat Treating Equipment Setters; Operators; and Tenders; Metal and Plastic,0.869944557367412,87.0,🔴 High Risk,39010.0,19780
10.77312683156647,9.112837790614945,3.12,2.25,3.12,False,False,False,False,False,False,False,False,False,False,False,False,False,False,False,False,False,False,False,True,False,Layout Workers; Metal and Plastic,0.8401731471381013,84.0,🔴 High Risk,47720.0,9070
10.424986018358423,10.47928597812618,3.25,2.25,2.75,False,False,False,False,False,False,False,False,False,False,False,False,False,False,False,False,False,False,False,True,False,Plating and Coating Machine Setters; Operators; and Tenders; Metal and Plastic,0.9121610219052193,91.2,🔴 High Risk,33690.0,35570
10.567746456002288,9.164401140034737,3.62,2.0,2.75,False,False,False,False,False,False,False,False,False,False,False,False,False,False,False,False,False,False,False,True,False,Tool Grinders; Filers; and Sharpeners,0.8843128789743079,88.4,🔴 High Risk,38860.0,9550
10.612532688248846,10.414543149856174,2.75,3.0,3.0,False,False,False,False,False,False,False,False,False,False,False,False,False,False,False,False,False,False,False,True,False,Prepress Technicians and Workers,0.7143418541280764,71.4,🔴 High Risk,40640.0,33340
10.531055670783255,12.043030049531263,3.12,2.38,3.12,False,False,False,False,False,False,False,False,False,False,False,False,False,False,False,False,False,False,False,True,False,Printing Press Operators,0.835395097664832,83.5,🔴 High Risk,37460.0,169910
10.412441425669323,10.872958796881008,3.12,2.38,3.0,False,False,False,False,False,False,False,False,False,False,False,False,False,False,False,False,False,False,False,True,False,Print Binding and Finishing Workers,0.9127457985466486,91.3,🔴 High Risk,33270.0,52730
10.052381583217564,12.243902969463264,2.88,1.75,2.38,False,False,False,False,False,False,False,False,False,False,False,False,False,False,False,False,False,False,False,True,False,Laundry and Dry-Cleaning Workers,0.7978368075535601,79.8,🔴 High Risk,23210.0,207710
10.01104066270085,10.7177677069941,3.0,1.25,2.25,False,False,False,False,False,False,False,False,False,False,False,False,False,False,False,False,False,False,False,True,False,Pressers; Textile; Garment; and Related Materials,0.731573481799039,73.2,🔴 High Risk,22270.0,45150
10.159330600013353,11.845827048676645,3.25,1.25,2.12,False,False,False,False,False,False,False,False,False,False,False,False,False,False,False,False,False,False,False,True,False,Sewing Machine Operators,0.7721526553280159,77.2,🔴 High Risk,25830.0,139500
10.167427498042906,8.95944014361693,3.12,1.5,2.88,False,False,False,False,False,False,False,False,False,False,False,False,False,False,False,False,False,False,False,True,False,Shoe and Leather Workers and Repairers,0.656403270027483,65.6,🟡 Medium Risk,26040.0,7780
10.18606913959895,8.160803920954665,3.0,1.88,2.5,False,False,False,False,False,False,False,False,False,False,False,False,False,False,False,False,False,False,False,True,False,Shoe Machine Operators and Tenders,0.9067271075383823,90.7,🔴 High Risk,26530.0,3500
10.151557835374197,8.785845337961213,3.88,2.25,2.12,False,False,False,False,False,False,False,False,False,False,False,False,False,False,False,False,False,False,False,True,False,Sewers; Hand,0.8624770773345635,86.2,🔴 High Risk,25630.0,6540
10.331072861728375,9.983268687540978,3.25,3.0,3.0,False,False,False,False,False,False,False,False,False,False,False,False,False,False,False,False,False,False,False,True,False,Tailors; Dressmakers; and Custom Sewers,0.7599366958462502,76.0,🔴 High Risk,30670.0,21660
10.256992477269039,9.292933670280036,3.12,2.0,2.75,False,False,False,False,False,False,False,False,False,False,False,False,False,False,False,False,False,False,False,True,False,Textile Bleaching and Dyeing Machine Operators and Tenders,0.9163545577954646,91.6,🔴 High Risk,28480.0,10860
10.234983140444118,9.618535084655214,3.0,2.0,2.75,False,False,False,False,False,False,False,False,False,False,False,False,False,False,False,False,False,False,False,True,False,Textile Cutting Machine Setters; Operators; and Tenders,0.9022993892474578,90.2,🔴 High Risk,27860.0,15040
10.253475186175006,9.978177498167572,3.12,1.5,2.25,False,False,False,False,False,False,False,False,False,False,False,False,False,False,False,False,False,False,False,True,False,Textile Knitting and Weaving Machine Setters; Operators; and Tenders,0.7148018998122551,71.5,🔴 High Risk,28380.0,21550
10.243916237796457,10.32025521214842,3.38,2.0,3.0,False,False,False,False,False,False,False,False,False,False,False,False,False,False,False,False,False,False,False,True,False,Textile Winding; Twisting; and Drawing Out Machine Setters; Operators; and Tenders,0.9008871447403446,90.1,🔴 High Risk,28110.0,30340
10.47506014357522,9.86998247397873,3.25,2.12,3.0,False,False,False,False,False,False,False,False,False,False,False,False,False,False,False,False,False,False,False,True,False,Extruding and Forming Machine Setters; Operators; and Tenders; Synthetic and Glass Fibers,0.8978838173404398,89.8,🔴 High Risk,35420.0,19340
10.788514629733339,8.577535420422398,2.88,3.88,3.38,False,False,False,False,False,False,False,False,False,False,False,False,False,False,False,False,False,False,False,True,False,Fabric and Apparel Patternmakers,0.03393154525311097,3.4,🟢 Low Risk,48460.0,5310
10.452793230619966,10.389641313496469,3.88,3.0,3.12,False,False,False,False,False,False,False,False,False,False,False,False,False,False,False,False,False,False,False,True,False,Upholsterers,0.5948447951489458,59.5,🟡 Medium Risk,34640.0,32520
10.457401400981889,11.492528861305006,3.88,2.88,3.0,False,False,False,False,False,False,False,False,False,False,False,False,False,False,False,False,False,False,False,True,False,Cabinetmakers and Bench Carpenters,0.7803558597179667,78.0,🔴 High Risk,34800.0,97980
10.383781801264941,9.762557428101923,3.75,2.88,3.12,False,False,False,False,False,False,False,False,False,False,False,False,False,False,False,False,False,False,False,True,False,Furniture Finishers,0.7945293371138805,79.5,🔴 High Risk,32330.0,17370
10.768084910001393,6.947937068614969,3.25,3.0,3.0,False,False,False,False,False,False,False,False,False,False,False,False,False,False,False,False,False,False,False,True,False,Model Makers; Wood,0.807909154184041,80.8,🔴 High Risk,47480.0,1040
10.775847295304315,6.878326468291325,4.0,2.5,3.12,False,False,False,False,False,False,False,False,False,False,False,False,False,False,False,False,False,False,False,True,False,Patternmakers; Wood,0.8461419308644581,84.6,🔴 High Risk,47850.0,970
10.307651814911244,10.832516803858471,3.0,1.75,2.75,False,False,False,False,False,False,False,False,False,False,False,False,False,False,False,False,False,False,False,True,False,Sawing Machine Setters; Operators; and Tenders; Wood,0.8708714105686244,87.1,🔴 High Risk,29960.0,50640
10.303973619097128,11.240210819640234,3.25,2.0,2.88,False,False,False,False,False,False,False,False,False,False,False,False,False,False,False,False,False,False,False,True,False,Woodworking Machine Setters; Operators; and Tenders; Except Sawing,0.9058433328944907,90.6,🔴 High Risk,29850.0,76130
11.422683420444104,8.877800393882575,2.0,3.0,4.0,False,False,False,False,False,False,False,False,False,False,False,False,False,False,False,False,False,False,False,True,False,Nuclear Power Reactor Operators,0.6172326952380955,61.7,🟡 Medium Risk,91370.0,7170
11.308370569092329,9.33970057728189,1.75,2.75,3.75,False,False,False,False,False,False,False,False,False,False,False,False,False,False,False,False,False,False,False,True,False,Power Distributors and Dispatchers,0.7340096111111114,73.4,🔴 High Risk,81500.0,11380
11.209127560632263,10.463417576808427,3.0400000000000005,2.583333333333333,3.33,False,False,False,False,False,False,False,False,False,False,False,False,False,False,False,False,False,False,False,True,False,Power Plant Operators,0.7738250229003356,77.4,🔴 High Risk,73800.0,35010
11.025344251183697,10.425876067666572,3.12,2.25,3.12,False,False,False,False,False,False,False,False,False,False,False,False,False,False,False,False,False,False,False,True,False,Stationary Engineers and Boiler Operators,0.8374269028831121,83.7,🔴 High Risk,61410.0,33720
10.777517755695682,11.659973840178967,3.0,2.38,3.0,False,False,False,False,False,False,False,False,False,False,False,False,False,False,False,False,False,False,False,True,False,Water and Wastewater Treatment Plant and System Operators,0.729742923947844,73.0,🔴 High Risk,47930.0,115840
10.992571254737735,10.413342705547674,3.0,2.0,3.5,False,False,False,False,False,False,False,False,False,False,False,False,False,False,False,False,False,False,False,True,False,Chemical Plant and System Operators,0.8286354137127091,82.9,🔴 High Risk,59430.0,33300
11.126983533350797,9.761405420601672,2.88,2.75,3.25,False,False,False,False,False,False,False,False,False,False,False,False,False,False,False,False,False,False,False,True,False,Gas Plant Operators,0.5937019528580103,59.4,🟡 Medium Risk,67980.0,17350
11.125364123639649,10.63660036103912,3.0,2.38,3.5,False,False,False,False,False,False,False,False,False,False,False,False,False,False,False,False,False,False,False,True,False,Petroleum Pump System Operators; Refinery Operators; and Gaugers,0.7853621014826689,78.5,🔴 High Risk,67870.0,41630
10.921269323289689,9.39024233725137,3.25,2.75,3.12,False,False,False,False,False,False,False,False,False,False,False,False,False,False,False,False,False,False,False,True,False,Plant and System Operators; All Other,0.749746202817493,75.0,🔴 High Risk,55340.0,11970
10.825780236605917,11.209669411880263,3.0,2.0,3.0,False,False,False,False,False,False,False,False,False,False,False,False,False,False,False,False,False,False,False,True,False,Chemical Equipment Operators and Tenders,0.783477671973512,78.3,🔴 High Risk,50300.0,73840
10.63226728572478,10.761322558837014,3.0,2.12,3.0,False,False,False,False,False,False,False,False,False,False,False,False,False,False,False,False,False,False,False,True,False,Separating; Filtering; Clarifying; Precipitating; and Still Machine Setters; Operators; and Tenders,0.8506565269627369,85.1,🔴 High Risk,41450.0,47160
10.492689881579409,10.303303400245593,3.12,1.75,3.0,False,False,False,False,False,False,False,False,False,False,False,False,False,False,False,False,False,False,False,True,False,Crushing; Grinding; and Polishing Machine Setters; Operators; and Tenders,0.8967569488576478,89.7,🔴 High Risk,36050.0,29830
10.33724852979914,10.191332111786215,3.38,2.0,2.62,False,False,False,False,False,False,False,False,False,False,False,False,False,False,False,False,False,False,False,True,False,Grinding and Polishing Workers; Hand,0.9213980550956906,92.1,🔴 High Risk,30860.0,26670
10.535583457775974,11.778982901275336,3.0,2.0,2.88,False,False,False,False,False,False,False,False,False,False,False,False,False,False,False,False,False,False,False,True,False,Mixing and Blending Machine Setters; Operators; and Tenders,0.8323953079782324,83.2,🔴 High Risk,37630.0,130480
10.294887542319458,9.564582358673212,3.12,1.75,2.12,False,False,False,False,False,False,False,False,False,False,False,False,False,False,False,False,False,False,False,True,False,Cutters and Trimmers; Hand,0.7482220082588197,74.8,🔴 High Risk,29580.0,14250
10.434145214930487,11.02404070372108,3.12,2.0,2.75,False,False,False,False,False,False,False,False,False,False,False,False,False,False,False,False,False,False,False,True,False,Cutting and Slicing Machine Setters; Operators; and Tenders,0.8968562119310943,89.7,🔴 High Risk,34000.0,61330
10.444968464561736,11.174104472179522,3.12,2.0,2.75,False,False,False,False,False,False,False,False,False,False,False,False,False,False,False,False,False,False,False,True,False,Extruding; Forming; Pressing; and Compacting Machine Setters; Operators; and Tenders,0.9008256547105372,90.1,🔴 High Risk,34370.0,71260
10.534785924769006,9.879246088163093,2.88,1.12,3.0,False,False,False,False,False,False,False,False,False,False,False,False,False,False,False,False,False,False,False,True,False,Furnace; Kiln; Oven; Drier; and Kettle Operators and Tenders,0.5133568919632815,51.3,🟡 Medium Risk,37600.0,19520
10.60512360049198,13.159564745359495,3.0,2.0,3.25,False,False,False,False,False,False,False,False,False,False,False,False,False,False,False,False,False,False,False,True,False,Inspectors; Testers; Sorters; Samplers; and Weighers,0.892890181234564,89.3,🔴 High Risk,40340.0,518950
10.652802378509259,10.184182773688342,3.06,2.935,3.31,False,False,False,False,False,False,False,False,False,False,False,False,False,False,False,False,False,False,False,True,False,Jewelers and Precious Stone and Metal Workers,0.8659243267523478,86.6,🔴 High Risk,42310.0,26480
10.615481020892434,10.52166870060616,3.12,2.75,3.38,False,False,False,False,False,False,False,False,False,False,False,False,False,False,False,False,False,False,False,True,False,Dental Laboratory Technicians,0.862725182867679,86.3,🔴 High Risk,40760.0,37110
10.593655298987073,9.586788531013854,3.25,2.88,3.75,False,False,False,False,False,False,False,False,False,False,False,False,False,False,False,False,False,False,False,True,False,Medical Appliance Technicians,0.5722746599326601,57.2,🟡 Medium Risk,39880.0,14570
10.440594769696007,10.26014749636236,3.38,1.88,2.88,False,False,False,False,False,False,False,False,False,False,False,False,False,False,False,False,False,False,False,True,False,Ophthalmic Laboratory Technicians,0.9193735485358951,91.9,🔴 High Risk,34220.0,28570
10.338867386592495,12.864941479298142,3.5,2.25,2.25,False,False,False,False,False,False,False,False,False,False,False,False,False,False,False,False,False,False,False,True,False,Packaging and Filling Machine Operators and Tenders,0.9123782473178219,91.2,🔴 High Risk,30910.0,386520
10.37477161168151,9.645429005150419,2.88,2.0,2.62,False,False,False,False,False,False,False,False,False,False,False,False,False,False,False,False,False,False,False,True,False,Painting; Coating; and Decorating Workers,0.9055855829736972,90.6,🔴 High Risk,32040.0,15450
10.542468895852291,10.103608096692797,3.13,2.13,2.88,False,False,False,False,False,False,False,False,False,False,False,False,False,False,False,False,False,False,False,True,False,Semiconductor Processors,0.8604981389327774,86.0,🔴 High Risk,37890.0,24430
10.365364499570234,10.182292842675238,2.75,2.75,3.12,False,False,False,False,False,False,False,False,False,False,False,False,False,False,False,False,False,False,False,True,False,Photographic Process Workers and Processing Machine Operators,0.7715431933299322,77.2,🔴 High Risk,31740.0,26430
10.451926829595399,9.737491998340946,3.0,1.75,2.75,False,False,False,False,False,False,False,False,False,False,False,False,False,False,False,False,False,False,False,True,False,Adhesive Bonding Machine Operators and Tenders,0.8690835898961683,86.9,🔴 High Risk,34610.0,16940
10.328461127032336,9.790374843904484,2.88,1.5,2.12,False,False,False,False,False,False,False,False,False,False,False,False,False,False,False,False,False,False,False,True,False,Cleaning; Washing; and Metal Pickling Equipment Operators and Tenders,0.688037409768982,68.8,🟡 Medium Risk,30590.0,17860
10.376642461280849,9.008346579384707,3.12,2.38,3.25,False,False,False,False,False,False,False,False,False,False,False,False,False,False,False,False,False,False,False,True,False,Cooling and Freezing Equipment Operators and Tenders,0.9092498900230009,90.9,🔴 High Risk,32100.0,8170
10.445550181223961,9.161255164285691,3.38,2.5,3.12,False,False,False,False,False,False,False,False,False,False,False,False,False,False,False,False,False,False,False,True,False,Etchers and Engravers,0.9307558104718407,93.1,🔴 High Risk,34390.0,9520
10.39179145561983,10.58281467449521,3.5,2.8125,2.905,False,False,False,False,False,False,False,False,False,False,False,False,False,False,False,False,False,False,False,True,False,Molders; Shapers; and Casters; Except Metal and Plastic,0.8464893622253667,84.6,🔴 High Risk,32590.0,39450
10.560255977752359,11.441440204346033,3.0,2.12,2.88,False,False,False,False,False,False,False,False,False,False,False,False,False,False,False,False,False,False,False,True,False,Paper Goods Machine Setters; Operators; and Tenders,0.8400914697403314,84.0,🔴 High Risk,38570.0,93100
10.650909827496076,10.011489576337405,3.5,2.0,2.5,False,False,False,False,False,False,False,False,False,False,False,False,False,False,False,False,False,False,False,True,False,Tire Builders,0.8571502613909365,85.7,🔴 High Risk,42230.0,22280
10.201033318424798,12.971286967164044,3.12,1.88,2.0,False,False,False,False,False,False,False,False,False,False,False,False,False,False,False,False,False,False,False,True,False,HelpersProduction Workers,0.7393532678677689,73.9,🔴 High Risk,26930.0,429890
11.93669534712613,11.30861593474973,3.25,3.0,4.12,False,False,False,False,False,False,False,False,False,False,False,False,False,False,False,False,False,False,False,False,True,Airline Pilots; Copilots; and Flight Engineers,0.28293628048601965,28.3,🟢 Low Risk,152770.0,81520
11.365132862993436,10.57082962691412,3.12,3.0,4.0,False,False,False,False,False,False,False,False,False,False,False,False,False,False,False,False,False,False,False,False,True,Commercial Pilots,0.265287245117845,26.5,🟢 Low Risk,86260.0,38980
11.680141844155234,10.053673239300013,2.0,3.5,4.12,False,False,False,False,False,False,False,False,False,False,False,False,False,False,False,False,False,False,False,False,True,Air Traffic Controllers,0.11750782005762275,11.8,🟢 Low Risk,118200.0,23240
10.866299209135672,9.078065332666364,2.25,3.0,3.88,False,False,False,False,False,False,False,False,False,False,False,False,False,False,False,False,False,False,False,False,True,Airfield Operations Specialists,0.5042886645095648,50.4,🟡 Medium Risk,52380.0,8760
10.851683845421267,11.638597302046849,2.75,2.12,3.62,False,False,False,False,False,False,False,False,False,False,False,False,False,False,False,False,False,False,False,False,True,Flight Attendants,0.592791757354884,59.3,🟡 Medium Risk,51620.0,113390
10.150386692204734,9.758519582283522,2.88,2.0,3.38,False,False,False,False,False,False,False,False,False,False,False,False,False,False,False,False,False,False,False,False,True,Ambulance Drivers and Attendants; Except Emergency Medical Technicians,0.5841780720194388,58.4,🟡 Medium Risk,25600.0,17300
10.25558704504304,12.962924405845218,2.88,2.0,3.38,False,False,False,False,False,False,False,False,False,False,False,False,False,False,False,False,False,False,False,False,True,Driver/Sales Workers,0.8235213434448994,82.4,🔴 High Risk,28440.0,426310
10.68260598601082,14.348794690812742,3.0,1.75,2.88,False,False,False,False,False,False,False,False,False,False,False,False,False,False,False,False,False,False,False,False,True,Heavy and Tractor-Trailer Truck Drivers,0.8195409588887486,82.0,🔴 High Risk,43590.0,1704520
10.457114011624814,13.66318770664025,2.88,1.88,2.75,False,False,False,False,False,False,False,False,False,False,False,False,False,False,False,False,False,False,False,False,True,Light Truck or Delivery Services Drivers,0.8274090605513871,82.7,🔴 High Risk,34790.0,858710
11.018973346205863,10.594156665220533,3.0,2.0,3.0,False,False,False,False,False,False,False,False,False,False,False,False,False,False,False,False,False,False,False,False,True,Locomotive Engineers,0.8562310247778604,85.6,🔴 High Risk,61020.0,39900
10.865153099098274,8.418697944667139,3.0,2.0,3.0,False,False,False,False,False,False,False,False,False,False,False,False,False,False,False,False,False,False,False,False,True,Rail Yard Engineers; Dinkey Operators; and Hostlers,0.8408274002391161,84.1,🔴 High Risk,52320.0,4530
10.972001393380205,10.666184116368278,2.62,2.75,3.62,False,False,False,False,False,False,False,False,False,False,False,False,False,False,False,False,False,False,False,False,True,Railroad Conductors and Yardmasters,0.714505829723881,71.5,🔴 High Risk,58220.0,42880
11.041016020812398,9.421492310438014,3.0,1.88,3.25,False,False,False,False,False,False,False,False,False,False,False,False,False,False,False,False,False,False,False,False,True,Subway and Streetcar Operators,0.7821498277633495,78.2,🔴 High Risk,62380.0,12350
10.740107174352467,10.389948759849503,3.25,2.0,3.0,False,False,False,False,False,False,False,False,False,False,False,False,False,False,False,False,False,False,False,False,True,Sailors and Marine Oilers,0.835695703922472,83.6,🔴 High Risk,46170.0,32530
11.30861593474973,10.51110407747908,3.12,2.62,3.25,False,False,False,False,False,False,False,False,False,False,False,False,False,False,False,False,False,False,False,False,True,Captains; Mates; and Pilots of Water Vessels,0.5280653700906319,52.8,🟡 Medium Risk,81520.0,36720
10.676854348197491,8.098946748943339,3.12,2.5,3.38,False,False,False,False,False,False,False,False,False,False,False,False,False,False,False,False,False,False,False,False,True,Motorboat Operators,0.7083709834399269,70.8,🔴 High Risk,43340.0,3290
11.213454171943471,9.18512512283512,3.0,3.0,3.88,False,False,False,False,False,False,False,False,False,False,False,False,False,False,False,False,False,False,False,False,True,Ship Engineers,0.2510481510822509,25.1,🟢 Low Risk,74120.0,9750
10.751092508621763,8.163656176168432,2.5,2.12,3.0,False,False,False,False,False,False,False,False,False,False,False,False,False,False,False,False,False,False,False,False,True,Bridge and Lock Tenders,0.8888027467826815,88.9,🔴 High Risk,46680.0,3510
10.054103420843255,11.893763125031432,2.5,1.75,2.75,False,False,False,False,False,False,False,False,False,False,False,False,False,False,False,False,False,False,False,False,True,Parking Lot Attendants,0.8232660096370413,82.3,🔴 High Risk,23250.0,146350
10.097449430486758,11.606333837484957,3.0,1.88,2.88,False,False,False,False,False,False,False,False,False,False,False,False,False,False,False,False,False,False,False,False,True,Automotive and Watercraft Service Attendants,0.8399680412313463,84.0,🔴 High Risk,24280.0,109790
10.792427642387484,8.765770543987257,2.25,3.0,3.5,False,False,False,False,False,False,False,False,False,False,False,False,False,False,False,False,False,False,False,False,True,Traffic Technicians,0.7851803736383444,78.5,🔴 High Risk,48650.0,6410
11.193422433528612,10.21942903970169,2.21,2.543333333333333,3.4599999999999995,False,False,False,False,False,False,False,False,False,False,False,False,False,False,False,False,False,False,False,False,True,Transportation Inspectors,0.8201145542534767,82.0,🔴 High Risk,72650.0,27430
10.344351978996153,9.820703591057207,2.0,2.0,3.38,False,False,False,False,False,False,False,False,False,False,False,False,False,False,False,False,False,False,False,False,True,Transportation Attendants; Except Flight Attendants,0.7739655721407374,77.4,🔴 High Risk,31080.0,18410
10.430314470029058,10.260847261969445,3.12,2.12,2.88,False,False,False,False,False,False,False,False,False,False,False,False,False,False,False,False,False,False,False,False,True,Conveyor Operators and Tenders,0.8783399587328614,87.8,🔴 High Risk,33870.0,28590
10.92018454800297,10.7148843265641,3.12,2.12,3.0,False,False,False,False,False,False,False,False,False,False,False,False,False,False,False,False,False,False,False,False,True,Crane and Tower Operators,0.834189757088528,83.4,🔴 High Risk,55280.0,45020
10.747874036118608,7.473637108496206,2.88,1.75,2.75,False,False,False,False,False,False,False,False,False,False,False,False,False,False,False,False,False,False,False,False,True,Dredge Operators,0.8273337877744755,82.7,🔴 High Risk,46530.0,1760
10.820198196234971,7.993282328101591,2.75,2.13,2.62,False,False,False,False,False,False,False,False,False,False,False,False,False,False,False,False,False,False,False,False,True,Hoist and Winch Operators,0.7565358949203673,75.7,🔴 High Risk,50020.0,2960
10.441762960010218,13.204405930207749,3.0,1.62,2.25,False,False,False,False,False,False,False,False,False,False,False,False,False,False,False,False,False,False,False,False,True,Industrial Truck and Tractor Operators,0.8612502478213042,86.1,🔴 High Risk,34260.0,542750
10.11297832739655,12.762170825358622,3.0,0.75,2.0,False,False,False,False,False,False,False,False,False,False,False,False,False,False,False,False,False,False,False,False,True,Cleaners of Vehicles and Equipment,0.47337359788359784,47.3,🟡 Medium Risk,24660.0,348770
10.2653838414975,14.766357680393657,3.19,1.94,2.375,False,False,False,False,False,False,False,False,False,False,False,False,False,False,False,False,False,False,False,False,True,Laborers and Freight; Stock; and Material Movers; Hand,0.8500177633539058,85.0,🔴 High Risk,28720.0,2587900
10.32518683708304,11.385898586339334,3.0,1.75,2.62,False,False,False,False,False,False,False,False,False,False,False,False,False,False,False,False,False,False,False,False,True,Machine Feeders and Offbearers,0.8789958096059168,87.9,🔴 High Risk,30490.0,88070
10.103608096692797,13.466890231185191,3.12,0.62,2.0,False,False,False,False,False,False,False,False,False,False,False,False,False,False,False,False,False,False,False,False,True,Packers and Packagers; Hand,0.47561931216931225,47.6,🟡 Medium Risk,24430.0,705660
10.995763139986401,8.266421472984554,3.12,2.12,3.0,False,False,False,False,False,False,False,False,False,False,False,False,False,False,False,False,False,False,False,False,True,Gas Compressor and Gas Pumping Station Operators,0.8321433186030049,83.2,🔴 High Risk,59620.0,3890
10.742270693943276,9.395241931033524,3.12,2.0,3.12,False,False,False,False,False,False,False,False,False,False,False,False,False,False,False,False,False,False,False,False,True,Pump Operators; Except Wellhead Pumpers,0.7993434851623444,79.9,🔴 High Risk,46270.0,12030
10.834292442568305,9.359708203627006,3.0,1.75,3.0,False,False,False,False,False,False,False,False,False,False,False,False,False,False,False,False,False,False,False,False,True,Wellhead Pumpers,0.8007686544089226,80.1,🔴 High Risk,50730.0,11610
10.537176618145875,11.649909639875577,2.62,1.0,2.62,False,False,False,False,False,False,False,False,False,False,False,False,False,False,False,False,False,False,False,False,True,Refuse and Recyclable Material Collectors,0.7016835756056808,70.2,🔴 High Risk,37690.0,114680
10.586357098684939,9.298442820197728,3.12,2.12,2.88,False,False,False,False,False,False,False,False,False,False,False,False,False,False,False,False,False,False,False,False,True,Tank Car; Truck; and Ship Loaders,0.8003937366986591,80.0,🔴 High Risk,39590.0,10920
