SOC,Occupation,Probability,Alabama,Alaska,Arizona,Arkansas,California,Colorado,Connecticut,Delaware,District of Columbia,Florida,Georgia,Hawaii,Idaho,Illinois,Indiana,Iowa,Kansas,Kentucky,Louisiana,Maine,Maryland,Massachusetts,Michigan,Minnesota,Mississippi,Missouri,Montana,Nebraska,Nevada,New Hampshire,New Jersey,New Mexico,New York,North Carolina,North Dakota,Ohio,Oklahoma,Oregon,Pennsylvania,Rhode Island,South Carolina,South Dakota,Tennessee,Texas,Utah,Vermont,Virginia,Washington,West Virginia,Wisconsin,Wyoming,match_code,OCC_CODE,OCC_TITLE,OCC_GROUP,TOT_EMP,EMP_PRSE,H_MEAN,A_MEAN,MEAN_PRSE,H_PCT10,H_PCT25,H_MEDIAN,H_PCT75,H_PCT90,A_PCT10,A_PCT25,A_MEDIAN,A_PCT75,A_PCT90,ANNUAL,HOURLY,O*NET-SOC Code,Manual Dexterity,Originality,Critical Thinking
11-1011,Chief Executives,0.015,1030,760,5750,2710,31150,880,1410,340,2840,14120,6750,1840,1400,17440,4950,2050,4410,3440,1010,920,1800,11020,6260,7490,940,5180,600,690,1410,940,700,70,15410,4310,920,5340,6370,2650,9230,390,3400,560,5460,5890,3650,280,6320,5910,980,3740,160,11-1011,11-1011,Chief Executives,detailed,223260,0.7,93.44,194350,0.4,33.55,54.86,87.12,#,#,69780,114100,181210,#,#,,,11-1011.00,0.0,4.25,4.75
11-1011,Chief Executives,0.015,1030,760,5750,2710,31150,880,1410,340,2840,14120,6750,1840,1400,17440,4950,2050,4410,3440,1010,920,1800,11020,6260,7490,940,5180,600,690,1410,940,700,70,15410,4310,920,5340,6370,2650,9230,390,3400,560,5460,5890,3650,280,6320,5910,980,3740,160,11-1011,11-1011,Chief Executives,detailed,223260,0.7,93.44,194350,0.4,33.55,54.86,87.12,#,#,69780,114100,181210,#,#,,,11-1011.03,0.0,4.0,4.12
11-1021,General and Operations Managers,0.16,26930,6490,43300,20680,261780,41540,33280,4080,26610,77340,90520,11070,12250,121040,49210,25900,19620,26190,29920,12360,47850,71880,58040,41480,24110,41440,4490,14420,17480,11030,44800,15550,162870,53770,7010,64710,27400,32350,70430,6640,31780,3730,44400,168610,36200,2760,52380,43760,10200,32350,4840,11-1021,11-1021,General and Operations Managers,detailed,2188870,0.3,58.7,122090,0.2,21.29,31.2,47.74,74.53,#,44290,64890,99310,155020,#,,,11-1021.00,0.5,3.5,3.88
11-2011,Advertising and Promotions Managers,0.039,50,40,470,110,3760,480,300,0,220,750,820,200,160,3670,290,230,230,270,320,130,460,1290,650,610,150,390,30,80,280,150,630,190,5130,450,70,460,200,0,570,100,270,0,670,1210,380,40,240,640,40,200,0,11-2011,11-2011,Advertising and Promotions Managers,detailed,28860,2.3,56.64,117810,1.5,21.61,32.21,48.47,70.98,#,44950,67000,100810,147640,#,,,11-2011.00,0.38,4.0,4.12
11-2021,Marketing Managers,0.014,530,200,4790,1090,33390,3060,4970,590,1280,7600,7140,540,860,14030,2870,1920,1470,1490,920,810,2980,11790,3870,7800,470,2590,130,1060,1640,1170,11260,350,16500,5650,310,5350,1420,4830,6250,550,1710,60,3400,9570,2320,380,3840,5830,260,2980,30,11-2021,11-2021,Marketing Managers,detailed,205900,1.0,69.3,144140,0.5,32.45,44.81,63.07,85.91,#,67490,93200,131180,178690,#,,,11-2021.00,0.38,4.0,4.12
11-2022,Sales Managers,0.013,2510,400,10650,2650,69180,4570,7040,860,1180,13560,15460,2470,2200,24150,5770,3350,3250,3420,3560,980,5230,14860,10090,12590,1460,5480,190,1930,3350,1750,12840,1200,20170,6750,710,11410,3890,6220,8930,850,3540,300,8890,22310,3360,480,5360,7390,600,5730,180,11-2022,11-2022,Sales Managers,detailed,365230,0.6,64.95,135090,0.3,26.82,38.18,56.71,80.91,#,55790,79420,117960,168300,#,,,11-2022.00,0.38,3.88,4.0
11-3021,Computer and Information Systems Managers,0.035,3260,340,6720,2100,51840,6340,7900,1260,3850,11460,12520,640,1130,15740,4630,3450,2910,2440,1930,1430,9270,15540,8730,10150,1170,6090,460,1910,1350,1930,13930,1110,26000,11970,530,13040,3170,4850,12150,1160,3020,210,5540,20010,4190,340,13720,11790,720,6400,200,11-3021,11-3021,Computer and Information Systems Managers,detailed,352510,0.9,70.07,145740,0.4,39.6,50.62,65.29,82.05,#,82360,105290,135800,170670,#,,,11-3021.00,2.0,3.5,4.0
11-3031,Financial Managers,0.069,4990,870,10930,3020,70540,5930,14210,1840,7110,20390,16270,2150,1990,35170,7820,8770,3900,6450,4840,2710,11150,28640,13670,14710,2920,8750,640,2590,5430,3760,20180,2310,40250,15170,1200,20270,6370,7140,16190,2400,5080,610,13690,27670,4860,740,13370,12680,1580,8810,560,11-3031,11-3031,Financial Managers,detailed,543300,0.6,67.17,139720,0.3,31.25,42.08,58.54,81.15,#,65000,87530,121750,168790,#,,,11-3031.00,0.88,3.12,4.25
11-3031,Financial Managers,0.069,4990,870,10930,3020,70540,5930,14210,1840,7110,20390,16270,2150,1990,35170,7820,8770,3900,6450,4840,2710,11150,28640,13670,14710,2920,8750,640,2590,5430,3760,20180,2310,40250,15170,1200,20270,6370,7140,16190,2400,5080,610,13690,27670,4860,740,13370,12680,1580,8810,560,11-3031,11-3031,Financial Managers,detailed,543300,0.6,67.17,139720,0.3,31.25,42.08,58.54,81.15,#,65000,87530,121750,168790,#,,,11-3031.01,0.0,3.75,4.88
11-3031,Financial Managers,0.069,4990,870,10930,3020,70540,5930,14210,1840,7110,20390,16270,2150,1990,35170,7820,8770,3900,6450,4840,2710,11150,28640,13670,14710,2920,8750,640,2590,5430,3760,20180,2310,40250,15170,1200,20270,6370,7140,16190,2400,5080,610,13690,27670,4860,740,13370,12680,1580,8810,560,11-3031,11-3031,Financial Managers,detailed,543300,0.6,67.17,139720,0.3,31.25,42.08,58.54,81.15,#,65000,87530,121750,168790,#,,,11-3031.03,0.0,3.5,4.0
11-3051,Industrial Production Managers,0.03,3110,110,2530,1700,19120,1100,2800,290,40,4810,4940,220,570,7630,6390,3220,1800,4020,1420,620,1280,5220,10410,5590,1650,3370,100,1080,780,970,4930,470,4780,5230,460,10820,2320,2900,5850,410,2920,400,5030,10150,1840,400,2400,2500,700,6720,290,11-3051,11-3051,Industrial Production Managers,detailed,168400,0.6,51.47,107060,0.4,28.18,35.9,46.7,61.34,79.54,58610,74670,97140,127590,165450,,,11-3051.00,1.75,3.88,4.0
11-3051,Industrial Production Managers,0.03,3110,110,2530,1700,19120,1100,2800,290,40,4810,4940,220,570,7630,6390,3220,1800,4020,1420,620,1280,5220,10410,5590,1650,3370,100,1080,780,970,4930,470,4780,5230,460,10820,2320,2900,5850,410,2920,400,5030,10150,1840,400,2400,2500,700,6720,290,11-3051,11-3051,Industrial Production Managers,detailed,168400,0.6,51.47,107060,0.4,28.18,35.9,46.7,61.34,79.54,58610,74670,97140,127590,165450,,,11-3051.01,2.25,3.12,4.12
11-3051,Industrial Production Managers,0.03,3110,110,2530,1700,19120,1100,2800,290,40,4810,4940,220,570,7630,6390,3220,1800,4020,1420,620,1280,5220,10410,5590,1650,3370,100,1080,780,970,4930,470,4780,5230,460,10820,2320,2900,5850,410,2920,400,5030,10150,1840,400,2400,2500,700,6720,290,11-3051,11-3051,Industrial Production Managers,detailed,168400,0.6,51.47,107060,0.4,28.18,35.9,46.7,61.34,79.54,58610,74670,97140,127590,165450,,,11-3051.02,2.12,3.25,3.88
11-3051,Industrial Production Managers,0.03,3110,110,2530,1700,19120,1100,2800,290,40,4810,4940,220,570,7630,6390,3220,1800,4020,1420,620,1280,5220,10410,5590,1650,3370,100,1080,780,970,4930,470,4780,5230,460,10820,2320,2900,5850,410,2920,400,5030,10150,1840,400,2400,2500,700,6720,290,11-3051,11-3051,Industrial Production Managers,detailed,168400,0.6,51.47,107060,0.4,28.18,35.9,46.7,61.34,79.54,58610,74670,97140,127590,165450,,,11-3051.03,2.0,3.5,3.88
11-3051,Industrial Production Managers,0.03,3110,110,2530,1700,19120,1100,2800,290,40,4810,4940,220,570,7630,6390,3220,1800,4020,1420,620,1280,5220,10410,5590,1650,3370,100,1080,780,970,4930,470,4780,5230,460,10820,2320,2900,5850,410,2920,400,5030,10150,1840,400,2400,2500,700,6720,290,11-3051,11-3051,Industrial Production Managers,detailed,168400,0.6,51.47,107060,0.4,28.18,35.9,46.7,61.34,79.54,58610,74670,97140,127590,165450,,,11-3051.04,2.25,3.12,4.0
11-3051,Industrial Production Managers,0.03,3110,110,2530,1700,19120,1100,2800,290,40,4810,4940,220,570,7630,6390,3220,1800,4020,1420,620,1280,5220,10410,5590,1650,3370,100,1080,780,970,4930,470,4780,5230,460,10820,2320,2900,5850,410,2920,400,5030,10150,1840,400,2400,2500,700,6720,290,11-3051,11-3051,Industrial Production Managers,detailed,168400,0.6,51.47,107060,0.4,28.18,35.9,46.7,61.34,79.54,58610,74670,97140,127590,165450,,,11-3051.06,2.5,3.25,4.0
11-3061,Purchasing Managers,0.03,950,130,1780,510,8460,760,1360,130,1700,2470,1830,280,310,4210,1480,600,730,960,710,270,1640,2800,2640,2350,570,1040,40,490,450,350,2030,230,3900,2290,120,2480,760,0,1900,200,780,50,2000,5030,450,150,2480,2010,80,1290,40,11-3061,11-3061,Purchasing Managers,detailed,71750,0.9,56.6,117720,0.4,30.47,39.85,53.65,68.67,85.37,63380,82880,111590,142820,177560,,,11-3061.00,0.0,3.75,4.0
11-3071,Transportation; Storage; and Distribution Managers,0.59,610,550,2320,1290,16300,1170,1160,310,410,4150,4200,570,520,8360,2640,1330,1150,1940,1510,570,1830,2670,2390,2030,950,1820,140,1890,1230,310,4550,430,3340,2300,410,5320,1280,1880,3210,280,1100,130,4090,9390,1550,130,2030,2190,460,2710,160,11-3071,11-3071,"Transportation, Storage, and Distribution Managers",detailed,113270,1.1,46.94,97630,0.5,25.32,32.76,42.88,56.39,73.43,52670,68140,89190,117300,152730,,,11-3071.00,1.0,3.25,3.62
11-3071,Transportation; Storage; and Distribution Managers,0.59,610,550,2320,1290,16300,1170,1160,310,410,4150,4200,570,520,8360,2640,1330,1150,1940,1510,570,1830,2670,2390,2030,950,1820,140,1890,1230,310,4550,430,3340,2300,410,5320,1280,1880,3210,280,1100,130,4090,9390,1550,130,2030,2190,460,2710,160,11-3071,11-3071,"Transportation, Storage, and Distribution Managers",detailed,113270,1.1,46.94,97630,0.5,25.32,32.76,42.88,56.39,73.43,52670,68140,89190,117300,152730,,,11-3071.04,0.0,3.25,4.0
11-3111,Compensation and Benefits Managers,0.96,90,0,300,150,1590,190,250,40,120,600,480,30,90,1000,260,150,120,140,180,50,450,800,340,540,80,260,0,180,60,60,380,40,1490,450,0,560,230,150,540,70,150,0,500,690,170,0,360,380,0,340,0,11-3111,11-3111,Compensation and Benefits Managers,detailed,15230,1.5,61.01,126900,0.6,31.8,41.89,55.89,75.03,96.13,66150,87120,116240,156050,199950,,,11-3111.00,0.0,3.12,4.0
11-3121,Human Resources Managers,0.0055,1320,190,2840,870,16190,1460,2200,430,1480,4970,4790,540,660,9020,2140,1550,1180,1500,1500,540,2170,5090,3770,4260,980,1840,190,770,970,620,3710,540,10100,3760,260,4200,1510,2380,4100,340,1640,220,3160,6670,1000,210,3480,3360,320,2700,130,11-3121,11-3121,Human Resources Managers,detailed,129810,0.6,57.79,120210,0.4,30.35,38.85,51.4,69.82,93.05,63140,80800,106910,145220,193550,,,11-3121.00,0.12,4.0,4.25
11-3131,Training and Development Managers,0.0063,150,80,960,300,3430,340,770,70,280,1180,1170,210,80,2210,750,400,230,420,390,100,910,1540,680,1160,190,390,0,280,150,100,1270,100,3040,740,70,780,380,390,970,60,660,0,1140,1570,400,50,950,680,60,620,0,11-3131,11-3131,Training and Development Managers,detailed,32880,1.4,55.37,115180,0.6,27.77,37.52,50.88,66.95,88.94,57760,78050,105830,139260,184990,,,11-3131.00,0.62,3.88,4.0
11-9013,Farmers; Ranchers; and Other Agricultural Managers,0.047,0,0,110,130,1240,0,0,0,0,120,0,0,140,230,0,210,0,110,70,0,0,0,60,60,0,110,0,0,30,0,50,30,60,130,60,70,140,200,40,0,60,0,70,340,0,0,30,130,0,50,0,11-9013,11-9013,"Farmers, Ranchers, and Other Agricultural Managers",detailed,4560,4.8,36.44,75790,2.5,16.84,22.67,31.91,43.68,60.61,35020,47160,66360,90860,126070,,,11-9013.00,2.5,3.62,4.0
11-9021,Construction Managers,0.071,3010,960,5800,1590,32590,6580,3050,430,800,18090,5670,1890,1320,8770,4750,3250,2290,2660,3290,1120,6360,6370,3900,4170,1120,3530,570,2340,3660,970,5070,1380,12640,9060,970,9630,2930,4690,8000,480,3200,200,4930,26440,2600,520,5270,6950,550,2890,390,11-9021,11-9021,Construction Managers,detailed,249650,0.9,47.84,99510,0.4,25.84,32.72,42.93,57.56,76.12,53740,68050,89300,119710,158330,,,11-9021.00,1.25,3.25,4.38
11-9031,Education Administrators; Preschool and Childcare Center/Program,0.015,120,70,760,520,7120,700,810,0,300,640,1740,190,200,2710,770,750,510,310,340,170,1040,1980,1140,790,350,580,160,80,140,460,1650,310,4860,1470,150,2260,710,690,2580,160,600,70,750,2350,290,330,1030,1150,170,1050,110,11-9031,11-9031,"Education Administrators, Preschool and Childcare Center/Program",detailed,48530,1.6,25.07,52150,0.9,14.05,17.16,22.01,29.45,39.81,29230,35690,45790,61250,82790,,,11-9031.00,1.25,3.75,4.0
11-9032,Education Administrators; Elementary and Secondary School,0.0046,3460,620,4640,2390,20120,4650,3890,870,1300,4670,7750,890,950,12100,4520,2690,2270,4170,3960,1410,5430,7210,6570,3140,2470,6060,750,1610,1750,1500,8630,1650,19260,8120,550,9740,3060,3170,7990,850,3890,610,5660,24970,1820,890,6620,4790,1720,4750,450,11-9032,11-9032,"Education Administrators, Elementary and Secondary School",detailed,242970,0.6,*,95390,0.6,*,*,*,*,*,59910,73710,92510,114950,135770,True,,11-9032.00,0.0,4.0,4.5
11-9033,Education Administrators; Postsecondary,0.01,2460,180,0,1290,14230,2280,2170,260,1850,1270,3190,300,990,8280,3360,2400,1340,1610,1660,690,2530,0,5000,2740,1620,2430,310,1190,680,830,2170,770,11380,4590,480,4790,1400,1310,4480,710,2500,230,4460,5120,1080,390,3050,2120,0,3170,120,11-9033,11-9033,"Education Administrators, Postsecondary",detailed,138430,1.1,50.85,105770,0.7,24.85,32.08,43.63,60.94,86.18,51690,66730,90760,126750,179250,,,11-9033.00,0.0,4.0,4.25
11-9041,Architectural and Engineering Managers,0.017,2410,370,3320,630,28640,3250,3350,520,1580,6380,4420,0,1110,9430,3880,1770,1490,2010,1510,570,4800,7350,10090,4200,840,2250,250,600,960,1160,4180,1830,7430,3660,390,6570,1990,3800,5850,380,2500,110,3350,11240,2120,270,4030,4460,300,3760,180,11-9041,11-9041,Architectural and Engineering Managers,detailed,178390,1.0,69.17,143870,0.5,41.34,51.94,64.78,80.43,99.71,86000,108040,134730,167290,207400,,,11-9041.00,1.88,4.0,4.25
11-9041,Architectural and Engineering Managers,0.017,2410,370,3320,630,28640,3250,3350,520,1580,6380,4420,0,1110,9430,3880,1770,1490,2010,1510,570,4800,7350,10090,4200,840,2250,250,600,960,1160,4180,1830,7430,3660,390,6570,1990,3800,5850,380,2500,110,3350,11240,2120,270,4030,4460,300,3760,180,11-9041,11-9041,Architectural and Engineering Managers,detailed,178390,1.0,69.17,143870,0.5,41.34,51.94,64.78,80.43,99.71,86000,108040,134730,167290,207400,,,11-9041.01,2.5,4.12,4.12
11-9051,Food Service Managers,0.083,2250,320,4580,1320,35100,2150,1880,410,1430,9160,8310,1730,1250,0,3750,3390,1610,3750,1690,970,2460,5550,5170,3330,1430,3870,350,950,2410,1140,2760,790,6010,5690,580,7610,3450,3870,5590,390,2900,820,9710,10520,1500,340,4150,2190,1360,5570,450,11-9051,11-9051,Food Service Managers,detailed,201470,1.6,26.93,56010,0.8,14.08,18.4,24.43,32.21,41.89,29290,38260,50820,66990,87120,,,11-9051.00,3.0,3.0,3.75
11-9071,Gaming Managers,0.091,0,0,70,0,510,70,30,0,0,170,0,0,0,120,80,200,0,0,220,0,0,0,320,100,230,100,0,0,530,0,0,70,70,0,50,40,480,50,130,0,0,0,0,0,0,0,0,170,0,50,0,11-9071,11-9071,Gaming Managers,detailed,4280,3.5,38.31,79690,1.2,21.07,25.94,33.26,44.55,59.81,43830,53950,69180,92670,124400,,,11-9071.00,1.0,2.88,4.0
11-9081,Lodging Managers,0.0039,520,160,1110,280,4580,630,140,90,130,3380,670,490,210,1280,450,410,240,350,400,540,420,650,1100,400,490,620,280,50,600,280,570,220,580,890,160,930,730,410,1320,80,430,210,1140,3110,410,230,1070,870,180,620,280,11-9081,11-9081,Lodging Managers,detailed,35410,2.2,28.56,59410,1.1,13.88,18.04,24.93,33.92,46.43,28870,37520,51840,70540,96570,,,11-9081.00,1.75,3.62,3.88
11-9111,Medical and Health Services Managers,0.0073,2960,880,7240,3630,33160,4420,5260,860,1780,12130,7470,1410,1830,13130,7940,5560,3440,4480,3320,1740,9900,13380,10980,7530,2580,5860,1210,2920,1780,1510,9960,1930,26010,7990,880,15540,6130,4440,13640,1380,5240,750,9460,21840,2640,780,7450,5890,1260,7980,660,11-9111,11-9111,Medical and Health Services Managers,detailed,332150,0.6,52.58,109370,0.3,27.39,35.44,46.41,61.07,82.81,56970,73710,96540,127030,172240,,,11-9111.00,0.5,3.75,4.12
11-9121,Natural Sciences Managers,0.018,140,410,960,320,8210,1330,980,410,1030,950,1030,240,370,1780,1820,350,160,290,310,240,2820,3360,0,1360,160,870,330,200,180,140,4590,350,1900,2310,140,1130,260,1200,2860,90,470,80,510,2000,910,70,1240,1840,120,540,140,11-9121,11-9121,Natural Sciences Managers,detailed,54780,2.2,65.46,136150,1.4,32.17,44.27,57.62,77.4,#,66920,92070,119850,160990,#,,,11-9121.00,0.62,3.88,4.38
11-9121,Natural Sciences Managers,0.018,140,410,960,320,8210,1330,980,410,1030,950,1030,240,370,1780,1820,350,160,290,310,240,2820,3360,0,1360,160,870,330,200,180,140,4590,350,1900,2310,140,1130,260,1200,2860,90,470,80,510,2000,910,70,1240,1840,120,540,140,11-9121,11-9121,Natural Sciences Managers,detailed,54780,2.2,65.46,136150,1.4,32.17,44.27,57.62,77.4,#,66920,92070,119850,160990,#,,,11-9121.01,0.0,3.0,4.0
11-9121,Natural Sciences Managers,0.018,140,410,960,320,8210,1330,980,410,1030,950,1030,240,370,1780,1820,350,160,290,310,240,2820,3360,0,1360,160,870,330,200,180,140,4590,350,1900,2310,140,1130,260,1200,2860,90,470,80,510,2000,910,70,1240,1840,120,540,140,11-9121,11-9121,Natural Sciences Managers,detailed,54780,2.2,65.46,136150,1.4,32.17,44.27,57.62,77.4,#,66920,92070,119850,160990,#,,,11-9121.02,0.12,3.5,4.0
11-9131,Postmasters and Mail Superintendents,0.75,280,170,160,210,800,230,170,40,0,360,370,60,150,550,310,340,220,280,260,210,240,340,450,350,190,320,180,180,70,170,430,160,880,520,120,510,270,240,820,40,210,130,280,840,120,130,410,310,230,360,90,11-9131,11-9131,Postmasters and Mail Superintendents,detailed,14720,0.0,34.61,71980,0.1,27.01,30.41,34.45,39.35,43.23,56190,63250,71670,81840,89930,,,11-9131.00,0.0,3.0,3.88
11-9141,Property; Real Estate; and Community Association Managers,0.81,440,330,4650,1610,28730,2030,2340,430,1690,20850,4730,2550,1670,8530,3710,1220,2050,1950,2900,440,3800,4750,5120,3330,1370,3550,790,690,3350,610,4540,700,7500,2900,540,5160,2270,2220,4100,650,1940,870,4820,11420,2300,400,2590,2460,660,1740,280,11-9141,11-9141,"Property, Real Estate, and Community Association Managers",detailed,180290,1.1,33.79,70290,0.8,13.59,19.19,27.42,39.96,60.76,28260,39910,57040,83110,126390,,,11-9141.00,0.5,3.0,4.0
11-9151,Social and Community Service Managers,0.0067,1190,380,1770,1330,16580,1330,3190,740,1140,3150,2310,670,970,3680,2340,2350,1100,2040,1810,1070,2830,6630,4620,3010,780,2050,540,840,760,620,3290,860,11960,2340,590,4170,1110,3260,7000,500,880,280,2140,3650,1280,600,2440,3350,480,3860,370,11-9151,11-9151,Social and Community Service Managers,detailed,126230,0.8,34.07,70870,0.4,19.12,24.05,31.1,40.98,53.35,39770,50030,64680,85230,110970,,,11-9151.00,0.62,3.75,4.12
11-9161,Emergency Management Directors,0.003,180,70,140,130,900,130,130,0,200,150,380,70,100,380,330,160,210,140,90,60,100,110,140,230,170,170,70,130,40,50,390,90,600,200,80,310,240,70,430,40,220,90,140,480,130,0,440,150,70,170,40,11-9161,11-9161,Emergency Management Directors,detailed,9570,1.8,37.53,78060,1.2,17.67,24.12,33.89,47.69,64.37,36760,50160,70500,99200,133880,,,11-9161.00,1.0,4.12,4.38
11-9199,Managers; All Other,0.25,2010,1460,7170,3540,44750,7550,5820,870,18510,15880,10900,2110,1220,0,9060,3360,3380,3580,6980,1090,11900,6260,8140,10760,990,5850,1120,1820,5910,2180,21280,2650,14630,10630,1150,10170,1700,7710,9620,820,1620,300,7570,15350,2190,560,16770,9200,950,10500,840,11-9199,11-9199,"Managers, All Other",detailed,403670,0.6,53.92,112150,0.3,25.41,36.4,50.47,65.97,82.97,52860,75710,104970,137220,172570,,,11-9199.01,0.0,3.12,4.0
11-9199,Managers; All Other,0.25,2010,1460,7170,3540,44750,7550,5820,870,18510,15880,10900,2110,1220,0,9060,3360,3380,3580,6980,1090,11900,6260,8140,10760,990,5850,1120,1820,5910,2180,21280,2650,14630,10630,1150,10170,1700,7710,9620,820,1620,300,7570,15350,2190,560,16770,9200,950,10500,840,11-9199,11-9199,"Managers, All Other",detailed,403670,0.6,53.92,112150,0.3,25.41,36.4,50.47,65.97,82.97,52860,75710,104970,137220,172570,,,11-9199.02,0.75,3.0,4.25
11-9199,Managers; All Other,0.25,2010,1460,7170,3540,44750,7550,5820,870,18510,15880,10900,2110,1220,0,9060,3360,3380,3580,6980,1090,11900,6260,8140,10760,990,5850,1120,1820,5910,2180,21280,2650,14630,10630,1150,10170,1700,7710,9620,820,1620,300,7570,15350,2190,560,16770,9200,950,10500,840,11-9199,11-9199,"Managers, All Other",detailed,403670,0.6,53.92,112150,0.3,25.41,36.4,50.47,65.97,82.97,52860,75710,104970,137220,172570,,,11-9199.08,1.88,3.62,4.0
11-9199,Managers; All Other,0.25,2010,1460,7170,3540,44750,7550,5820,870,18510,15880,10900,2110,1220,0,9060,3360,3380,3580,6980,1090,11900,6260,8140,10760,990,5850,1120,1820,5910,2180,21280,2650,14630,10630,1150,10170,1700,7710,9620,820,1620,300,7570,15350,2190,560,16770,9200,950,10500,840,11-9199,11-9199,"Managers, All Other",detailed,403670,0.6,53.92,112150,0.3,25.41,36.4,50.47,65.97,82.97,52860,75710,104970,137220,172570,,,11-9199.09,2.25,3.12,4.0
11-9199,Managers; All Other,0.25,2010,1460,7170,3540,44750,7550,5820,870,18510,15880,10900,2110,1220,0,9060,3360,3380,3580,6980,1090,11900,6260,8140,10760,990,5850,1120,1820,5910,2180,21280,2650,14630,10630,1150,10170,1700,7710,9620,820,1620,300,7570,15350,2190,560,16770,9200,950,10500,840,11-9199,11-9199,"Managers, All Other",detailed,403670,0.6,53.92,112150,0.3,25.41,36.4,50.47,65.97,82.97,52860,75710,104970,137220,172570,,,11-9199.10,0.5,3.25,4.25
11-9199,Managers; All Other,0.25,2010,1460,7170,3540,44750,7550,5820,870,18510,15880,10900,2110,1220,0,9060,3360,3380,3580,6980,1090,11900,6260,8140,10760,990,5850,1120,1820,5910,2180,21280,2650,14630,10630,1150,10170,1700,7710,9620,820,1620,300,7570,15350,2190,560,16770,9200,950,10500,840,11-9199,11-9199,"Managers, All Other",detailed,403670,0.6,53.92,112150,0.3,25.41,36.4,50.47,65.97,82.97,52860,75710,104970,137220,172570,,,11-9199.11,0.12,3.62,4.25
13-1011,Agents and Business Managers of Artists; Performers; and Athletes,0.24,0,0,140,0,4990,90,170,0,180,970,190,0,0,170,120,0,30,30,0,0,200,210,250,180,0,0,0,0,120,0,200,0,3050,280,0,90,0,70,140,0,0,0,530,330,0,0,130,0,0,70,0,13-1011,13-1011,"Agents and Business Managers of Artists, Performers, and Athletes",detailed,13470,7.3,41.62,86560,4.0,13.12,19.02,29.85,47.11,93.66,27290,39560,62080,97990,194810,,,13-1011.00,0.25,3.38,3.75
13-1021,Buyers and Purchasing Agents; Farm Products,0.87,250,0,0,90,1350,90,40,0,0,290,490,90,110,470,240,340,290,120,230,0,170,310,440,370,60,350,60,0,70,0,90,60,300,240,120,310,200,200,260,0,140,300,130,770,110,100,0,190,0,310,0,13-1021,13-1021,"Buyers and Purchasing Agents, Farm Products",detailed,11490,3.4,30.73,63910,1.7,15.54,20.83,28.09,37.14,49.23,32330,43320,58430,77250,102410,,,13-1021.00,0.25,3.12,4.0
13-1022,Wholesale and Retail Buyers; Except Farm Products,0.29,310,340,1850,3080,18330,1500,1150,240,160,3830,2630,630,560,4010,1610,680,1690,830,910,840,1390,3550,2060,3650,530,3130,320,860,700,480,2120,210,8130,2780,260,4340,1300,2410,3040,310,600,200,3260,9290,1310,400,0,3460,250,2460,140,13-1022,13-1022,"Wholesale and Retail Buyers, Except Farm Products",detailed,109440,1.8,28.87,60040,0.8,14.48,18.99,25.65,34.82,47.03,30110,39510,53340,72430,97830,,,13-1022.00,1.0,3.0,4.0
13-1023,Purchasing Agents; Except Wholesale; Retail; and Farm Products,0.77,6240,670,5030,1380,33720,6050,4240,760,2630,15820,8060,1040,1140,10150,6210,2480,3410,3390,2660,910,6850,6060,11710,6250,1570,4760,710,1640,1880,1490,8540,1770,14740,8160,630,12950,3730,3170,13500,820,3210,690,3940,27360,2540,540,12520,11780,700,7100,320,13-1023,13-1023,"Purchasing Agents, Except Wholesale, Retail, and Farm Products",detailed,297600,0.5,32.41,67420,0.2,18.56,23.39,30.43,39.59,48.93,38600,48650,63300,82340,101770,,,13-1023.00,0.0,3.0,3.88
13-1031,Claims Adjusters; Examiners; and Investigators,0.98,3730,290,0,1450,32540,3340,4980,430,560,20020,8610,730,940,11180,3630,3020,3030,3870,3040,1690,6030,7250,5650,4790,1240,6950,0,2420,1500,1600,9490,910,20520,7860,650,9840,3310,3010,14240,1400,2480,710,5720,19650,1910,240,5110,5730,1340,6230,150,13-1031,13-1031,"Claims Adjusters, Examiners, and Investigators",detailed,274420,1.3,31.24,64990,0.7,18.05,23.09,30.62,37.97,46.04,37540,48020,63680,78980,95760,,,13-1031.00,0.88,2.62,4.25
13-1032,Insurance Appraisers; Auto Damage,0.98,0,0,460,0,0,90,210,0,0,1380,470,50,0,390,180,70,300,40,120,90,450,440,190,70,30,260,30,0,0,60,0,0,810,210,0,590,190,70,570,0,0,30,150,1840,70,0,540,270,0,70,0,13-1032,13-1032,"Insurance Appraisers, Auto Damage",detailed,15130,4.5,31.7,65930,1.0,20.55,25.18,30.53,37.77,45.67,42740,52380,63510,78560,95000,,,13-1032.00,1.38,2.62,3.75
13-1041,Compliance Officers,0.08,1400,720,0,2290,34290,5080,3750,990,4520,16260,7980,1240,1300,8200,3770,2010,2800,2410,4460,1030,6750,7070,5640,4870,2250,4760,930,2900,2000,1250,9600,1480,21130,6390,1110,7110,3880,2790,11360,570,3090,940,5010,23760,2550,2200,7520,7950,1110,3840,400,13-1041,13-1041,Compliance Officers,detailed,273910,0.7,33.77,70250,0.5,18.09,23.64,31.99,41.64,50.61,37630,49160,66540,86620,105260,,,13-1041.00,0.88,2.62,3.62
13-1041,Compliance Officers,0.08,1400,720,0,2290,34290,5080,3750,990,4520,16260,7980,1240,1300,8200,3770,2010,2800,2410,4460,1030,6750,7070,5640,4870,2250,4760,930,2900,2000,1250,9600,1480,21130,6390,1110,7110,3880,2790,11360,570,3090,940,5010,23760,2550,2200,7520,7950,1110,3840,400,13-1041,13-1041,Compliance Officers,detailed,273910,0.7,33.77,70250,0.5,18.09,23.64,31.99,41.64,50.61,37630,49160,66540,86620,105260,,,13-1041.01,1.75,3.12,4.25
13-1041,Compliance Officers,0.08,1400,720,0,2290,34290,5080,3750,990,4520,16260,7980,1240,1300,8200,3770,2010,2800,2410,4460,1030,6750,7070,5640,4870,2250,4760,930,2900,2000,1250,9600,1480,21130,6390,1110,7110,3880,2790,11360,570,3090,940,5010,23760,2550,2200,7520,7950,1110,3840,400,13-1041,13-1041,Compliance Officers,detailed,273910,0.7,33.77,70250,0.5,18.09,23.64,31.99,41.64,50.61,37630,49160,66540,86620,105260,,,13-1041.03,0.0,3.5,4.5
13-1041,Compliance Officers,0.08,1400,720,0,2290,34290,5080,3750,990,4520,16260,7980,1240,1300,8200,3770,2010,2800,2410,4460,1030,6750,7070,5640,4870,2250,4760,930,2900,2000,1250,9600,1480,21130,6390,1110,7110,3880,2790,11360,570,3090,940,5010,23760,2550,2200,7520,7950,1110,3840,400,13-1041,13-1041,Compliance Officers,detailed,273910,0.7,33.77,70250,0.5,18.09,23.64,31.99,41.64,50.61,37630,49160,66540,86620,105260,,,13-1041.04,2.12,3.0,4.12
13-1041,Compliance Officers,0.08,1400,720,0,2290,34290,5080,3750,990,4520,16260,7980,1240,1300,8200,3770,2010,2800,2410,4460,1030,6750,7070,5640,4870,2250,4760,930,2900,2000,1250,9600,1480,21130,6390,1110,7110,3880,2790,11360,570,3090,940,5010,23760,2550,2200,7520,7950,1110,3840,400,13-1041,13-1041,Compliance Officers,detailed,273910,0.7,33.77,70250,0.5,18.09,23.64,31.99,41.64,50.61,37630,49160,66540,86620,105260,,,13-1041.06,3.0,3.0,4.0
13-1041,Compliance Officers,0.08,1400,720,0,2290,34290,5080,3750,990,4520,16260,7980,1240,1300,8200,3770,2010,2800,2410,4460,1030,6750,7070,5640,4870,2250,4760,930,2900,2000,1250,9600,1480,21130,6390,1110,7110,3880,2790,11360,570,3090,940,5010,23760,2550,2200,7520,7950,1110,3840,400,13-1041,13-1041,Compliance Officers,detailed,273910,0.7,33.77,70250,0.5,18.09,23.64,31.99,41.64,50.61,37630,49160,66540,86620,105260,,,13-1041.07,0.0,3.12,4.62
13-1041,Compliance Officers,0.08,1400,720,0,2290,34290,5080,3750,990,4520,16260,7980,1240,1300,8200,3770,2010,2800,2410,4460,1030,6750,7070,5640,4870,2250,4760,930,2900,2000,1250,9600,1480,21130,6390,1110,7110,3880,2790,11360,570,3090,940,5010,23760,2550,2200,7520,7950,1110,3840,400,13-1041,13-1041,Compliance Officers,detailed,273910,0.7,33.77,70250,0.5,18.09,23.64,31.99,41.64,50.61,37630,49160,66540,86620,105260,,,13-1041.08,0.5,3.0,3.88
13-1051,Cost Estimators,0.57,2180,320,5250,1140,26570,4690,2280,980,530,13240,5260,1200,1150,6750,4510,2100,2060,2090,2300,840,4830,5830,6480,4120,950,4940,1050,1340,1810,810,5100,980,9840,6810,630,11180,1700,2900,9360,580,2730,730,3290,17070,2470,350,9150,5900,780,5180,260,13-1051,13-1051,Cost Estimators,detailed,214610,0.8,32.03,66620,0.3,17.25,22.75,29.71,38.74,49.64,35870,47330,61790,80570,103250,,,13-1051.00,0.12,3.0,4.12
13-1074,Farm Labor Contractors,0.97,0,0,0,0,350,0,0,0,0,0,0,0,0,0,0,0,0,0,0,0,0,0,0,0,0,0,0,0,0,0,0,0,0,0,0,0,0,0,0,0,0,0,0,0,0,0,0,0,0,0,0,13-1074,13-1074,Farm Labor Contractors,detailed,810,23.4,22.74,47290,9.0,8.71,10.23,16.9,28.97,45.85,18120,21280,35160,60260,95360,,,13-1074.00,2.12,2.0,3.0
13-1081,Logisticians,0.012,3460,280,2330,1390,16530,3030,0,0,1330,6150,5240,430,410,6450,2000,1270,1370,1670,870,280,4640,2390,7500,2690,660,2590,140,590,340,470,5980,670,2960,4090,320,5910,2220,1570,6150,410,2990,110,2390,13280,2370,150,7020,5920,280,2940,90,13-1081,13-1081,Logisticians,detailed,146060,1.1,37.41,77810,0.3,21.82,27.65,35.66,45.66,56.4,45380,57520,74170,94980,117310,,,13-1081.00,0.0,3.88,4.12
13-1081,Logisticians,0.012,3460,280,2330,1390,16530,3030,0,0,1330,6150,5240,430,410,6450,2000,1270,1370,1670,870,280,4640,2390,7500,2690,660,2590,140,590,340,470,5980,670,2960,4090,320,5910,2220,1570,6150,410,2990,110,2390,13280,2370,150,7020,5920,280,2940,90,13-1081,13-1081,Logisticians,detailed,146060,1.1,37.41,77810,0.3,21.82,27.65,35.66,45.66,56.4,45380,57520,74170,94980,117310,,,13-1081.01,0.0,4.0,4.5
13-1081,Logisticians,0.012,3460,280,2330,1390,16530,3030,0,0,1330,6150,5240,430,410,6450,2000,1270,1370,1670,870,280,4640,2390,7500,2690,660,2590,140,590,340,470,5980,670,2960,4090,320,5910,2220,1570,6150,410,2990,110,2390,13280,2370,150,7020,5920,280,2940,90,13-1081,13-1081,Logisticians,detailed,146060,1.1,37.41,77810,0.3,21.82,27.65,35.66,45.66,56.4,45380,57520,74170,94980,117310,,,13-1081.02,0.62,3.75,4.12
13-1111,Management Analysts,0.13,4590,670,10430,3520,102850,8830,8120,2220,19820,42770,22730,2190,2090,34280,10940,4200,4410,3490,3600,1110,18450,22540,0,12480,1480,6510,690,2370,2940,1900,12720,2480,40000,15220,560,17430,4430,5710,22750,2720,6720,2380,6350,35330,5610,620,46670,17110,1860,10170,370,13-1111,13-1111,Management Analysts,detailed,637690,0.9,44.19,91910,0.4,22.38,29.3,39.1,52.49,71.98,46560,60950,81330,109170,149720,,,13-1111.00,0.0,3.75,4.12
13-1121,Meeting; Convention; and Event Planners,0.037,400,110,1850,410,12830,2880,700,230,2630,6470,2420,520,430,4220,1150,840,610,700,500,240,2850,2310,2070,1520,270,1790,410,450,1090,400,2760,420,9160,2320,200,2160,1010,1320,3040,350,1290,250,1400,7000,820,280,3900,0,230,1520,180,13-1121,13-1121,"Meeting, Convention, and Event Planners",detailed,95850,1.5,25.01,52020,0.9,12.34,16.72,22.76,30.36,39.92,25670,34790,47350,63140,83030,,,13-1121.00,2.0,3.62,3.88
13-1141,Compensation; Benefits; and Job Analysis Specialists,0.47,590,160,1880,660,10650,1140,1070,170,520,3870,2760,250,240,2650,970,480,450,720,1240,340,1970,2250,1620,1870,310,1420,170,570,370,250,2300,190,8910,2450,140,3050,770,880,3240,250,820,590,1740,5730,510,190,2340,1720,260,1450,60,13-1141,13-1141,"Compensation, Benefits, and Job Analysis Specialists",detailed,79190,1.2,31.97,66490,0.4,18.8,23.28,29.85,38.08,48.57,39090,48420,62080,79220,101020,,,13-1141.00,0.38,3.25,3.88
13-1151,Training and Development Specialists,0.014,2670,0,7710,2740,26660,5370,3270,990,1460,14800,9690,940,1030,9730,5460,2720,3330,3030,2100,950,7060,6800,5370,6320,1330,5270,650,2360,2500,1050,6350,1810,18950,8860,650,9090,2760,3160,10310,810,3940,510,5450,23370,4560,670,10800,5780,920,6270,390,13-1151,13-1151,Training and Development Specialists,detailed,269710,1.1,30.46,63350,0.3,15.58,20.65,28.37,38.12,48.56,32410,42950,59020,79280,101010,,,13-1151.00,0.0,3.88,4.0
13-1161,Market Research Analysts and Marketing Specialists,0.61,3110,450,10180,3170,91340,14740,7220,1950,5420,26860,19000,970,1450,22050,8440,4470,5000,3890,2350,750,9980,20300,14790,13740,1510,9980,870,2950,0,1940,16100,1230,56860,15740,760,21350,3340,5540,24490,1520,0,630,7180,29320,6250,1520,18500,16230,830,11210,350,13-1161,13-1161,Market Research Analysts and Marketing Specialists,detailed,558630,0.8,33.95,70620,0.5,16.32,21.9,30.08,42.44,58.52,33950,45550,62560,88260,121720,,,13-1161.00,0.5,3.38,4.0
13-1161,Market Research Analysts and Marketing Specialists,0.61,3110,450,10180,3170,91340,14740,7220,1950,5420,26860,19000,970,1450,22050,8440,4470,5000,3890,2350,750,9980,20300,14790,13740,1510,9980,870,2950,0,1940,16100,1230,56860,15740,760,21350,3340,5540,24490,1520,0,630,7180,29320,6250,1520,18500,16230,830,11210,350,13-1161,13-1161,Market Research Analysts and Marketing Specialists,detailed,558630,0.8,33.95,70620,0.5,16.32,21.9,30.08,42.44,58.52,33950,45550,62560,88260,121720,,,13-1161.01,0.38,3.88,3.88
13-1199,Business Operations Specialists; All Other,0.23,6870,2830,12320,9220,138000,40420,7870,1190,31000,77000,34010,4770,2660,54880,13600,10270,8330,8280,17430,3430,21060,11550,26280,24500,3220,14710,3200,4540,6220,3570,44410,7240,23420,34370,2550,33180,4750,15260,15900,2160,3970,730,12880,67810,7710,930,30530,32530,2740,11140,1220,13-1199,13-1199,"Business Operations Specialists, All Other",detailed,958670,0.5,35.99,74870,0.3,18.28,24.75,33.19,44.27,56.97,38020,51480,69040,92080,118500,,,13-1199.04,0.0,3.75,4.62
13-1199,Business Operations Specialists; All Other,0.23,6870,2830,12320,9220,138000,40420,7870,1190,31000,77000,34010,4770,2660,54880,13600,10270,8330,8280,17430,3430,21060,11550,26280,24500,3220,14710,3200,4540,6220,3570,44410,7240,23420,34370,2550,33180,4750,15260,15900,2160,3970,730,12880,67810,7710,930,30530,32530,2740,11140,1220,13-1199,13-1199,"Business Operations Specialists, All Other",detailed,958670,0.5,35.99,74870,0.3,18.28,24.75,33.19,44.27,56.97,38020,51480,69040,92080,118500,,,13-1199.05,0.0,3.62,4.0
13-1199,Business Operations Specialists; All Other,0.23,6870,2830,12320,9220,138000,40420,7870,1190,31000,77000,34010,4770,2660,54880,13600,10270,8330,8280,17430,3430,21060,11550,26280,24500,3220,14710,3200,4540,6220,3570,44410,7240,23420,34370,2550,33180,4750,15260,15900,2160,3970,730,12880,67810,7710,930,30530,32530,2740,11140,1220,13-1199,13-1199,"Business Operations Specialists, All Other",detailed,958670,0.5,35.99,74870,0.3,18.28,24.75,33.19,44.27,56.97,38020,51480,69040,92080,118500,,,13-1199.06,0.5,2.88,3.88
13-1199,Business Operations Specialists; All Other,0.23,6870,2830,12320,9220,138000,40420,7870,1190,31000,77000,34010,4770,2660,54880,13600,10270,8330,8280,17430,3430,21060,11550,26280,24500,3220,14710,3200,4540,6220,3570,44410,7240,23420,34370,2550,33180,4750,15260,15900,2160,3970,730,12880,67810,7710,930,30530,32530,2740,11140,1220,13-1199,13-1199,"Business Operations Specialists, All Other",detailed,958670,0.5,35.99,74870,0.3,18.28,24.75,33.19,44.27,56.97,38020,51480,69040,92080,118500,,,13-1199.07,1.38,3.88,4.0
13-2011,Accountants and Auditors,0.94,15360,2350,20200,5980,147320,34150,15480,5890,11080,75640,36360,4840,3970,51350,20010,9630,12010,10610,11010,4390,26510,35730,30510,27130,5480,24130,3140,8700,7610,4780,36640,6580,108800,31080,3870,42890,14150,12050,52590,4550,14470,4540,16430,118320,10600,3050,40220,27370,3840,21300,1840,13-2011,13-2011,Accountants and Auditors,detailed,1246540,0.6,36.89,76730,0.4,20.26,25.6,32.76,43.59,58.13,42140,53240,68150,90670,120910,,,13-2011.00,1.0,3.0,3.5
13-2031,Budget Analysts,0.94,860,290,1150,430,7080,1140,1000,140,1960,2910,1400,260,170,1400,500,280,0,1180,430,150,2230,2060,870,430,410,720,220,310,300,90,2380,620,3430,960,120,0,790,700,1450,170,310,130,460,4930,310,80,3610,1310,210,0,110,13-2031,13-2031,Budget Analysts,detailed,54700,1.1,37.1,77170,0.4,23.22,28.3,35.5,44.66,53.58,48300,58860,73840,92890,111460,,,13-2031.00,0.62,3.0,3.88
13-2041,Credit Analysts,0.98,490,0,1130,520,7910,1300,1240,1150,220,2780,1830,80,240,2930,800,1190,570,500,300,190,0,1940,1230,3460,380,1330,130,520,0,150,0,160,7630,2910,190,2810,560,610,2400,0,810,380,1180,7940,830,100,1840,900,100,1850,40,13-2041,13-2041,Credit Analysts,detailed,72930,1.9,39.02,81160,0.9,19.64,25.25,33.62,46.59,66.21,40860,52510,69930,96910,137730,,,13-2041.00,0.62,2.62,4.0
13-2052,Personal Financial Advisors,0.58,2060,130,3890,910,24580,3950,4300,570,500,11270,5390,460,680,12890,3900,1710,1870,1540,1250,410,5110,6520,4580,3810,770,4280,370,1080,710,700,6800,510,27790,5500,500,5670,1170,1870,8350,0,1680,350,2330,12660,1920,350,4560,3890,460,4370,200,13-2052,13-2052,Personal Financial Advisors,detailed,201850,1.4,59.18,123100,1.0,19.79,27.63,43.53,77.16,#,41160,57460,90530,160490,#,,,13-2052.00,0.0,3.0,4.12
13-2053,Insurance Underwriters,0.99,960,120,1470,200,7440,1390,3160,200,0,4300,6050,280,190,5390,1060,1760,0,330,1240,410,1930,3230,1760,1750,280,2090,130,1590,300,370,3580,140,7860,2390,350,4860,530,730,4900,420,910,270,880,5660,460,190,2280,1970,170,2290,90,13-2053,13-2053,Insurance Underwriters,detailed,91650,2.3,36.29,75480,0.8,19.31,24.66,32.54,44.12,58.38,40160,51290,67680,91780,121430,,,13-2053.00,0.75,2.75,3.88
13-2061,Financial Examiners,0.17,1030,80,0,180,4300,1030,560,0,550,2930,770,90,130,2030,410,930,330,480,230,160,440,1530,690,1400,150,1790,90,240,180,160,2130,100,5140,2190,150,3330,460,490,1640,360,300,180,620,3600,400,50,1710,410,100,1400,0,13-2061,13-2061,Financial Examiners,detailed,49750,1.7,42.76,88940,1.1,22.31,28.75,38.11,52.48,71.34,46400,59810,79280,109160,148390,,,13-2061.00,0.12,3.12,4.5
13-2071,Credit Counselors,0.04,80,0,0,50,4310,120,0,180,90,3050,380,40,100,1460,230,410,80,0,0,240,670,1390,890,670,280,600,80,0,80,260,0,250,1910,440,60,910,560,460,1980,180,280,60,0,2360,390,40,590,410,190,330,0,13-2071,13-2071,Credit Counselors,detailed,34110,4.7,23.79,49480,1.3,14.19,17.1,21.34,27.15,36.17,29510,35570,44380,56470,75220,,,13-2071.00,0.38,3.0,4.0
13-2072,Loan Officers,0.98,3740,700,9840,2360,38100,5320,2200,940,650,21060,7650,1160,2520,13380,4640,5180,3900,4140,3670,1260,4540,5330,0,7540,2250,7350,1400,2980,2200,1070,6570,1210,11250,12690,1220,11980,4230,3640,11800,1230,4200,1580,6380,22400,4550,570,9170,6710,820,6800,730,13-2072,13-2072,Loan Officers,detailed,305700,1.1,36.67,76260,0.5,15.78,21.68,30.6,44.53,63.6,32820,45100,63650,92610,132290,,,13-2072.00,1.0,2.5,4.0
13-2081,Tax Examiners and Collectors; and Revenue Agents,0.93,1110,70,560,520,8870,680,1020,100,0,4220,2160,100,290,1490,580,190,0,1910,610,290,480,1650,600,1080,390,2170,130,220,240,320,1450,260,5270,1530,80,1640,420,540,3320,320,280,140,1200,4000,1860,100,1410,1090,460,510,0,13-2081,13-2081,"Tax Examiners and Collectors, and Revenue Agents",detailed,58450,0.3,27.86,57950,0.3,15.32,19.27,25.03,34.66,46.85,31860,40090,52060,72090,97440,,,13-2081.00,1.0,2.62,3.75
13-2082,Tax Preparers,0.99,590,240,1500,630,10590,1140,690,100,200,3500,3320,230,260,0,2020,690,610,1060,1050,360,660,1440,2440,1080,540,1240,230,210,470,250,1320,340,2380,1810,110,2040,1360,1400,1750,250,980,260,1310,6850,790,0,2200,0,310,750,50,13-2082,13-2082,Tax Preparers,detailed,70030,2.8,21.8,45340,1.7,9.42,11.8,17.57,27.83,38.58,19600,24550,36550,57880,80250,,,13-2082.00,0.38,3.0,3.62
13-2099,Financial Specialists; All Other,0.33,740,370,1460,310,14390,3410,1060,560,3180,6550,4090,660,380,6850,2060,1360,500,1420,1140,360,4900,2800,4890,3330,500,0,280,260,1150,530,6590,990,4230,3630,340,5360,660,1280,4000,690,870,70,1590,9090,980,120,4380,3430,580,1710,90,13-2099,13-2099,"Financial Specialists, All Other",detailed,123270,1.2,36.65,76230,0.6,18.75,24.98,33.4,44.38,57.1,39000,51950,69470,92310,118780,,,13-2099.01,0.5,3.62,4.75
13-2099,Financial Specialists; All Other,0.33,740,370,1460,310,14390,3410,1060,560,3180,6550,4090,660,380,6850,2060,1360,500,1420,1140,360,4900,2800,4890,3330,500,0,280,260,1150,530,6590,990,4230,3630,340,5360,660,1280,4000,690,870,70,1590,9090,980,120,4380,3430,580,1710,90,13-2099,13-2099,"Financial Specialists, All Other",detailed,123270,1.2,36.65,76230,0.6,18.75,24.98,33.4,44.38,57.1,39000,51950,69470,92310,118780,,,13-2099.04,0.12,3.12,4.5
15-2011,Actuaries,0.21,60,0,200,60,1410,260,850,70,180,580,260,0,40,1590,230,710,490,0,0,130,420,1100,420,400,50,460,0,290,0,100,810,30,2410,380,0,990,40,110,1530,190,90,0,80,1180,140,0,200,350,0,660,0,15-2011,15-2011,Actuaries,detailed,19940,3.5,54.87,114120,1.3,28.32,35.81,48.37,67.4,89.54,58910,74480,100610,140190,186250,,,15-2011.00,0.0,3.62,4.88
15-2021,Mathematicians,0.047,0,0,0,0,720,30,0,0,70,110,0,0,0,140,0,0,0,0,0,0,160,70,0,0,0,0,0,0,0,0,70,60,40,0,0,40,0,0,40,60,0,0,0,130,0,0,470,0,0,0,0,15-2021,15-2021,Mathematicians,detailed,2730,5.1,50.77,105600,1.7,26.39,34.83,50.87,62.37,77.07,54890,72440,105810,129730,160310,,,15-2021.00,0.0,4.75,5.0
15-2031,Operations Research Analysts,0.035,720,130,4370,550,14590,1030,1420,860,910,6340,2510,320,390,8360,1390,570,1160,930,1120,330,3880,4590,1580,2530,220,990,110,740,350,0,1640,350,5710,2300,130,3790,620,1100,2500,460,920,0,1770,10620,780,60,7930,3060,230,1440,0,15-2031,15-2031,Operations Research Analysts,detailed,109150,2.4,40.55,84340,0.7,20.87,27.6,38.08,50.68,63.78,43400,57400,79200,105410,132660,,,15-2031.00,0.0,4.0,4.12
15-2041,Statisticians,0.22,170,50,810,170,4120,450,500,120,1430,830,730,0,50,1270,660,200,230,90,50,100,3000,2640,660,890,60,890,40,200,90,130,700,80,1040,1170,70,670,280,560,2510,30,390,0,600,1590,210,40,1120,1040,130,470,0,15-2041,15-2041,Statisticians,detailed,33440,1.9,40.94,85160,1.0,22.35,29.22,38.7,50.2,62.54,46500,60770,80500,104420,130090,,,15-2041.00,0.0,3.62,4.5
15-2041,Statisticians,0.22,170,50,810,170,4120,450,500,120,1430,830,730,0,50,1270,660,200,230,90,50,100,3000,2640,660,890,60,890,40,200,90,130,700,80,1040,1170,70,670,280,560,2510,30,390,0,600,1590,210,40,1120,1040,130,470,0,15-2041,15-2041,Statisticians,detailed,33440,1.9,40.94,85160,1.0,22.35,29.22,38.7,50.2,62.54,46500,60770,80500,104420,130090,,,15-2041.01,0.5,3.88,4.88
17-1011,Architects; Except Landscape and Naval,0.018,1110,210,1510,560,13560,3210,1060,170,1930,4800,2380,620,280,4790,1120,480,840,750,1090,200,2350,3050,2130,1830,270,1960,430,660,360,180,1790,520,12550,2010,260,2820,700,1620,3780,280,1050,100,990,8520,760,250,2960,3520,160,1220,120,17-1011,17-1011,"Architects, Except Landscape and Naval",detailed,99860,1.9,40.61,84470,0.8,22.4,28.36,36.99,47.98,62.41,46600,59000,76930,99790,129810,,,17-1011.00,1.88,4.38,4.75
17-1012,Landscape Architects,0.045,40,30,360,100,2700,310,230,0,50,1470,880,140,40,400,240,220,170,110,140,0,400,770,490,280,0,310,30,70,0,0,520,0,1470,440,50,760,140,480,650,100,340,110,180,1460,200,130,690,750,40,560,0,17-1012,17-1012,Landscape Architects,detailed,19420,4.7,33.08,68820,1.5,18.72,23.55,30.52,40.16,51.33,38950,48990,63480,83530,106770,,,17-1012.00,1.62,4.0,3.88
17-1021,Cartographers and Photogrammetrists,0.88,170,150,240,60,1570,870,80,0,0,520,140,50,180,270,90,0,140,110,0,60,470,90,360,250,40,170,100,70,130,120,180,80,170,520,40,90,110,480,210,0,350,90,140,1590,140,40,440,400,40,240,90,17-1021,17-1021,Cartographers and Photogrammetrists,detailed,12100,2.5,31.81,66160,0.7,19.11,23.61,30.17,38.4,47.98,39740,49100,62750,79870,99800,,,17-1021.00,2.0,3.0,3.75
17-1022,Surveyors,0.38,570,310,670,590,4220,1390,500,80,0,3320,940,200,290,1070,920,350,520,530,920,230,890,1100,1210,760,520,700,330,330,410,240,1260,340,1670,960,370,1040,700,620,1580,80,860,140,800,4250,660,100,1470,850,460,720,260,17-1022,17-1022,Surveyors,detailed,43340,1.8,30.52,63480,0.7,16.17,21.32,28.56,37.89,47.29,33630,44350,59390,78800,98360,,,17-1022.00,2.75,3.0,4.0
17-1022,Surveyors,0.38,570,310,670,590,4220,1390,500,80,0,3320,940,200,290,1070,920,350,520,530,920,230,890,1100,1210,760,520,700,330,330,410,240,1260,340,1670,960,370,1040,700,620,1580,80,860,140,800,4250,660,100,1470,850,460,720,260,17-1022,17-1022,Surveyors,detailed,43340,1.8,30.52,63480,0.7,16.17,21.32,28.56,37.89,47.29,33630,44350,59390,78800,98360,,,17-1022.01,2.0,2.88,4.12
17-2011,Aerospace Engineers,0.017,4470,0,1910,0,10800,2410,1780,0,310,2490,2620,0,0,370,210,0,2370,130,0,0,3180,1080,1330,340,110,0,40,110,360,70,1750,730,380,710,0,4890,1170,110,1200,0,0,0,310,7450,800,0,2350,0,160,0,0,17-2011,17-2011,Aerospace Engineers,detailed,68510,2.5,53.85,112010,0.7,33.24,41.11,52.72,64.91,77.06,69150,85500,109650,135020,160290,,,17-2011.00,0.0,4.12,4.88
17-2021,Agricultural Engineers,0.49,0,0,0,40,370,30,0,0,0,140,100,0,0,40,70,150,30,50,0,0,0,0,0,0,0,0,0,50,0,0,0,0,0,0,0,90,0,0,90,0,0,0,0,100,60,0,0,0,0,0,0,17-2021,17-2021,Agricultural Engineers,detailed,1980,7.1,37.18,77330,1.6,21.88,28.12,35.4,44.39,56.31,45510,58500,73640,92330,117130,,,17-2021.00,1.25,3.62,4.0
17-2031,Biomedical Engineers,0.037,0,0,750,50,4760,510,170,0,50,650,340,0,0,350,780,80,0,70,50,40,660,2880,220,1160,0,160,0,30,0,90,390,100,780,360,0,680,70,320,1010,0,70,0,300,1090,580,0,230,300,50,180,0,17-2031,17-2031,Biomedical Engineers,detailed,20590,4.1,43.25,89970,0.9,24.54,31.59,41.16,51.85,64.72,51050,65700,85620,107850,134620,,,17-2031.00,1.88,4.38,4.62
17-2041,Chemical Engineers,0.017,510,0,120,110,2390,630,280,500,80,420,570,0,70,720,400,200,130,480,2380,60,710,1010,670,450,150,590,0,140,50,130,1300,90,1130,790,30,1430,350,210,1530,0,690,0,690,6970,120,0,1130,450,280,530,90,17-2041,17-2041,Chemical Engineers,detailed,31990,2.8,50.68,105420,0.8,29.22,36.73,47.28,60.6,76.34,60770,76390,98340,126050,158800,,,17-2041.00,0.12,4.0,5.0
17-2051,Civil Engineers,0.019,3970,1210,4870,1340,38440,8650,3280,810,990,16930,9400,2150,1940,10710,2890,1970,2130,2730,3170,1060,7610,7370,7590,4230,1630,4420,1590,1410,1900,1350,7450,1330,15450,7170,1200,7700,2200,3950,12490,780,5400,1110,4990,26580,3250,740,9410,11270,1390,5390,810,17-2051,17-2051,Civil Engineers,detailed,287800,1.1,43.14,89730,0.4,25.71,31.41,40.16,51.51,63.89,53470,65330,83540,107140,132880,,,17-2051.00,0.0,4.0,4.62
17-2051,Civil Engineers,0.019,3970,1210,4870,1340,38440,8650,3280,810,990,16930,9400,2150,1940,10710,2890,1970,2130,2730,3170,1060,7610,7370,7590,4230,1630,4420,1590,1410,1900,1350,7450,1330,15450,7170,1200,7700,2200,3950,12490,780,5400,1110,4990,26580,3250,740,9410,11270,1390,5390,810,17-2051,17-2051,Civil Engineers,detailed,287800,1.1,43.14,89730,0.4,25.71,31.41,40.16,51.51,63.89,53470,65330,83540,107140,132880,,,17-2051.01,0.5,3.75,4.0
17-2051,Civil Engineers,0.019,3970,1210,4870,1340,38440,8650,3280,810,990,16930,9400,2150,1940,10710,2890,1970,2130,2730,3170,1060,7610,7370,7590,4230,1630,4420,1590,1410,1900,1350,7450,1330,15450,7170,1200,7700,2200,3950,12490,780,5400,1110,4990,26580,3250,740,9410,11270,1390,5390,810,17-2051,17-2051,Civil Engineers,detailed,287800,1.1,43.14,89730,0.4,25.71,31.41,40.16,51.51,63.89,53470,65330,83540,107140,132880,,,17-2051.02,0.0,3.88,4.12
17-2061,Computer Hardware Engineers,0.22,1460,70,670,190,25790,3700,340,0,420,2100,1370,180,330,1430,310,280,430,0,210,0,3690,2960,1470,1600,290,220,0,400,180,270,690,0,1640,1560,0,1070,150,0,1190,190,310,0,730,3590,1330,30,1380,1810,190,890,0,17-2061,17-2061,Computer Hardware Engineers,detailed,72950,4.9,57.07,118700,1.4,32.15,42.45,55.33,70.24,82.7,66870,88290,115080,146110,172010,,,17-2061.00,1.88,4.0,4.12
17-2071,Electrical Engineers,0.1,4330,360,4120,880,25320,3630,2340,410,460,6250,4230,900,1230,5500,3420,1320,2070,1300,1380,430,4730,8350,9780,3990,950,3530,500,940,690,1710,4190,2020,11280,5100,560,6200,1230,2510,6980,430,2060,280,2440,14850,1560,490,6340,5540,490,3850,330,17-2071,17-2071,Electrical Engineers,detailed,183770,1.3,47.41,98620,0.4,28.71,35.54,45.29,57.54,71.65,59720,73910,94210,119690,149040,,,17-2071.00,2.12,3.5,4.12
17-2072,Electronics Engineers; Except Computer,0.025,2250,150,5490,300,27690,5940,0,120,0,5220,5830,470,0,3120,2640,300,980,550,730,210,4750,3780,3030,1500,520,1920,90,200,820,500,3770,1160,3450,2990,90,3710,1840,1800,3450,1160,1310,120,1000,12900,1520,70,4770,3560,240,950,100,17-2072,17-2072,"Electronics Engineers, Except Computer",detailed,132100,2.3,49.89,103760,0.5,30.65,37.54,47.7,59.63,74.68,63760,78070,99210,124030,155330,,,17-2072.00,2.88,4.0,4.12
17-2072,Electronics Engineers; Except Computer,0.025,2250,150,5490,300,27690,5940,0,120,0,5220,5830,470,0,3120,2640,300,980,550,730,210,4750,3780,3030,1500,520,1920,90,200,820,500,3770,1160,3450,2990,90,3710,1840,1800,3450,1160,1310,120,1000,12900,1520,70,4770,3560,240,950,100,17-2072,17-2072,"Electronics Engineers, Except Computer",detailed,132100,2.3,49.89,103760,0.5,30.65,37.54,47.7,59.63,74.68,63760,78070,99210,124030,155330,,,17-2072.01,2.0,3.12,3.88
17-2081,Environmental Engineers,0.018,760,460,690,190,7360,1810,680,170,310,2530,1790,190,530,1590,520,330,430,400,490,200,1340,2630,1490,900,400,950,340,370,310,150,1490,410,3300,1180,160,1210,710,620,3250,200,790,90,1130,2910,400,100,1200,1560,320,720,240,17-2081,17-2081,Environmental Engineers,detailed,52280,1.8,42.56,88530,0.6,23.96,30.7,40.81,51.89,62.56,49830,63860,84890,107920,130120,,,17-2081.00,0.0,4.0,4.0
17-2111,Health and Safety Engineers; Except Mining Safety Engineers and Inspectors,0.028,410,230,400,200,2790,430,140,120,160,910,1260,160,120,660,470,140,180,190,650,80,720,640,690,490,150,420,100,80,290,70,370,300,1830,490,70,530,550,160,930,0,620,80,850,2990,230,70,610,520,130,710,0,17-2111,17-2111,"Health and Safety Engineers, Except Mining Safety Engineers and Inspectors",detailed,25410,2.1,43.36,90190,0.6,24.32,31.48,41.69,53.25,64.47,50580,65490,86720,110760,134110,,,17-2111.00,0.0,3.25,3.88
17-2111,Health and Safety Engineers; Except Mining Safety Engineers and Inspectors,0.028,410,230,400,200,2790,430,140,120,160,910,1260,160,120,660,470,140,180,190,650,80,720,640,690,490,150,420,100,80,290,70,370,300,1830,490,70,530,550,160,930,0,620,80,850,2990,230,70,610,520,130,710,0,17-2111,17-2111,"Health and Safety Engineers, Except Mining Safety Engineers and Inspectors",detailed,25410,2.1,43.36,90190,0.6,24.32,31.48,41.69,53.25,64.47,50580,65490,86720,110760,134110,,,17-2111.02,0.0,3.75,4.25
17-2112,Industrial Engineers,0.029,4930,60,4200,1500,24390,3260,4570,480,240,9750,6310,60,910,13270,8870,2530,2210,4590,1750,690,2660,8340,26660,8660,1630,4600,200,1310,410,1310,3660,920,10290,8270,410,14720,1680,3690,9310,590,6860,530,6440,16060,1850,550,3650,7680,520,8330,200,17-2112,17-2112,Industrial Engineers,detailed,256550,1.1,42.56,88530,0.4,26,32.37,40.53,50.59,62.21,54070,67330,84310,105230,129390,,,17-2112.00,0.12,3.5,4.12
17-2112,Industrial Engineers,0.029,4930,60,4200,1500,24390,3260,4570,480,240,9750,6310,60,910,13270,8870,2530,2210,4590,1750,690,2660,8340,26660,8660,1630,4600,200,1310,410,1310,3660,920,10290,8270,410,14720,1680,3690,9310,590,6860,530,6440,16060,1850,550,3650,7680,520,8330,200,17-2112,17-2112,Industrial Engineers,detailed,256550,1.1,42.56,88530,0.4,26,32.37,40.53,50.59,62.21,54070,67330,84310,105230,129390,,,17-2112.01,0.0,3.88,4.38
17-2112,Industrial Engineers,0.029,4930,60,4200,1500,24390,3260,4570,480,240,9750,6310,60,910,13270,8870,2530,2210,4590,1750,690,2660,8340,26660,8660,1630,4600,200,1310,410,1310,3660,920,10290,8270,410,14720,1680,3690,9310,590,6860,530,6440,16060,1850,550,3650,7680,520,8330,200,17-2112,17-2112,Industrial Engineers,detailed,256550,1.1,42.56,88530,0.4,26,32.37,40.53,50.59,62.21,54070,67330,84310,105230,129390,,,17-2112.02,0.25,3.12,4.12
17-2112,Industrial Engineers,0.029,4930,60,4200,1500,24390,3260,4570,480,240,9750,6310,60,910,13270,8870,2530,2210,4590,1750,690,2660,8340,26660,8660,1630,4600,200,1310,410,1310,3660,920,10290,8270,410,14720,1680,3690,9310,590,6860,530,6440,16060,1850,550,3650,7680,520,8330,200,17-2112,17-2112,Industrial Engineers,detailed,256550,1.1,42.56,88530,0.4,26,32.37,40.53,50.59,62.21,54070,67330,84310,105230,129390,,,17-2112.03,2.25,4.12,4.0
17-2121,Marine Engineers and Naval Architects,0.01,0,0,0,0,590,0,240,0,810,270,0,120,0,0,0,0,0,0,280,350,480,250,0,0,390,0,0,0,0,0,100,0,0,0,0,0,0,30,0,0,0,0,0,970,0,0,1710,630,0,0,0,17-2121,17-2121,Marine Engineers and Naval Architects,detailed,8120,6.8,48.01,99860,2.0,28.17,34.9,44.88,57.79,73.29,58580,72600,93350,120210,152450,,,17-2121.00,2.12,3.88,4.38
17-2131,Materials Engineers,0.021,540,70,1090,50,3290,710,690,0,160,560,460,0,190,740,870,100,160,90,60,80,700,780,1300,370,90,410,60,90,90,70,350,310,1220,550,0,1590,190,0,1420,40,500,0,710,2100,400,0,490,0,70,560,0,17-2131,17-2131,Materials Engineers,detailed,26800,4.0,46.66,97050,1.4,26.38,33.95,44.86,58.23,71.56,54870,70620,93310,121120,148840,,,17-2131.00,1.88,4.25,4.38
17-2141,Mechanical Engineers,0.011,3460,530,4370,1130,24830,5440,5970,690,780,6980,4810,680,820,14500,8120,2370,2520,3240,1990,920,4990,9180,42080,7040,1170,3420,370,950,660,1680,4890,1200,11330,7100,610,14920,2580,3860,13440,1210,5220,520,3980,19690,3510,490,6950,7750,380,10290,230,17-2141,17-2141,Mechanical Engineers,detailed,285790,1.6,43.17,89800,0.4,26.16,32.24,40.48,51.16,63.15,54420,67070,84190,106420,131350,,,17-2141.00,1.0,4.0,4.12
17-2141,Mechanical Engineers,0.011,3460,530,4370,1130,24830,5440,5970,690,780,6980,4810,680,820,14500,8120,2370,2520,3240,1990,920,4990,9180,42080,7040,1170,3420,370,950,660,1680,4890,1200,11330,7100,610,14920,2580,3860,13440,1210,5220,520,3980,19690,3510,490,6950,7750,380,10290,230,17-2141,17-2141,Mechanical Engineers,detailed,285790,1.6,43.17,89800,0.4,26.16,32.24,40.48,51.16,63.15,54420,67070,84190,106420,131350,,,17-2141.01,2.25,4.0,4.25
17-2141,Mechanical Engineers,0.011,3460,530,4370,1130,24830,5440,5970,690,780,6980,4810,680,820,14500,8120,2370,2520,3240,1990,920,4990,9180,42080,7040,1170,3420,370,950,660,1680,4890,1200,11330,7100,610,14920,2580,3860,13440,1210,5220,520,3980,19690,3510,490,6950,7750,380,10290,230,17-2141,17-2141,Mechanical Engineers,detailed,285790,1.6,43.17,89800,0.4,26.16,32.24,40.48,51.16,63.15,54420,67070,84190,106420,131350,,,17-2141.02,1.0,4.62,4.75
17-2151,Mining and Geological Engineers; Including Mining Safety Engineers,0.14,180,160,340,0,630,610,0,0,0,100,90,0,60,250,50,0,0,190,0,0,0,0,50,370,0,40,0,0,400,0,0,180,140,80,70,110,330,0,410,0,0,0,50,720,290,0,0,100,260,0,190,17-2151,17-2151,"Mining and Geological Engineers, Including Mining Safety Engineers",detailed,6940,5.7,49.52,103010,2.4,26.68,33.96,45.06,61.26,77.17,55490,70630,93720,127420,160510,,,17-2151.00,0.0,3.88,4.5
17-2161,Nuclear Engineers,0.07,200,0,0,0,530,0,340,0,0,130,230,0,270,620,0,0,0,0,140,0,0,0,0,0,0,0,0,200,0,0,240,820,540,900,0,0,0,0,1880,0,1310,0,750,540,0,0,2730,1420,0,0,0,17-2161,17-2161,Nuclear Engineers,detailed,17680,5.2,50.94,105950,1.5,31.53,39.79,49.14,59.82,73.28,65570,82770,102220,124420,152420,,,17-2161.00,0.5,3.88,4.88
17-2171,Petroleum Engineers,0.16,130,790,40,90,2310,1680,0,0,0,0,60,0,0,190,0,0,140,0,1880,0,0,0,130,0,0,40,250,0,0,0,0,230,0,0,110,370,2830,0,970,0,0,0,0,17780,220,0,300,160,270,0,540,17-2171,17-2171,Petroleum Engineers,detailed,32780,5.0,70.69,147030,1.3,35.1,46.84,61.65,86.27,#,73000,97430,128230,179450,#,,,17-2171.00,0.0,3.88,4.38
17-2199,Engineers; All Other,0.014,3440,620,1860,500,16290,2130,1240,0,2690,5120,2760,670,570,4830,1910,1460,630,920,4020,610,4830,2390,7410,2690,380,1260,200,980,580,680,3990,2280,2770,2170,360,6980,950,2530,4370,440,590,0,2490,9070,740,60,4330,3530,370,1490,110,17-2199,17-2199,"Engineers, All Other",detailed,123390,1.4,47.71,99250,0.4,25.27,34.37,46.78,60.08,73.55,52570,71490,97300,124960,152970,,,17-2199.03,0.0,3.62,4.25
17-2199,Engineers; All Other,0.014,3440,620,1860,500,16290,2130,1240,0,2690,5120,2760,670,570,4830,1910,1460,630,920,4020,610,4830,2390,7410,2690,380,1260,200,980,580,680,3990,2280,2770,2170,360,6980,950,2530,4370,440,590,0,2490,9070,740,60,4330,3530,370,1490,110,17-2199,17-2199,"Engineers, All Other",detailed,123390,1.4,47.71,99250,0.4,25.27,34.37,46.78,60.08,73.55,52570,71490,97300,124960,152970,,,17-2199.05,1.25,4.12,4.0
17-2199,Engineers; All Other,0.014,3440,620,1860,500,16290,2130,1240,0,2690,5120,2760,670,570,4830,1910,1460,630,920,4020,610,4830,2390,7410,2690,380,1260,200,980,580,680,3990,2280,2770,2170,360,6980,950,2530,4370,440,590,0,2490,9070,740,60,4330,3530,370,1490,110,17-2199,17-2199,"Engineers, All Other",detailed,123390,1.4,47.71,99250,0.4,25.27,34.37,46.78,60.08,73.55,52570,71490,97300,124960,152970,,,17-2199.06,2.75,4.0,4.12
17-2199,Engineers; All Other,0.014,3440,620,1860,500,16290,2130,1240,0,2690,5120,2760,670,570,4830,1910,1460,630,920,4020,610,4830,2390,7410,2690,380,1260,200,980,580,680,3990,2280,2770,2170,360,6980,950,2530,4370,440,590,0,2490,9070,740,60,4330,3530,370,1490,110,17-2199,17-2199,"Engineers, All Other",detailed,123390,1.4,47.71,99250,0.4,25.27,34.37,46.78,60.08,73.55,52570,71490,97300,124960,152970,,,17-2199.07,2.5,4.62,4.75
17-2199,Engineers; All Other,0.014,3440,620,1860,500,16290,2130,1240,0,2690,5120,2760,670,570,4830,1910,1460,630,920,4020,610,4830,2390,7410,2690,380,1260,200,980,580,680,3990,2280,2770,2170,360,6980,950,2530,4370,440,590,0,2490,9070,740,60,4330,3530,370,1490,110,17-2199,17-2199,"Engineers, All Other",detailed,123390,1.4,47.71,99250,0.4,25.27,34.37,46.78,60.08,73.55,52570,71490,97300,124960,152970,,,17-2199.08,3.0,4.62,4.62
17-2199,Engineers; All Other,0.014,3440,620,1860,500,16290,2130,1240,0,2690,5120,2760,670,570,4830,1910,1460,630,920,4020,610,4830,2390,7410,2690,380,1260,200,980,580,680,3990,2280,2770,2170,360,6980,950,2530,4370,440,590,0,2490,9070,740,60,4330,3530,370,1490,110,17-2199,17-2199,"Engineers, All Other",detailed,123390,1.4,47.71,99250,0.4,25.27,34.37,46.78,60.08,73.55,52570,71490,97300,124960,152970,,,17-2199.09,2.62,4.38,4.88
17-2199,Engineers; All Other,0.014,3440,620,1860,500,16290,2130,1240,0,2690,5120,2760,670,570,4830,1910,1460,630,920,4020,610,4830,2390,7410,2690,380,1260,200,980,580,680,3990,2280,2770,2170,360,6980,950,2530,4370,440,590,0,2490,9070,740,60,4330,3530,370,1490,110,17-2199,17-2199,"Engineers, All Other",detailed,123390,1.4,47.71,99250,0.4,25.27,34.37,46.78,60.08,73.55,52570,71490,97300,124960,152970,,,17-2199.10,0.25,3.62,4.5
17-2199,Engineers; All Other,0.014,3440,620,1860,500,16290,2130,1240,0,2690,5120,2760,670,570,4830,1910,1460,630,920,4020,610,4830,2390,7410,2690,380,1260,200,980,580,680,3990,2280,2770,2170,360,6980,950,2530,4370,440,590,0,2490,9070,740,60,4330,3530,370,1490,110,17-2199,17-2199,"Engineers, All Other",detailed,123390,1.4,47.71,99250,0.4,25.27,34.37,46.78,60.08,73.55,52570,71490,97300,124960,152970,,,17-2199.11,2.25,3.88,4.0
17-3011,Architectural and Civil Drafters,0.52,1100,200,1810,490,14570,2400,850,320,320,6160,2800,560,660,2630,1280,840,570,610,1150,480,1110,2360,1860,2260,540,2190,600,570,730,530,2520,580,6210,2110,320,2770,1110,1160,4910,260,890,230,1090,11700,1710,190,2060,1990,470,1730,220,17-3011,17-3011,Architectural and Civil Drafters,detailed,96810,1.6,26.1,54290,0.5,16.14,19.89,24.83,30.52,37.87,33570,41370,51640,63480,78770,,,17-3011.00,1.62,3.25,3.75
17-3012,Electrical and Electronics Drafters,0.81,310,40,580,140,5090,620,440,60,120,860,380,180,120,810,310,220,250,450,230,190,400,900,540,440,120,520,120,160,190,300,580,230,1480,640,50,760,300,450,1140,0,360,30,410,2970,250,40,490,970,50,460,0,17-3012,17-3012,Electrical and Electronics Drafters,detailed,26750,4.4,30.48,63390,0.8,17.2,22.24,28.83,37.36,46.55,35780,46260,59970,77700,96820,,,17-3012.00,1.62,3.0,3.62
17-3013,Mechanical Drafters,0.68,590,0,750,240,3900,880,1900,130,0,2460,1170,70,170,3640,1450,880,1100,800,1000,750,1220,1530,4310,2260,400,1050,80,470,210,350,1370,190,3750,1510,140,2440,1110,830,3370,60,810,170,1240,4900,650,90,2020,2250,150,2730,80,17-3013,17-3013,Mechanical Drafters,detailed,63630,1.7,27.63,57480,0.7,16.58,20.75,26.19,33,41.31,34490,43170,54480,68630,85920,,,17-3013.00,1.88,3.12,3.62
17-3021,Aerospace Engineering and Operations Technicians,0.48,190,0,570,60,2490,310,150,0,0,730,240,0,0,0,0,0,420,0,0,0,450,0,60,100,0,0,0,0,0,0,320,210,0,90,0,420,70,50,50,0,0,0,0,1200,130,0,160,0,0,0,0,17-3021,17-3021,Aerospace Engineering and Operations Technicians,detailed,11970,8.0,34.17,71070,3.4,20.59,25.9,32.7,40.5,49.04,42830,53870,68020,84230,102000,,,17-3021.00,3.0,3.0,4.0
17-3022,Civil Engineering Technicians,0.75,1600,520,1110,190,8360,1300,480,490,180,2930,1760,140,280,1930,800,850,1270,1330,570,400,1110,730,2420,2250,960,1240,350,370,890,170,920,600,1840,3250,500,1970,710,840,2280,290,700,420,1560,11750,580,370,2030,1730,810,1680,350,17-3022,17-3022,Civil Engineering Technicians,detailed,72150,1.3,25.06,52120,0.5,14.95,18.35,24.03,30.03,37.26,31100,38170,49980,62450,77500,,,17-3022.00,1.88,2.88,3.62
17-3023,Electrical and Electronics Engineering Technicians,0.84,2020,490,2820,570,24250,1640,1530,180,340,5400,3840,550,660,3810,2230,1000,960,910,1460,360,3940,5170,3180,2360,1150,1720,150,470,1570,1090,2570,1300,5880,2630,340,2450,1550,0,5260,720,1700,170,2430,15370,1570,320,5720,2180,380,2070,100,17-3023,17-3023,Electrical and Electronics Engineering Technicians,detailed,134870,2.4,30.27,62950,0.4,17.72,22.99,29.9,36.29,44.06,36850,47810,62190,75480,91640,,,17-3023.00,3.0,2.88,3.62
17-3024,Electro-Mechanical Technicians,0.81,110,40,340,0,2430,180,70,0,0,250,260,0,0,400,260,90,0,150,0,0,170,750,550,260,0,0,0,70,100,160,260,210,530,140,0,420,390,610,560,0,120,0,360,1400,140,0,620,180,0,150,0,17-3024,17-3024,Electro-Mechanical Technicians,detailed,13710,4.4,27.82,57860,1.3,16.74,20.98,26.74,33.69,41.08,34820,43630,55610,70080,85440,,,17-3024.00,3.38,3.12,3.75
17-3024,Electro-Mechanical Technicians,0.81,110,40,340,0,2430,180,70,0,0,250,260,0,0,400,260,90,0,150,0,0,170,750,550,260,0,0,0,70,100,160,260,210,530,140,0,420,390,610,560,0,120,0,360,1400,140,0,620,180,0,150,0,17-3024,17-3024,Electro-Mechanical Technicians,detailed,13710,4.4,27.82,57860,1.3,16.74,20.98,26.74,33.69,41.08,34820,43630,55610,70080,85440,,,17-3024.01,3.88,3.25,4.0
17-3025,Environmental Engineering Technicians,0.25,210,150,160,180,2590,340,150,50,0,680,640,0,40,420,270,110,90,140,370,70,420,650,250,290,180,300,50,230,110,0,510,120,1220,290,90,320,370,200,940,40,390,0,670,780,230,90,410,350,120,160,60,17-3025,17-3025,Environmental Engineering Technicians,detailed,16550,3.1,25.24,52500,1.0,14.34,17.74,23.64,30.14,38.84,29820,36900,49170,62700,80780,,,17-3025.00,2.75,3.0,4.0
17-3026,Industrial Engineering Technicians,0.03,1130,70,1910,350,4040,750,1040,60,0,2070,1010,0,220,1900,2820,530,570,960,320,360,650,2090,4790,2950,410,1100,40,310,100,420,470,0,3170,2890,230,3200,710,630,2570,100,1440,130,4380,3290,680,1260,890,0,110,1690,0,17-3026,17-3026,Industrial Engineering Technicians,detailed,63220,2.3,27.37,56920,0.9,16.11,20.14,25.64,32.88,41.55,33520,41900,53330,68380,86430,,,17-3026.00,1.88,3.75,4.0
17-3026,Industrial Engineering Technicians,0.03,1130,70,1910,350,4040,750,1040,60,0,2070,1010,0,220,1900,2820,530,570,960,320,360,650,2090,4790,2950,410,1100,40,310,100,420,470,0,3170,2890,230,3200,710,630,2570,100,1440,130,4380,3290,680,1260,890,0,110,1690,0,17-3026,17-3026,Industrial Engineering Technicians,detailed,63220,2.3,27.37,56920,0.9,16.11,20.14,25.64,32.88,41.55,33520,41900,53330,68380,86430,,,17-3026.01,2.38,3.38,3.88
17-3027,Mechanical Engineering Technicians,0.38,710,100,560,210,4030,460,950,80,0,750,750,50,60,2630,1230,380,380,440,160,170,540,1670,4560,1380,730,710,30,140,150,350,440,120,1560,980,110,2280,740,440,2080,60,740,140,1250,4980,1050,40,1170,820,0,2000,0,17-3027,17-3027,Mechanical Engineering Technicians,detailed,45510,2.2,27.49,57180,0.8,16.36,20.47,26.19,32.91,39.81,34030,42580,54480,68440,82810,,,17-3027.00,2.88,3.25,3.88
17-3027,Mechanical Engineering Technicians,0.38,710,100,560,210,4030,460,950,80,0,750,750,50,60,2630,1230,380,380,440,160,170,540,1670,4560,1380,730,710,30,140,150,350,440,120,1560,980,110,2280,740,440,2080,60,740,140,1250,4980,1050,40,1170,820,0,2000,0,17-3027,17-3027,Mechanical Engineering Technicians,detailed,45510,2.2,27.49,57180,0.8,16.36,20.47,26.19,32.91,39.81,34030,42580,54480,68440,82810,,,17-3027.01,2.62,3.25,3.38
17-3029,Engineering Technicians; Except Drafters; All Other,0.24,830,290,1500,440,9690,1550,580,0,310,2100,1430,580,160,4650,1590,830,0,700,1770,800,1700,1960,2300,1530,480,720,150,300,370,390,920,2120,2030,840,270,3260,1060,1110,5120,160,540,80,1170,7050,1080,30,3250,2170,240,1080,310,17-3029,17-3029,"Engineering Technicians, Except Drafters, All Other",detailed,74290,1.6,30.8,64050,0.7,16.68,22.59,29.96,37.78,46.13,34690,46990,62330,78570,95960,,,17-3029.01,3.0,2.88,3.62
17-3029,Engineering Technicians; Except Drafters; All Other,0.24,830,290,1500,440,9690,1550,580,0,310,2100,1430,580,160,4650,1590,830,0,700,1770,800,1700,1960,2300,1530,480,720,150,300,370,390,920,2120,2030,840,270,3260,1060,1110,5120,160,540,80,1170,7050,1080,30,3250,2170,240,1080,310,17-3029,17-3029,"Engineering Technicians, Except Drafters, All Other",detailed,74290,1.6,30.8,64050,0.7,16.68,22.59,29.96,37.78,46.13,34690,46990,62330,78570,95960,,,17-3029.08,3.0,2.88,3.62
17-3031,Surveying and Mapping Technicians,0.96,700,200,1050,310,3530,0,280,120,0,5250,1720,80,260,1270,830,280,500,660,1200,330,750,580,1120,790,560,840,240,680,250,270,640,720,1480,2910,190,1370,980,740,1730,100,1040,110,1250,7730,350,120,1890,1220,390,530,180,17-3031,17-3031,Surveying and Mapping Technicians,detailed,53920,2.5,21.87,45490,0.7,12.52,15.8,20.41,26.77,33.79,26030,32860,42450,55690,70280,,,17-3031.00,2.25,2.5,3.62
19-1011,Animal Scientists,0.061,0,0,0,0,140,0,0,0,0,80,30,0,0,50,0,90,30,0,0,0,100,100,190,120,0,100,0,120,0,0,40,0,170,0,0,70,0,0,60,0,0,70,40,180,0,0,0,0,0,310,0,19-1011,19-1011,Animal Scientists,detailed,2470,4.5,35.04,72890,3.7,17.47,22.07,29.01,38.87,60.67,36340,45900,60330,80840,126190,,,19-1011.00,0.12,3.88,4.25
19-1012,Food Scientists and Technologists,0.077,0,0,30,140,2520,130,0,0,0,230,740,0,200,460,0,330,300,70,0,40,240,310,0,650,0,280,0,410,0,0,1150,110,580,200,40,750,50,230,350,50,60,50,130,570,120,60,80,140,0,630,0,19-1012,19-1012,Food Scientists and Technologists,detailed,14200,6.5,34.26,71270,1.7,18.17,23.58,30.74,42.21,56.48,37800,49060,63950,87800,117480,,,19-1012.00,2.0,4.0,4.5
19-1013,Soil and Plant Scientists,0.021,40,40,230,50,2100,230,100,90,60,290,220,110,180,470,130,1640,450,160,80,0,170,50,330,650,100,320,210,730,0,0,60,50,190,1140,220,190,60,620,180,0,0,460,100,820,60,0,120,520,0,450,40,19-1013,19-1013,Soil and Plant Scientists,detailed,14690,4.3,33.31,69290,1.3,18.18,22.83,29.95,39.38,54.99,37820,47490,62300,81920,114390,,,19-1013.00,1.88,4.0,4.38
19-1021,Biochemists and Biophysicists,0.027,30,0,0,50,4960,430,410,140,0,860,0,0,30,1260,240,110,40,370,0,230,1640,0,550,1020,0,0,0,110,0,110,3540,0,1530,810,0,0,50,140,1270,0,50,0,250,1160,210,0,500,300,0,440,0,19-1021,19-1021,Biochemists and Biophysicists,detailed,29200,4.5,45.36,94340,1.8,21.64,28.19,39.51,56.41,76.16,45000,58630,82180,117340,158410,,,19-1021.00,2.12,4.62,5.12
19-1022,Microbiologists,0.012,110,40,120,150,5070,450,0,0,0,260,780,110,90,750,0,200,70,80,0,80,1970,1400,330,360,40,280,110,120,70,80,520,40,1340,290,0,540,50,110,1060,0,90,60,310,800,190,40,380,290,50,340,0,19-1022,19-1022,Microbiologists,detailed,21670,5.9,36.95,76850,2.2,18.98,23.52,32.14,46.66,61.63,39480,48920,66850,97050,128190,,,19-1022.00,2.5,4.38,4.62
19-1023,Zoologists and Wildlife Biologists,0.3,80,730,340,150,2200,640,0,0,90,1750,290,140,580,200,30,80,150,180,50,0,430,260,250,590,190,380,310,0,170,120,120,160,430,470,110,160,0,920,230,40,160,190,80,290,280,110,280,1990,140,360,320,19-1023,19-1023,Zoologists and Wildlife Biologists,detailed,17720,3.1,31.2,64890,0.6,18.82,23.25,29.1,36.69,47.38,39150,48360,60520,76320,98540,,,19-1023.00,1.88,3.38,4.0
19-1029,Biological Scientists; All Other,0.015,220,340,520,250,7170,820,150,0,280,1550,850,290,270,580,360,240,250,250,600,0,3540,3460,250,510,290,390,400,150,220,100,330,360,620,830,170,860,270,850,540,40,160,100,300,2270,230,0,580,1180,180,530,170,19-1029,19-1029,"Biological Scientists, All Other",detailed,35110,3.1,37.42,77830,1.3,20.21,26.72,35.96,44,56.09,42040,55570,74790,91520,116680,,,19-1029.01,0.38,4.38,4.75
19-1029,Biological Scientists; All Other,0.015,220,340,520,250,7170,820,150,0,280,1550,850,290,270,580,360,240,250,250,600,0,3540,3460,250,510,290,390,400,150,220,100,330,360,620,830,170,860,270,850,540,40,160,100,300,2270,230,0,580,1180,180,530,170,19-1029,19-1029,"Biological Scientists, All Other",detailed,35110,3.1,37.42,77830,1.3,20.21,26.72,35.96,44,56.09,42040,55570,74790,91520,116680,,,19-1029.02,2.0,4.5,4.88
19-1029,Biological Scientists; All Other,0.015,220,340,520,250,7170,820,150,0,280,1550,850,290,270,580,360,240,250,250,600,0,3540,3460,250,510,290,390,400,150,220,100,330,360,620,830,170,860,270,850,540,40,160,100,300,2270,230,0,580,1180,180,530,170,19-1029,19-1029,"Biological Scientists, All Other",detailed,35110,3.1,37.42,77830,1.3,20.21,26.72,35.96,44,56.09,42040,55570,74790,91520,116680,,,19-1029.03,1.88,4.0,4.38
19-1029,Biological Scientists; All Other,0.015,220,340,520,250,7170,820,150,0,280,1550,850,290,270,580,360,240,250,250,600,0,3540,3460,250,510,290,390,400,150,220,100,330,360,620,830,170,860,270,850,540,40,160,100,300,2270,230,0,580,1180,180,530,170,19-1029,19-1029,"Biological Scientists, All Other",detailed,35110,3.1,37.42,77830,1.3,20.21,26.72,35.96,44,56.09,42040,55570,74790,91520,116680,,,19-1029.04,2.0,3.88,4.88
19-1031,Conservation Scientists,0.016,110,190,340,260,1260,1170,50,50,260,260,410,140,280,540,210,440,190,180,630,80,490,300,290,730,590,520,530,250,230,50,330,210,520,450,260,380,240,820,770,40,220,290,170,1740,260,110,650,920,160,720,180,19-1031,19-1031,Conservation Scientists,detailed,20470,1.9,31.31,65130,0.8,17.92,22.6,29.72,37.56,46.14,37270,47010,61810,78120,95970,,,19-1031.00,2.12,3.62,3.75
19-1031,Conservation Scientists,0.016,110,190,340,260,1260,1170,50,50,260,260,410,140,280,540,210,440,190,180,630,80,490,300,290,730,590,520,530,250,230,50,330,210,520,450,260,380,240,820,770,40,220,290,170,1740,260,110,650,920,160,720,180,19-1031,19-1031,Conservation Scientists,detailed,20470,1.9,31.31,65130,0.8,17.92,22.6,29.72,37.56,46.14,37270,47010,61810,78120,95970,,,19-1031.02,2.0,3.5,4.0
19-1031,Conservation Scientists,0.016,110,190,340,260,1260,1170,50,50,260,260,410,140,280,540,210,440,190,180,630,80,490,300,290,730,590,520,530,250,230,50,330,210,520,450,260,380,240,820,770,40,220,290,170,1740,260,110,650,920,160,720,180,19-1031,19-1031,Conservation Scientists,detailed,20470,1.9,31.31,65130,0.8,17.92,22.6,29.72,37.56,46.14,37270,47010,61810,78120,95970,,,19-1031.03,1.88,3.38,3.75
19-1032,Foresters,0.0081,220,60,0,190,690,190,70,0,0,260,200,0,330,120,100,90,0,140,0,90,70,110,310,300,180,160,190,40,0,90,0,130,210,290,40,170,40,460,280,0,200,120,170,120,0,80,280,520,120,430,60,19-1032,19-1032,Foresters,detailed,8420,3.4,28.99,60300,0.6,18.8,22.81,28.22,34.18,39.62,39100,47440,58700,71100,82400,,,19-1032.00,2.12,3.5,4.12
19-1041,Epidemiologists,0.2,40,0,130,40,750,320,120,0,60,40,280,0,0,200,100,40,0,50,0,0,340,260,150,210,80,110,0,0,0,0,120,0,230,100,0,190,60,0,110,0,0,0,0,410,90,0,110,270,70,0,0,19-1041,19-1041,Epidemiologists,detailed,5690,2.2,37.37,77720,1.6,22.53,27.3,34.05,43.19,55.05,46870,56780,70820,89840,114510,,,19-1041.00,0.12,4.12,4.62
19-1042,Medical Scientists; Except Epidemiologists,0.0045,190,0,1840,140,24260,1130,1640,250,690,1940,1390,310,130,2820,1470,920,600,650,140,190,5010,9710,2790,2290,300,2100,130,460,280,370,4150,370,9900,3230,30,4210,220,1930,6750,0,310,140,1540,3540,550,290,1900,4430,80,1000,0,19-1042,19-1042,"Medical Scientists, Except Epidemiologists",detailed,108870,3.0,45.68,95000,1.6,21.42,27.4,38.72,56.17,76.72,44550,57000,80530,116840,159570,,,19-1042.00,2.12,4.0,4.75
19-2011,Astronomers,0.041,0,0,200,0,190,0,0,0,0,0,0,90,0,0,0,0,0,0,0,0,0,70,0,0,0,0,0,0,0,0,0,0,0,0,0,0,0,0,0,0,0,0,0,220,0,0,0,0,0,0,0,19-2011,19-2011,Astronomers,detailed,1830,23.6,53.07,110380,3.3,26.42,34.26,50.35,70.82,79.4,54960,71270,104740,147320,165140,,,19-2011.00,0.25,4.12,4.12
19-2012,Physicists,0.1,190,0,70,0,2860,1010,100,0,570,540,100,50,160,690,210,30,0,0,0,0,1140,360,410,130,90,120,0,0,0,70,390,1640,1070,380,0,510,50,90,210,60,190,0,220,970,30,0,830,460,0,350,0,19-2012,19-2012,Physicists,detailed,16680,3.8,58.54,121770,1.5,27.71,39.83,55.71,73.9,91.14,57640,82850,115870,153710,189560,,,19-2012.00,0.38,5.5,5.0
19-2021,Atmospheric and Space Scientists,0.67,0,150,90,0,700,1580,30,0,60,460,80,60,50,0,70,90,100,90,60,70,590,480,120,250,60,140,100,110,90,70,120,150,470,160,0,110,150,130,90,0,60,0,120,650,160,0,400,270,0,100,70,19-2021,19-2021,Atmospheric and Space Scientists,detailed,9800,5.2,45.6,94840,1.3,24.75,33.59,44.45,55.05,67.71,51480,69860,92460,114510,140830,,,19-2021.00,0.25,3.12,4.12
19-2031,Chemists,0.1,650,130,570,370,11660,1870,1470,0,250,2370,1310,120,320,3380,2280,380,490,920,750,140,3240,2860,2920,1680,0,1880,160,620,250,270,6410,300,4170,3720,130,4110,460,660,5250,190,1100,150,1140,6400,880,170,1540,1590,210,2580,110,19-2031,19-2031,Chemists,detailed,86660,2.3,38.86,80820,0.9,20.28,25.99,35.45,48.38,62.34,42180,54060,73740,100630,129670,,,19-2031.00,2.62,3.38,4.25
19-2032,Materials Scientists,0.021,80,0,60,0,1450,150,60,70,0,130,0,0,30,290,0,0,0,40,130,0,130,390,370,190,0,120,0,0,90,70,150,100,370,230,0,640,0,40,390,0,50,0,180,320,50,0,350,0,40,70,0,19-2032,19-2032,Materials Scientists,detailed,7750,4.6,48.83,101570,1.5,23.99,34.17,47.8,61.84,75.84,49890,71070,99430,128620,157750,,,19-2032.00,1.12,4.12,4.25
19-2041,Environmental Scientists and Specialists; Including Health,0.033,880,640,1320,480,14790,3140,810,410,1390,5320,1160,640,440,2740,820,640,640,960,1280,410,2010,1770,2140,1660,450,940,390,430,770,400,2900,1110,3700,3370,280,3140,430,900,2260,260,370,240,1210,5050,620,430,2840,3340,500,950,450,19-2041,19-2041,"Environmental Scientists and Specialists, Including Health",detailed,84250,1.5,36.23,75360,0.8,19.82,25.07,33.13,43.97,57.85,41220,52150,68910,91450,120320,,,19-2041.00,0.88,3.62,4.25
19-2041,Environmental Scientists and Specialists; Including Health,0.033,880,640,1320,480,14790,3140,810,410,1390,5320,1160,640,440,2740,820,640,640,960,1280,410,2010,1770,2140,1660,450,940,390,430,770,400,2900,1110,3700,3370,280,3140,430,900,2260,260,370,240,1210,5050,620,430,2840,3340,500,950,450,19-2041,19-2041,"Environmental Scientists and Specialists, Including Health",detailed,84250,1.5,36.23,75360,0.8,19.82,25.07,33.13,43.97,57.85,41220,52150,68910,91450,120320,,,19-2041.01,0.0,3.5,4.0
19-2041,Environmental Scientists and Specialists; Including Health,0.033,880,640,1320,480,14790,3140,810,410,1390,5320,1160,640,440,2740,820,640,640,960,1280,410,2010,1770,2140,1660,450,940,390,430,770,400,2900,1110,3700,3370,280,3140,430,900,2260,260,370,240,1210,5050,620,430,2840,3340,500,950,450,19-2041,19-2041,"Environmental Scientists and Specialists, Including Health",detailed,84250,1.5,36.23,75360,0.8,19.82,25.07,33.13,43.97,57.85,41220,52150,68910,91450,120320,,,19-2041.02,1.75,3.88,4.12
19-2041,Environmental Scientists and Specialists; Including Health,0.033,880,640,1320,480,14790,3140,810,410,1390,5320,1160,640,440,2740,820,640,640,960,1280,410,2010,1770,2140,1660,450,940,390,430,770,400,2900,1110,3700,3370,280,3140,430,900,2260,260,370,240,1210,5050,620,430,2840,3340,500,950,450,19-2041,19-2041,"Environmental Scientists and Specialists, Including Health",detailed,84250,1.5,36.23,75360,0.8,19.82,25.07,33.13,43.97,57.85,41220,52150,68910,91450,120320,,,19-2041.03,0.0,4.0,4.25
19-2042,Geoscientists; Except Hydrologists and Geographers,0.63,280,460,390,60,3910,2180,130,60,0,570,280,50,110,290,280,70,260,220,1100,110,440,170,400,220,360,210,240,70,720,90,290,350,940,440,50,350,1090,300,1030,120,170,70,220,9070,210,50,400,1070,90,0,200,19-2042,19-2042,"Geoscientists, Except Hydrologists and Geographers",detailed,30420,3.0,51.15,106390,1.7,22.81,30.21,43.16,61.36,90.88,47450,62830,89780,127620,189020,,,19-2042.00,1.25,3.25,4.25
19-2043,Hydrologists,0.014,0,60,270,0,730,410,40,0,0,230,40,0,190,80,40,0,0,0,0,50,50,50,90,350,0,80,140,90,140,60,220,150,230,200,60,250,40,210,140,0,100,0,90,340,120,0,70,370,0,180,30,19-2043,19-2043,Hydrologists,detailed,6300,3.7,40.26,83740,1.1,24.33,30.38,38.69,48.17,57.74,50600,63190,80480,100190,120100,,,19-2043.00,1.75,4.0,4.75
19-2099,Physical Scientists; All Other,0.43,80,120,70,0,2410,480,60,0,670,450,380,140,190,590,970,40,140,150,50,0,1580,260,1550,0,300,110,90,60,200,80,510,740,970,810,70,400,0,300,350,0,100,40,80,1100,110,0,1040,310,80,90,0,19-2099,19-2099,"Physical Scientists, All Other",detailed,18960,1.1,47.34,98460,1.8,22.78,31.35,46.19,59.6,74.52,47380,65210,96070,123960,155000,,,19-2099.01,1.62,3.88,4.38
19-3011,Economists,0.43,30,40,100,90,1540,190,200,30,7420,210,380,140,0,360,0,50,40,70,40,0,650,0,270,350,0,280,80,30,110,70,130,70,570,190,0,120,30,230,540,0,100,0,60,930,60,90,1170,310,30,400,40,19-3011,19-3011,Economists,detailed,19380,4.3,54.26,112860,1.3,26.51,35.52,48.58,66.4,87.05,55150,73890,101050,138120,181060,,,19-3011.00,0.0,3.5,4.75
19-3011,Economists,0.43,30,40,100,90,1540,190,200,30,7420,210,380,140,0,360,0,50,40,70,40,0,650,0,270,350,0,280,80,30,110,70,130,70,570,190,0,120,30,230,540,0,100,0,60,930,60,90,1170,310,30,400,40,19-3011,19-3011,Economists,detailed,19380,4.3,54.26,112860,1.3,26.51,35.52,48.58,66.4,87.05,55150,73890,101050,138120,181060,,,19-3011.01,0.0,4.0,4.25
19-3022,Survey Researchers,0.23,0,0,160,60,1360,150,200,60,510,450,180,160,0,770,380,0,300,80,0,30,880,520,400,120,0,160,0,210,0,0,730,30,610,230,0,130,0,80,960,0,60,0,60,570,180,0,310,140,0,50,50,19-3022,19-3022,Survey Researchers,detailed,11930,4.9,28.82,59950,2.9,12.35,18.17,26.19,36.75,48.2,25680,37800,54470,76440,100250,,,19-3022.00,0.25,3.25,4.88
19-3032,Industrial-Organizational Psychologists,0.012,0,0,0,0,0,0,0,0,0,0,0,0,0,0,0,0,0,0,0,0,0,120,0,0,0,50,0,0,0,0,30,0,0,0,0,0,0,0,50,0,0,0,0,0,0,0,310,0,0,0,0,19-3032,19-3032,Industrial-Organizational Psychologists,detailed,1020,11.7,50.27,104570,5.9,25.46,31.92,39.79,66.11,88.64,52950,66390,82760,137510,184380,,,19-3032.00,0.0,4.0,4.5
19-3039,Psychologists; All Other,0.0043,130,0,140,80,1800,260,210,0,210,1470,340,0,50,800,180,70,110,160,220,40,520,900,270,210,70,190,50,0,0,0,100,90,610,310,0,360,100,180,440,60,140,40,180,660,0,0,340,390,110,180,30,19-3039,19-3039,"Psychologists, All Other",detailed,13310,2.8,45.51,94650,3.5,20.04,32.12,46.02,52.78,61.4,41690,66810,95710,109770,127710,,,19-3039.02,1.38,3.62,4.62
19-3039,Psychologists; All Other,0.0043,130,0,140,80,1800,260,210,0,210,1470,340,0,50,800,180,70,110,160,220,40,520,900,270,210,70,190,50,0,0,0,100,90,610,310,0,360,100,180,440,60,140,40,180,660,0,0,340,390,110,180,30,19-3039,19-3039,"Psychologists, All Other",detailed,13310,2.8,45.51,94650,3.5,20.04,32.12,46.02,52.78,61.4,41690,66810,95710,109770,127710,,,19-3039.03,1.38,3.62,4.38
19-3041,Sociologists,0.059,0,0,30,0,1100,0,0,0,0,80,0,0,0,80,0,0,0,0,0,0,30,80,70,0,0,0,0,0,0,0,60,0,290,180,0,80,0,40,80,0,0,0,0,100,30,0,100,80,0,140,0,19-3041,19-3041,Sociologists,detailed,2870,5.3,41.75,86840,2.8,20.17,27.72,38.34,51.98,70.61,41950,57650,79750,108130,146860,,,19-3041.00,0.0,3.88,4.38
19-3051,Urban and Regional Planners,0.13,360,190,740,90,6770,810,380,230,240,1920,470,430,290,690,580,210,260,300,70,110,990,1200,670,1050,180,280,260,230,210,180,450,370,1430,1230,50,570,170,880,1640,140,380,200,340,2130,320,180,1210,2070,70,470,120,19-3051,19-3051,Urban and Regional Planners,detailed,34810,1.5,35.12,73060,0.6,21.23,26.52,33.66,42.26,50.63,44170,55160,70020,87910,105310,,,19-3051.00,0.0,4.0,4.25
19-3091,Anthropologists and Archeologists,0.0077,80,120,320,30,1320,230,0,0,70,170,80,160,120,70,100,30,0,80,110,0,180,0,0,30,0,130,60,0,160,0,0,320,80,80,0,110,0,430,80,0,50,50,90,310,110,0,150,220,50,0,80,19-3091,19-3091,Anthropologists and Archeologists,detailed,6470,4.4,31.94,66440,1.1,17.75,23.19,30.38,39.15,47.88,36910,48240,63190,81430,99590,,,19-3091.00,1.38,3.25,4.75
19-3092,Geographers,0.25,0,0,40,0,110,60,0,0,0,0,50,0,0,0,0,0,0,0,0,0,180,0,0,0,0,40,0,0,0,0,0,0,0,0,0,0,0,40,30,0,0,0,0,120,0,0,70,30,0,0,0,19-3092,19-3092,Geographers,detailed,1370,6.4,35.62,74090,1.3,21.48,27.51,35.7,43.33,48.73,44680,57210,74260,90120,101370,,,19-3092.00,0.25,3.38,4.0
19-3093,Historians,0.44,40,0,0,0,260,60,0,0,0,60,80,0,0,70,30,0,0,0,0,0,80,40,40,0,120,80,0,0,0,0,110,0,460,40,0,70,30,50,100,0,0,0,0,120,60,0,140,0,0,50,0,19-3093,19-3093,Historians,detailed,2950,4.0,29.32,60990,2.4,13.49,17.61,26.49,38.61,49.44,28050,36630,55110,80310,102830,,,19-3093.00,0.25,3.0,4.38
19-3094,Political Scientists,0.039,0,0,140,0,300,0,0,0,3790,0,40,0,0,40,0,0,0,0,0,0,100,50,0,0,0,0,0,0,0,0,0,0,80,0,0,40,0,0,60,0,0,0,0,370,0,0,850,100,0,0,0,19-3094,19-3094,Political Scientists,detailed,6350,6.9,53.97,112250,2.0,27.77,41.63,54.95,68.05,77.06,57750,86600,114290,141550,160290,,,19-3094.00,0.0,3.5,4.75
19-3099,Social Scientists and Related Workers; All Other,0.04,0,180,530,0,4440,680,360,50,3280,1760,1130,360,50,1070,200,0,260,370,210,130,2230,650,440,260,200,200,50,160,130,50,400,190,2470,1200,80,1680,150,310,540,60,190,90,380,2140,260,40,4850,740,190,210,40,19-3099,19-3099,"Social Scientists and Related Workers, All Other",detailed,36380,3.6,38.87,80860,1.1,21.84,28.53,37.03,47.66,57.6,45420,59340,77020,99130,119800,,,19-3099.01,0.12,4.0,4.25
19-4021,Biological Technicians,0.3,340,420,1180,260,12890,2860,1130,110,0,2060,1200,610,810,1150,1430,1090,690,680,200,530,3520,5470,1110,990,390,1210,410,370,320,570,1320,320,3440,2260,0,2930,1090,2730,3990,100,580,210,660,3760,710,110,1790,2760,190,1050,250,19-4021,19-4021,Biological Technicians,detailed,74720,2.4,22.18,46130,0.7,13.3,16.27,20.44,26.44,33.46,27660,33840,42520,54990,69590,,,19-4021.00,3.0,3.0,4.0
19-4031,Chemical Technicians,0.57,930,140,890,600,6710,950,780,640,50,2010,1270,0,240,2120,1570,480,500,620,2050,130,1080,1970,2240,1470,340,1200,120,320,1040,180,4170,230,2710,2110,70,3760,540,270,3980,140,1060,90,1550,6260,970,70,1240,910,600,1800,330,19-4031,19-4031,Chemical Technicians,detailed,65510,1.9,23.93,49770,1.2,13.33,16.8,22.04,29.23,36.98,27730,34940,45840,60790,76930,,,19-4031.00,3.0,3.12,4.12
19-4051,Nuclear Technicians,0.85,0,0,0,0,120,0,130,0,0,0,0,0,330,680,0,0,0,0,290,0,0,0,140,0,0,90,0,0,0,0,30,0,0,0,0,0,0,0,870,0,900,0,240,270,0,0,360,40,0,0,0,19-4051,19-4051,Nuclear Technicians,detailed,6840,5.7,37.41,77820,1.7,22.04,29.7,38.05,45.68,51.42,45850,61780,79140,95000,106950,,,19-4051.00,2.88,2.62,3.38
19-4051,Nuclear Technicians,0.85,0,0,0,0,120,0,130,0,0,0,0,0,330,680,0,0,0,0,290,0,0,0,140,0,0,90,0,0,0,0,30,0,0,0,0,0,0,0,870,0,900,0,240,270,0,0,360,40,0,0,0,19-4051,19-4051,Nuclear Technicians,detailed,6840,5.7,37.41,77820,1.7,22.04,29.7,38.05,45.68,51.42,45850,61780,79140,95000,106950,,,19-4051.02,2.38,3.0,4.0
19-4061,Social Science Research Assistants,0.65,0,40,1810,240,2810,290,110,30,3620,340,750,120,0,830,1180,110,0,80,90,170,590,1240,530,160,0,190,0,300,150,0,250,0,6340,1210,0,320,140,320,1020,0,220,0,260,1400,470,0,900,330,420,380,0,19-4061,19-4061,Social Science Research Assistants,detailed,30030,3.3,22.51,46820,1.4,10.62,15.6,20.76,27.49,36.01,22090,32450,43190,57180,74900,,,19-4061.00,0.25,3.0,3.88
19-4092,Forensic Science Technicians,0.0095,270,0,760,140,2040,320,110,0,0,1480,450,60,100,690,280,80,320,60,190,50,380,40,270,50,100,300,50,100,230,30,90,110,720,500,0,370,0,220,250,0,100,30,390,1030,120,0,660,460,130,170,50,19-4092,19-4092,Forensic Science Technicians,detailed,14800,1.7,29.18,60690,1.0,16.28,20.54,27.29,35.68,46.83,33860,42710,56750,74220,97400,,,19-4092.00,2.88,3.12,4.12
19-4099,Life; Physical; and Social Science Technicians; All Other,0.61,890,300,860,370,7660,930,720,0,290,2960,1470,650,0,3400,1090,840,350,890,540,210,3150,2400,5480,800,190,1830,130,290,680,110,1600,450,5120,1130,250,1580,1130,1380,2120,70,160,80,1090,7790,470,60,1660,1420,160,870,130,19-4099,19-4099,"Life, Physical, and Social Science Technicians, All Other",detailed,68540,2.1,23.69,49270,1.3,12.65,16.78,22.14,28.97,37.02,26310,34890,46040,60260,77010,,,19-4099.01,3.0,3.12,3.62
19-4099,Life; Physical; and Social Science Technicians; All Other,0.61,890,300,860,370,7660,930,720,0,290,2960,1470,650,0,3400,1090,840,350,890,540,210,3150,2400,5480,800,190,1830,130,290,680,110,1600,450,5120,1130,250,1580,1130,1380,2120,70,160,80,1090,7790,470,60,1660,1420,160,870,130,19-4099,19-4099,"Life, Physical, and Social Science Technicians, All Other",detailed,68540,2.1,23.69,49270,1.3,12.65,16.78,22.14,28.97,37.02,26310,34890,46040,60260,77010,,,19-4099.03,2.0,3.38,3.88
21-1011,Substance Abuse and Behavioral Disorder Counselors,0.033,830,290,2900,670,9050,1540,2600,280,180,4440,970,370,380,3340,900,1270,980,1260,650,440,2540,5010,1840,2420,630,1810,470,570,460,220,2840,710,7600,1820,300,2660,1180,1740,6730,230,830,490,1660,3760,910,340,2750,2810,380,1810,190,21-1011,21-1011,Substance Abuse and Behavioral Disorder Counselors,detailed,91040,1.8,21.23,44160,0.6,12.6,15.61,19.75,25.33,31.29,26210,32470,41070,52690,65080,,,21-1011.00,0.12,3.12,4.12
21-1012,Educational; Guidance; School; and Vocational Counselors,0.0085,3360,790,7710,1960,28560,4220,4650,1030,1490,11230,9550,1510,1440,10340,3960,2550,2190,3540,3710,1320,6130,7240,5800,4020,1990,6610,790,1640,2010,1190,6800,1570,22630,6400,780,9490,3620,2340,8790,1020,4500,780,4150,23890,2910,770,6610,4740,1490,4290,600,21-1012,21-1012,"Educational, Guidance, School, and Vocational Counselors",detailed,260670,0.8,27.7,57620,0.7,15.58,20.02,26.23,34.1,43.28,32400,41650,54560,70930,90030,,,21-1012.00,0.25,3.5,4.0
21-1013,Marriage and Family Therapists,0.014,190,40,1740,70,10350,570,370,240,0,3030,240,0,0,410,620,340,350,240,0,0,1310,330,320,1080,100,430,0,90,360,60,4080,60,720,370,130,450,460,400,1350,0,90,90,680,1250,260,0,1000,350,520,1000,40,21-1013,21-1013,Marriage and Family Therapists,detailed,36960,3.1,26,54090,1.4,15.19,18.42,23.64,30.68,39.41,31600,38320,49170,63810,81960,,,21-1013.00,0.0,3.5,4.12
21-1014,Mental Health Counselors,0.0048,970,650,1110,770,15300,5100,2090,450,930,3990,2550,290,1080,5150,2210,1470,630,2140,2310,290,2390,6830,2580,4140,940,2860,1030,940,680,950,4790,1110,6970,4000,70,4750,2280,2720,13020,300,770,450,2470,4850,1210,670,8980,4050,670,2550,320,21-1014,21-1014,Mental Health Counselors,detailed,139820,1.4,22.14,46050,0.6,12.96,16.13,20.59,26.66,33.7,26950,33560,42840,55440,70100,,,21-1014.00,0.5,4.0,4.38
21-1015,Rehabilitation Counselors,0.0094,1030,290,770,380,11240,1670,2490,360,810,2820,1050,180,1910,2970,1010,1700,710,870,740,550,1970,5920,2700,3580,510,2890,460,600,300,450,1570,430,8730,2640,240,4420,1940,1820,7930,510,640,480,2960,3950,490,520,3010,4880,950,1840,150,21-1015,21-1015,Rehabilitation Counselors,detailed,103030,1.6,18.62,38740,0.7,10.44,12.91,16.67,22.4,29.81,21710,26860,34670,46600,62010,,,21-1015.00,0.5,3.5,4.0
21-1021,Child; Family; and School Social Workers,0.028,3410,1290,6270,1450,30310,6460,5650,1200,2090,9780,6670,1790,1470,12150,6100,3140,2320,7800,1090,1500,4720,11970,13490,7210,2560,8070,1420,2340,3230,460,6310,2090,22630,10140,710,9150,6890,3230,18580,1740,3440,1620,4790,16640,1920,1500,8620,6160,1030,3470,770,21-1021,21-1021,"Child, Family, and School Social Workers",detailed,298840,0.8,22.84,47510,1.0,13.37,16.46,20.79,27.28,36.13,27800,34230,43250,56740,75140,,,21-1021.00,0.12,3.38,4.25
21-1022,Healthcare Social Workers,0.0035,2160,370,4440,1310,14530,2280,2120,540,580,6390,4320,1000,550,5050,4470,1420,1060,1740,1740,770,3960,12610,6070,3110,1530,4300,580,1130,610,610,3190,1070,12540,3540,340,9140,2110,1480,7280,770,2010,550,3040,9840,1130,400,2990,3000,700,2690,180,21-1022,21-1022,Healthcare Social Workers,detailed,159310,1.8,26.69,55510,0.5,15.74,20.01,25.85,31.66,38.47,32750,41620,53760,65860,80020,,,21-1022.00,0.5,3.62,4.0
21-1023,Mental Health and Substance Abuse Social Workers,0.0031,1150,460,2510,830,12850,1770,2030,420,540,3190,1330,570,510,3360,2080,990,900,820,1210,1180,2320,5810,3730,2950,820,2820,550,390,670,220,1600,900,11040,3500,290,4980,1360,2110,10170,750,0,290,1630,3310,1130,980,4210,2300,190,1520,130,21-1023,21-1023,Mental Health and Substance Abuse Social Workers,detailed,114040,1.6,23.02,47880,1.2,12.85,15.98,20.53,27.22,35.89,26730,33240,42700,56610,74650,,,21-1023.00,0.12,3.88,4.0
21-1091,Health Educators,0.045,300,300,1330,220,7990,780,640,180,690,3250,3190,330,460,1770,1020,510,370,530,570,350,1890,1840,1310,1470,510,1150,310,660,190,180,550,500,4890,940,220,1870,970,740,2140,260,840,140,960,2570,370,200,1180,1590,470,1660,200,21-1091,21-1091,Health Educators,detailed,57570,1.5,27.84,57900,1.5,14.62,18.58,25.51,35.12,46.02,30400,38640,53070,73040,95730,,,21-1091.00,1.75,3.38,4.0
21-1092,Probation Officers and Correctional Treatment Specialists,0.25,1090,300,1980,900,11760,2390,0,0,0,4420,2510,50,630,2190,1850,610,720,0,1050,350,1770,1050,2630,1380,520,2350,360,520,860,210,2740,780,4450,2890,170,2920,1250,1590,4310,0,440,430,1800,8070,650,200,2880,2110,840,1430,180,21-1092,21-1092,Probation Officers and Correctional Treatment Specialists,detailed,87500,0.8,26.63,55380,0.8,16.17,19.01,24.12,32.41,42.76,33630,39530,50160,67420,88930,,,21-1092.00,1.38,3.12,4.0
21-1093,Social and Human Service Assistants,0.13,1250,1350,6130,3550,41130,2360,7760,810,2020,11730,6240,1750,2630,12780,6480,4580,3810,4020,3490,3060,8200,16760,9480,13820,1970,3960,1280,3920,1360,2050,20480,2360,33350,7470,1470,15480,1540,6130,19360,2400,4730,910,2250,16620,5610,2480,6750,6100,2040,12600,860,21-1093,21-1093,Social and Human Service Assistants,detailed,360650,1.0,16.41,34120,0.6,10,12.19,15.29,19.25,24.35,20800,25350,31810,40030,50640,,,21-1093.00,0.5,3.25,4.0
21-2011,Clergy,0.0081,440,120,880,320,5210,490,450,70,110,2160,620,500,210,2090,810,320,310,580,280,60,660,650,2460,840,200,730,630,370,130,90,1190,150,8490,960,120,1680,390,4660,2060,330,500,170,630,2480,0,40,1190,510,140,620,0,21-2011,21-2011,Clergy,detailed,49320,1.8,23.77,49450,0.9,11.45,15.77,21.99,29.15,38.03,23830,32790,45740,60640,79110,,,21-2011.00,0.25,3.88,3.88
21-2021,Directors; Religious Activities and Education,0.025,0,40,0,90,3820,180,70,0,180,1190,490,410,50,1210,240,100,30,40,0,0,380,200,1730,340,70,90,450,70,0,0,210,0,3350,130,0,360,50,1550,1410,110,90,50,90,530,60,0,560,150,50,110,0,21-2021,21-2021,"Directors, Religious Activities and Education",detailed,20590,3.0,21.56,44840,1.6,9.48,12.95,18.56,26.52,38.17,19710,26930,38610,55170,79380,,,21-2021.00,0.0,3.25,4.0
23-1011,Lawyers,0.035,5380,930,9910,3040,76840,11230,7260,2590,31470,47590,16870,2040,1970,30250,7360,3280,3650,5350,6840,1740,11490,17440,14850,10450,3070,9640,1970,2920,5050,1590,19870,2890,72760,11330,1000,15920,6360,6530,25320,1800,6200,760,7570,43240,4580,1120,16890,10760,2260,7530,810,23-1011,23-1011,Lawyers,detailed,619530,0.7,67.25,139880,0.6,27.36,37.3,56.81,84.89,#,56910,77580,118160,176580,#,,,23-1011.00,0.12,4.0,5.0
23-1012,Judicial Law Clerks,0.41,0,0,440,70,0,170,250,0,0,200,550,0,90,160,70,0,30,50,180,30,1190,0,0,430,70,130,90,40,120,0,550,0,690,0,40,350,50,40,1150,0,150,0,140,670,460,0,90,460,160,110,0,23-1012,23-1012,Judicial Law Clerks,detailed,13410,1.4,28.77,59840,3.0,15.65,20.02,24.89,33.49,51.27,32550,41650,51760,69660,106640,,,23-1012.00,0.38,2.88,4.62
23-1021,Administrative Law Judges; Adjudicators; and Hearing Officers,0.64,120,0,340,380,1610,210,210,80,0,550,530,50,60,540,90,70,50,380,260,130,200,140,470,140,90,180,60,70,150,120,290,140,1410,0,0,460,180,420,850,70,110,0,300,1210,160,50,510,320,110,80,0,23-1021,23-1021,"Administrative Law Judges, Adjudicators, and Hearing Officers",detailed,14540,0.4,45.79,95240,0.7,20.06,30.27,44.28,58.99,78.08,41730,62950,92110,122700,162400,,,23-1021.00,0.38,3.12,5.25
23-1022,Arbitrators; Mediators; and Conciliators,0.06,50,0,400,0,900,60,60,0,100,310,150,30,0,220,0,80,60,0,0,30,70,90,300,110,0,140,70,0,0,50,50,0,470,90,0,120,0,50,340,0,80,0,110,450,30,0,0,150,0,160,0,23-1022,23-1022,"Arbitrators, Mediators, and Conciliators",detailed,6300,5.6,34.97,72730,4.9,15.65,20.42,28.74,42.55,59.58,32550,42480,59770,88510,123930,,,23-1022.00,0.0,3.12,4.75
23-1023,Judges; Magistrate Judges; and Magistrates,0.4,500,80,800,320,0,590,240,120,0,1330,1400,130,140,0,790,390,310,290,210,80,510,0,780,470,310,570,80,0,230,0,970,300,3250,0,90,2420,930,360,270,110,640,40,400,2790,100,0,0,990,300,90,0,23-1023,23-1023,"Judges, Magistrate Judges, and Magistrates",detailed,27210,0.8,55.51,115460,0.8,16.95,30.8,60.52,75.61,88.25,35250,64070,125880,157270,183570,,,23-1023.00,0.0,3.12,5.75
23-2011,Paralegals and Legal Assistants,0.94,2870,730,5550,1490,29190,5750,4920,1210,5400,24430,8170,1140,860,10390,3790,0,1860,3020,4070,1170,6200,7880,5570,4770,1780,4790,880,1250,1930,1120,7870,1600,22210,8920,410,7890,2800,3290,10800,1220,5340,350,3830,22120,2620,660,0,5270,2150,4690,520,23-2011,23-2011,Paralegals and Legal Assistants,detailed,277310,1.2,25.57,53180,0.5,14.94,18.38,23.8,30.6,38.59,31070,38230,49500,63650,80260,,,23-2011.00,1.0,2.88,3.62
23-2093,Title Examiners; Abstractors; and Searchers,0.99,270,110,770,620,5340,0,110,0,60,4090,330,300,370,1620,1240,750,510,220,780,0,1090,480,1720,1360,240,0,290,260,450,130,1830,420,3450,760,410,2130,1680,740,2240,300,240,410,710,8830,580,0,980,1390,260,770,170,23-2093,23-2093,"Title Examiners, Abstractors, and Searchers",detailed,54560,3.8,24.75,51490,1.2,13.28,16.73,22.02,29.1,39.33,27620,34800,45800,60520,81800,,,23-2093.00,0.75,1.88,3.62
25-2011,Preschool Teachers; Except Special Education,0.0074,1550,520,7170,3160,48570,8440,6160,2020,990,19160,13280,1610,1130,19230,5080,3830,2300,2800,3230,1220,9330,15610,7740,6580,2350,4870,1130,810,1630,2820,14050,2250,40010,12070,820,12160,4510,6800,14730,1390,4610,1140,6570,27140,960,1130,9720,8870,1510,10120,690,25-2011,25-2011,"Preschool Teachers, Except Special Education",detailed,385550,1.3,16.01,33300,1.7,9.34,10.94,13.84,18.44,26.11,19430,22750,28790,38350,54310,,,25-2011.00,2.0,3.62,3.12
25-2012,Kindergarten Teachers; Except Special Education,0.15,1200,1000,3230,1700,16280,3840,1610,440,60,11490,6360,100,370,4030,2460,980,1410,2540,2550,920,2310,2960,2330,3230,1130,1890,420,1030,1260,440,5190,1160,7400,3690,510,6150,2400,1120,5000,540,2550,650,3150,15490,660,380,4790,7680,1040,1670,490,25-2012,25-2012,"Kindergarten Teachers, Except Special Education",detailed,151290,1.3,*,55460,0.6,*,*,*,*,*,34050,42190,52620,65460,81210,True,,25-2012.00,1.12,3.38,3.75
25-2021,Elementary School Teachers; Except Special Education,0.0044,24710,3020,22320,12540,149340,26510,17960,4220,2770,73190,51990,6170,7190,60960,26910,17190,14570,18800,23510,5850,24960,27900,39850,28360,15390,28490,4260,9930,10430,5910,44680,7950,79570,40520,4190,47130,16750,13090,51990,3480,21450,3960,29950,144980,15680,3680,35610,24320,6230,29160,3100,25-2021,25-2021,"Elementary School Teachers, Except Special Education",detailed,1392660,0.7,*,59020,0.7,*,*,*,*,*,36560,44450,55800,71170,88590,True,,25-2021.00,0.5,3.88,3.88
25-2022,Middle School Teachers; Except Special and Career/Technical Education,0.17,9390,1420,9910,5880,47440,13240,9240,1970,1440,31880,27240,1930,2760,31080,9730,6270,5770,8180,6600,2980,11550,18610,15260,10630,5780,13220,2280,3720,4440,3720,24470,4050,40350,18820,970,31180,7600,5560,24520,1800,9070,2030,10340,72080,4820,1050,16180,9950,4520,12280,1100,25-2022,25-2022,"Middle School Teachers, Except Special and Career/Technical Education",detailed,626310,1.3,*,59800,0.7,*,*,*,*,*,37810,45370,56720,71850,89120,True,,25-2022.00,0.38,3.25,3.88
25-2023,Career/Technical Education Teachers; Middle School,0.26,70,80,250,90,630,220,200,0,0,380,580,0,0,160,200,30,120,0,90,0,0,240,270,110,370,0,0,0,0,0,0,0,1930,1210,0,290,240,0,670,0,190,50,100,1370,80,0,360,420,0,230,70,25-2023,25-2023,"Career/Technical Education Teachers, Middle School",detailed,12730,7.2,*,60350,1.2,*,*,*,*,*,38670,46180,57560,71990,87980,True,,25-2023.00,1.88,3.62,4.0
25-2031,Secondary School Teachers; Except Special and Career/Technical Education,0.0078,13100,2250,15180,10380,104530,16710,14890,2650,3090,44070,25600,3610,5230,44360,19020,12030,10480,12540,13930,5860,21780,25650,19970,20820,9040,26800,3260,7440,6060,5200,30310,6560,65880,23760,2780,52750,11720,10210,45070,3690,14770,3550,19330,106870,9150,2580,26050,14130,3770,22760,2010,25-2031,25-2031,"Secondary School Teachers, Except Special and Career/Technical Education",detailed,1003250,1.0,*,61420,0.6,*,*,*,*,*,38180,46110,58030,74160,92920,True,,25-2031.00,0.12,3.88,4.0
25-2032,Career/Technical Education Teachers; Secondary School,0.0088,410,180,1060,1180,4230,770,2820,0,0,8090,1830,0,210,1320,1320,530,760,190,1500,0,770,2560,1410,630,1400,1080,230,460,250,370,2000,290,4160,4920,460,5960,800,230,4530,80,1110,340,2490,9290,440,250,2540,2780,590,550,300,25-2032,25-2032,"Career/Technical Education Teachers, Secondary School",detailed,80100,2.2,*,59480,0.7,*,*,*,*,*,38330,46040,57320,71670,86570,True,,25-2032.00,2.38,3.88,4.0
25-3011,Adult Basic and Secondary Education and Literacy Teachers and Instructors,0.19,580,40,0,560,7880,910,500,310,270,2260,1420,360,340,2440,520,250,300,550,430,160,900,1630,1170,1270,660,450,280,440,200,170,1590,520,5010,3380,0,2060,570,560,1610,280,370,320,670,6370,0,120,1920,2470,130,640,60,25-3011,25-3011,Adult Basic and Secondary Education and Literacy Teachers and Instructors,detailed,58810,4.1,26.51,55140,1.3,14.14,19.05,24.35,32.12,40.74,29420,39610,50650,66800,84740,,,25-3011.00,0.0,3.12,3.5
25-3021,Self-Enrichment Education Teachers,0.13,2200,360,3180,630,24600,4140,2830,350,330,13060,5900,1230,620,10040,2750,1910,1050,1060,1330,1150,5090,9740,5590,5980,1300,3670,460,1720,1080,1400,9060,1040,34010,7320,450,6970,1040,3300,8880,960,2870,250,2480,14740,3640,650,0,6950,550,4190,390,25-3021,25-3021,Self-Enrichment Education Teachers,detailed,229840,1.5,20.75,43150,0.9,9.34,12.27,17.95,26.28,35.91,19440,25530,37330,54650,74700,,,25-3021.00,1.38,3.25,3.12
25-4011,Archivists,0.76,70,0,60,50,520,50,80,40,180,160,60,0,0,260,120,0,40,0,80,0,270,250,110,80,0,110,0,0,30,0,100,40,880,110,0,120,40,70,280,60,80,0,90,490,0,40,100,160,0,120,0,25-4011,25-4011,Archivists,detailed,5760,4.0,26.24,54570,1.7,14.51,18.34,24.28,32.01,42.39,30180,38150,50500,66590,88160,,,25-4011.00,2.0,3.0,3.88
25-4012,Curators,0.0068,110,60,250,50,1020,270,200,60,130,360,200,30,30,370,150,140,130,110,170,100,120,590,290,200,40,150,100,80,120,80,120,120,1310,490,40,510,90,140,540,50,110,80,160,540,60,50,380,290,30,250,90,25-4012,25-4012,Curators,detailed,11170,2.6,28.32,58910,1.2,14.28,18.84,25.66,34.79,45.4,29700,39190,53360,72360,94430,,,25-4012.00,1.88,4.12,4.38
25-4013,Museum Technicians and Conservators,0.59,50,60,100,70,1610,220,260,0,420,280,160,50,0,760,100,70,140,0,90,80,440,390,160,160,0,880,70,90,140,0,40,60,920,170,0,380,90,120,470,30,90,50,110,510,70,40,330,300,0,80,80,25-4013,25-4013,Museum Technicians and Conservators,detailed,10970,3.1,21.53,44780,1.6,11.12,14.39,19.25,26.36,35.14,23130,29930,40040,54820,73080,,,25-4013.00,2.62,3.25,3.62
25-4031,Library Technicians,0.99,830,260,1430,400,10190,2460,1650,260,550,2410,1630,200,580,6480,1980,1300,920,1010,2070,870,1880,3290,3560,1340,800,2390,380,680,450,630,2820,640,7390,2850,160,4000,1120,1800,2740,320,1400,650,1340,3740,560,550,2290,2870,320,2520,440,25-4031,25-4031,Library Technicians,detailed,93410,1.5,16.72,34780,0.6,9.46,11.92,15.81,20.66,25.43,19680,24790,32890,42970,52880,,,25-4031.00,2.12,2.12,3.25
25-9021,Farm and Home Management Advisors,0.0075,390,0,110,240,0,0,0,80,0,600,80,0,40,240,550,210,300,570,0,0,0,0,0,80,360,0,0,420,30,0,100,0,160,280,210,0,50,350,0,0,0,130,210,450,0,0,390,90,310,60,160,25-9021,25-9021,Farm and Home Management Advisors,detailed,8620,3.8,25.07,52150,1.5,11.9,17.65,23.79,31.07,38.9,24760,36710,49490,64620,80900,,,25-9021.00,1.25,4.0,3.88
25-9031,Instructional Coordinators,0.0042,1210,490,4610,1640,18570,3180,1270,840,1540,9820,5310,1260,500,4290,1690,1830,1000,2390,1910,530,6510,4010,4330,2970,1120,1990,260,590,270,680,2760,510,11650,4310,270,2930,1190,1040,5180,930,1950,370,1930,13500,1530,570,4650,1920,1530,1650,330,25-9031,25-9031,Instructional Coordinators,detailed,147330,1.4,31.49,65500,0.5,16.94,22.89,30.03,38.67,48.23,35230,47620,62460,80440,100320,,,25-9031.00,0.25,3.75,4.12
27-1011,Art Directors,0.023,280,0,400,60,6500,750,640,40,650,1120,530,140,60,1730,300,170,330,230,220,100,340,1060,1070,760,110,870,0,230,190,100,570,90,7950,320,30,1170,140,980,1210,60,180,0,280,1740,350,80,680,770,40,500,0,27-1011,27-1011,Art Directors,detailed,36210,2.2,48.64,101170,0.8,23.39,31.04,43.18,59.74,80,48660,64570,89820,124260,166400,,,27-1011.00,2.0,4.38,4.0
27-1012,Craft Artists,0.035,110,0,110,0,350,80,0,0,0,250,200,50,50,280,110,40,0,0,0,0,120,0,180,70,70,0,0,60,0,0,40,0,300,60,0,200,60,0,80,0,40,0,0,560,60,50,0,160,0,130,50,27-1012,27-1012,Craft Artists,detailed,5070,7.1,18.7,38900,2.3,9.39,11.72,16.08,22.96,31.29,19520,24370,33440,47750,65080,,,27-1012.00,3.5,4.12,3.12
27-1013,Fine Artists; Including Painters; Sculptors; and Illustrators,0.042,0,0,150,110,3070,130,120,0,0,580,310,0,0,270,70,50,40,90,40,40,120,170,350,120,30,170,80,60,0,0,210,70,1350,170,0,730,0,350,330,0,80,0,180,600,150,0,260,420,0,140,0,27-1013,27-1013,"Fine Artists, Including Painters, Sculptors, and Illustrators",detailed,11520,7.3,27.6,57410,2.6,9.43,15.49,24.42,34.74,49.85,19620,32230,50790,72260,103680,,,27-1013.00,3.62,4.62,3.25
27-1014,Multimedia Artists and Animators,0.015,130,0,250,50,10910,290,510,0,110,1370,1430,40,60,1140,70,60,100,140,240,30,290,1050,460,390,0,360,30,90,160,50,340,90,1960,580,0,420,100,1070,500,0,190,40,190,1720,210,0,430,1800,0,240,0,27-1014,27-1014,Multimedia Artists and Animators,detailed,29810,4.0,34.71,72200,1.2,18.52,23.71,31.4,43.49,55.75,38520,49320,65300,90450,115960,,,27-1014.00,2.25,4.0,3.75
27-1021,Commercial and Industrial Designers,0.037,240,0,180,100,3880,420,330,0,0,770,640,50,0,1450,700,400,170,270,350,150,290,770,6600,640,70,500,40,80,80,100,1050,40,2910,800,30,1210,240,330,880,240,710,80,440,1100,300,150,410,400,120,790,0,27-1021,27-1021,Commercial and Industrial Designers,detailed,31860,4.7,34.08,70880,1.1,17.98,24.21,32.59,42.19,50.81,37400,50350,67790,87750,105690,,,27-1021.00,1.75,4.38,4.0
27-1022,Fashion Designers,0.021,0,0,0,0,6610,120,50,0,0,470,260,30,50,160,40,0,210,60,0,70,0,360,210,110,0,130,0,0,0,90,290,50,7590,180,0,0,0,240,230,0,30,0,60,460,50,30,50,280,0,140,0,27-1022,27-1022,Fashion Designers,detailed,19230,4.9,36.77,76480,1.6,16.22,22.12,31.33,44.49,62.53,33740,46020,65170,92550,130050,,,27-1022.00,2.12,4.38,4.0
27-1023,Floral Designers,0.047,620,70,400,320,3490,1100,450,110,120,2260,1110,140,240,2190,1370,600,520,570,790,240,660,1020,1160,980,330,1950,240,360,360,220,1380,220,2570,950,220,1760,600,750,1590,200,560,220,1010,3280,520,130,1080,1300,340,1200,160,27-1023,27-1023,Floral Designers,detailed,43990,2.0,13.27,27610,0.7,9.02,10.19,12.43,15.37,18.82,18760,21190,25850,31970,39130,,,27-1023.00,2.5,3.25,3.12
27-1024,Graphic Designers,0.082,1520,270,3140,1080,29750,4430,2300,450,1650,12500,6390,480,1130,9630,4030,2330,2000,1870,1730,810,3260,5020,5830,5710,870,4120,620,1720,1780,940,5490,740,21440,5910,630,7140,1680,3520,8870,610,1840,650,3010,12110,2900,530,5450,5000,490,5000,320,27-1024,27-1024,Graphic Designers,detailed,210710,0.9,25.14,52290,0.4,13.44,17.1,22.9,30.45,39.43,27950,35560,47640,63340,82020,,,27-1024.00,2.0,4.0,3.88
27-1025,Interior Designers,0.022,490,40,780,210,7390,1580,810,180,880,4730,1700,70,150,2400,800,390,390,410,400,160,1300,1530,1480,770,230,1190,60,240,500,160,1720,120,2970,1120,200,1830,440,620,1520,170,470,140,840,4970,470,60,1210,1510,100,1200,40,27-1025,27-1025,Interior Designers,detailed,53160,2.5,27.03,56220,1.2,12.62,17.67,23.95,32.85,43.86,26260,36760,49810,68340,91230,,,27-1025.00,0.0,4.0,4.0
27-1026,Merchandise Displayers and Window Trimmers,0.48,2870,190,4120,540,11020,1570,900,430,130,8490,4650,850,420,3480,1750,780,1130,1640,700,1100,1140,2010,5020,2480,680,2390,170,280,1740,630,3230,410,6670,2110,260,4840,960,1740,4840,230,1610,440,2230,12920,910,120,0,1880,660,2660,70,27-1026,27-1026,Merchandise Displayers and Window Trimmers,detailed,114690,2.7,14.47,30090,0.8,9.11,10.45,12.83,16.89,22.67,18950,21730,26700,35120,47150,,,27-1026.00,2.88,3.25,3.38
27-1027,Set and Exhibit Designers,0.0055,50,0,100,0,3420,60,170,0,250,280,840,60,0,410,70,0,30,0,0,0,200,190,100,240,0,210,0,0,290,0,40,110,2210,100,0,390,190,180,170,0,40,0,120,530,50,0,240,160,0,110,0,27-1027,27-1027,Set and Exhibit Designers,detailed,12060,3.9,27.69,57600,1.9,12.65,17.64,24.51,35.26,46.79,26310,36690,50990,73330,97320,,,27-1027.00,2.75,3.88,3.75
27-2011,Actors,0.37,0,50,1020,0,14840,320,660,0,340,790,2030,0,0,1290,340,0,150,0,1820,0,890,810,350,490,0,1520,0,0,180,0,340,0,11360,380,0,780,0,480,1110,0,230,0,610,1320,780,0,600,470,0,420,0,27-2011,27-2011,Actors,detailed,48620,8.2,39.84,*,5.2,9.39,11.78,18.7,44.36,#,*,*,*,*,*,,True,27-2011.00,1.0,3.38,3.12
27-2012,Producers and Directors,0.022,550,150,1190,320,28230,1680,1930,80,1900,5960,4360,690,180,3290,960,660,530,920,960,250,1730,2430,2180,1070,270,1370,230,350,980,200,1670,350,23500,1940,220,1790,630,1050,2510,260,810,140,1380,5640,710,290,2030,2490,240,1180,100,27-2012,27-2012,Producers and Directors,detailed,114510,1.9,45.12,93840,1.4,15.84,22.44,34.11,54.24,91.28,32940,46660,70950,112820,189870,,,27-2012.00,2.0,4.25,4.12
27-2012,Producers and Directors,0.022,550,150,1190,320,28230,1680,1930,80,1900,5960,4360,690,180,3290,960,660,530,920,960,250,1730,2430,2180,1070,270,1370,230,350,980,200,1670,350,23500,1940,220,1790,630,1050,2510,260,810,140,1380,5640,710,290,2030,2490,240,1180,100,27-2012,27-2012,Producers and Directors,detailed,114510,1.9,45.12,93840,1.4,15.84,22.44,34.11,54.24,91.28,32940,46660,70950,112820,189870,,,27-2012.03,1.5,3.88,4.12
27-2012,Producers and Directors,0.022,550,150,1190,320,28230,1680,1930,80,1900,5960,4360,690,180,3290,960,660,530,920,960,250,1730,2430,2180,1070,270,1370,230,350,980,200,1670,350,23500,1940,220,1790,630,1050,2510,260,810,140,1380,5640,710,290,2030,2490,240,1180,100,27-2012,27-2012,Producers and Directors,detailed,114510,1.9,45.12,93840,1.4,15.84,22.44,34.11,54.24,91.28,32940,46660,70950,112820,189870,,,27-2012.04,0.12,3.25,4.0
27-2012,Producers and Directors,0.022,550,150,1190,320,28230,1680,1930,80,1900,5960,4360,690,180,3290,960,660,530,920,960,250,1730,2430,2180,1070,270,1370,230,350,980,200,1670,350,23500,1940,220,1790,630,1050,2510,260,810,140,1380,5640,710,290,2030,2490,240,1180,100,27-2012,27-2012,Producers and Directors,detailed,114510,1.9,45.12,93840,1.4,15.84,22.44,34.11,54.24,91.28,32940,46660,70950,112820,189870,,,27-2012.05,2.25,3.75,4.0
27-2021,Athletes and Sports Competitors,0.28,0,0,320,0,940,480,410,0,0,1340,0,0,0,470,360,130,0,100,0,0,140,450,170,170,60,0,0,0,160,0,160,0,0,310,0,90,120,100,590,0,220,0,240,210,180,0,170,180,0,200,0,27-2021,27-2021,Athletes and Sports Competitors,detailed,10260,6.4,*,83730,5.0,*,*,*,*,*,19540,26390,47710,95290,#,True,,27-2021.00,3.25,3.0,3.12
27-2022,Coaches and Scouts,0.013,3180,420,2970,1490,31020,7730,5280,680,440,7030,5050,990,1870,9230,6870,4810,3730,2240,1750,1860,2990,7290,11480,4050,1290,2970,1590,1300,1950,1240,5670,0,9720,5830,760,9730,2040,3510,7350,1260,2880,900,3510,12380,2160,1290,7970,11170,660,5040,630,27-2022,27-2022,Coaches and Scouts,detailed,230930,1.5,*,41000,0.9,*,*,*,*,*,18120,20860,31460,49110,71940,True,,27-2022.00,1.88,3.88,4.0
27-2023,Umpires; Referees; and Other Sports Officials,0.98,90,240,410,0,1740,1280,300,90,0,670,150,0,0,1820,240,170,650,160,230,0,0,340,300,270,0,900,90,30,0,0,220,40,1790,610,120,340,0,190,300,0,60,0,560,970,0,60,650,400,130,510,0,27-2023,27-2023,"Umpires, Referees, and Other Sports Officials",detailed,18660,5.1,*,35540,6.2,*,*,*,*,*,18150,20040,25660,39820,58160,True,,27-2023.00,0.75,1.75,3.5
27-2031,Dancers,0.13,0,0,0,0,1110,240,0,0,0,0,0,640,0,0,0,0,0,0,240,0,0,410,0,0,0,0,0,0,1130,0,270,0,940,150,0,310,0,0,150,40,40,0,110,760,220,0,80,0,0,0,0,27-2031,27-2031,Dancers,detailed,10060,8.3,18.29,*,3.6,8.69,9.37,13.74,22.99,33.34,*,*,*,*,*,,True,27-2031.00,2.12,3.38,2.62
27-2032,Choreographers,0.004,0,0,0,0,690,0,180,0,0,110,90,0,0,0,0,0,170,0,260,0,0,0,170,280,0,0,0,0,60,0,240,0,120,50,0,60,0,100,100,0,60,150,80,450,50,0,360,90,0,0,190,27-2032,27-2032,Choreographers,detailed,5160,7.8,25.77,53610,3.6,10.35,15.28,23.19,33.38,45.39,21520,31790,48240,69430,94400,,,27-2032.00,1.62,4.25,3.38
27-2041,Music Directors and Composers,0.015,60,0,110,60,2430,60,240,0,0,690,550,160,70,780,480,110,260,50,80,0,110,500,730,280,190,180,170,90,0,60,250,80,3480,200,0,1040,160,720,590,90,240,0,320,1150,220,60,580,200,0,210,0,27-2041,27-2041,Music Directors and Composers,detailed,18380,3.2,29.15,60630,2.7,10.01,16.84,24.09,33.9,51.3,20820,35020,50110,70510,106700,,,27-2041.00,2.25,4.12,3.75
27-2042,Musicians and Singers,0.074,120,0,0,0,7280,530,520,40,220,1740,730,610,0,1350,450,0,150,230,390,50,590,750,1490,510,0,560,150,220,570,0,870,0,6610,420,0,1530,390,1630,1120,310,540,0,1680,1600,340,0,800,1070,140,560,0,27-2042,27-2042,Musicians and Singers,detailed,40110,3.0,34.56,*,2.5,9.33,14.02,25.14,47.21,68.13,*,*,*,*,*,,True,27-2042.00,2.75,3.5,2.62
27-3011,Radio and Television Announcers,0.1,310,120,550,310,2940,480,240,0,190,1670,630,160,140,1260,600,380,440,660,340,170,320,500,760,760,240,960,210,500,260,100,320,220,2020,940,210,960,260,320,1290,80,250,390,810,2280,260,140,630,600,220,690,30,27-3011,27-3011,Radio and Television Announcers,detailed,29210,2.8,23.16,48170,2.1,8.84,10.43,15.1,24.52,43.13,18390,21700,31400,51000,89720,,,27-3011.00,1.62,3.88,4.0
27-3031,Public Relations Specialists,0.18,1820,470,3290,790,24690,4330,1450,600,16540,11210,4830,1160,540,5810,3110,1500,2020,1530,1670,1070,3430,6820,5290,4460,1370,5040,630,1520,1170,1220,4030,890,25460,4960,610,6430,2120,2570,8860,1150,2040,950,2220,25940,1650,1020,6920,5390,290,3670,390,27-3031,27-3031,Public Relations Specialists,detailed,226940,0.9,31.99,66540,0.5,15.43,20.41,27.89,38.29,53.15,32090,42450,58020,79650,110560,,,27-3031.00,0.0,3.88,4.12
27-3041,Editors,0.055,660,90,1120,490,10880,1860,960,130,3000,4340,2180,240,400,4700,1380,1070,550,780,490,430,2210,3430,1510,2880,380,950,240,460,460,440,2800,360,19890,1980,170,2250,750,810,3100,230,880,170,1150,5290,860,300,3530,1750,230,1800,140,27-3041,27-3041,Editors,detailed,97170,1.7,31.77,66080,0.7,14.31,19.46,27.51,38.21,53.66,29760,40480,57210,79490,111610,,,27-3041.00,1.12,3.88,4.0
27-3042,Technical Writers,0.89,660,70,970,170,6590,1270,690,140,800,2250,990,70,210,1680,730,500,540,290,220,100,1980,2700,1000,1200,90,1030,70,300,220,220,1860,300,2390,1570,70,1730,720,600,1600,170,480,100,670,3930,680,120,2590,1190,120,1120,0,27-3042,27-3042,Technical Writers,detailed,49780,1.8,35.18,73160,0.5,20.05,25.96,33.58,43.14,53.49,41700,53990,69850,89730,111260,,,27-3042.00,1.0,3.0,3.88
27-3043,Writers and Authors,0.038,220,120,530,100,8380,640,620,50,1290,1830,770,120,130,1460,510,360,300,390,220,150,1110,1580,730,940,140,830,100,350,210,380,860,150,6790,830,210,1480,300,640,1490,100,220,50,700,2060,690,150,1310,1250,120,700,40,27-3043,27-3043,Writers and Authors,detailed,44690,1.9,34.58,71920,1.5,14.12,20.73,29.44,40.15,57.04,29380,43130,61240,83500,118640,,,27-3043.00,0.5,4.0,3.88
27-3043,Writers and Authors,0.038,220,120,530,100,8380,640,620,50,1290,1830,770,120,130,1460,510,360,300,390,220,150,1110,1580,730,940,140,830,100,350,210,380,860,150,6790,830,210,1480,300,640,1490,100,220,50,700,2060,690,150,1310,1250,120,700,40,27-3043,27-3043,Writers and Authors,detailed,44690,1.9,34.58,71920,1.5,14.12,20.73,29.44,40.15,57.04,29380,43130,61240,83500,118640,,,27-3043.05,1.62,4.5,3.75
27-3091,Interpreters and Translators,0.38,230,60,2300,170,7890,1530,310,0,460,2770,1140,150,0,1390,770,540,590,430,70,150,890,1830,1040,1510,130,920,50,680,0,120,790,270,2720,1660,110,1750,320,1430,1000,90,490,190,620,4030,1270,160,2400,1260,110,1020,0,27-3091,27-3091,Interpreters and Translators,detailed,51350,3.1,24.64,51260,1.6,12.2,16.46,22.17,29.78,39.91,25370,34230,46120,61950,83010,,,27-3091.00,0.5,3.0,3.88
27-4011,Audio and Video Equipment Technicians,0.55,690,140,1440,240,15340,1030,1020,150,620,4250,2040,610,290,2590,920,280,340,320,700,70,1380,2020,1560,880,170,1190,140,410,2720,120,1550,280,6580,1010,170,990,590,540,2040,170,660,60,1740,4720,1290,90,1550,1340,140,390,70,27-4011,27-4011,Audio and Video Equipment Technicians,detailed,69670,2.2,22.81,47450,0.8,11.55,14.96,20.3,28.32,37.97,24020,31110,42230,58910,78980,,,27-4011.00,3.12,2.88,3.75
27-4012,Broadcast Technicians,0.74,340,100,410,100,4130,680,580,0,650,1970,810,120,120,1180,610,440,190,300,180,180,350,880,780,530,130,450,160,190,140,140,760,160,4000,830,80,840,140,290,730,110,670,80,290,1920,140,50,640,530,150,830,230,27-4012,27-4012,Broadcast Technicians,detailed,30330,4.9,21.84,45430,1.5,9.36,12.42,18.54,29.02,38.6,19460,25840,38550,60370,80280,,,27-4012.00,2.88,3.0,3.38
27-4014,Sound Engineering Technicians,0.13,30,0,90,40,4980,210,280,0,100,570,550,0,0,320,80,60,0,40,270,0,290,300,130,140,0,140,0,0,0,0,530,50,2090,210,0,310,50,0,210,0,110,0,540,510,0,0,280,330,0,190,0,27-4014,27-4014,Sound Engineering Technicians,detailed,15210,4.3,31.37,65240,2.4,11.75,16.58,25.81,39.95,58.48,24440,34490,53680,83100,121630,,,27-4014.00,2.88,3.38,3.75
27-4021,Photographers,0.021,470,50,880,380,6630,690,610,80,180,3680,1310,440,180,2000,1080,550,420,470,360,110,970,1210,1340,920,200,1180,90,410,740,160,1350,230,3830,1730,80,1830,690,500,1660,200,550,110,930,3040,680,110,950,1280,140,920,60,27-4021,27-4021,Photographers,detailed,48660,2.3,20.5,42640,1.8,9.19,11.29,16.38,25.1,36.65,19110,23480,34070,52220,76220,,,27-4021.00,2.88,3.88,3.25
27-4031,Camera Operators; Television; Video; and Motion Picture,0.6,190,0,310,80,6960,350,310,0,730,880,540,160,160,560,230,80,70,240,430,100,280,550,310,230,40,210,90,130,450,180,400,40,1620,270,40,490,150,100,630,0,130,80,440,1330,200,90,250,260,60,190,40,27-4031,27-4031,"Camera Operators, Television, Video, and Motion Picture",detailed,21710,3.7,30.38,63200,1.7,12.95,18.06,26.48,37.21,52.5,26940,37570,55080,77410,109200,,,27-4031.00,3.0,3.12,3.5
27-4032,Film and Video Editors,0.31,110,0,330,100,13420,300,300,0,150,1380,1010,0,50,400,100,50,60,90,210,0,130,390,510,260,0,320,80,100,260,50,620,30,4860,420,0,390,130,220,430,0,90,0,440,950,200,0,290,220,0,120,0,27-4032,27-4032,Film and Video Editors,detailed,29880,4.4,39.52,82190,2.8,13.29,19.12,30.18,50.04,78.01,27640,39780,62760,104080,162260,,,27-4032.00,2.12,3.62,3.5
29-1011,Chiropractors,0.027,270,90,860,330,2970,970,200,130,0,2070,1060,80,230,1650,540,730,510,400,400,140,470,580,1440,850,110,590,200,420,260,90,740,90,1840,780,250,1170,410,660,1460,110,470,160,400,2150,370,70,810,910,90,1290,80,29-1011,29-1011,Chiropractors,detailed,32960,2.3,39.04,81210,1.8,15.57,22.82,32.46,46.52,67.8,32380,47460,67520,96770,141030,,,29-1011.00,3.0,3.12,4.12
29-1021,Dentists; General,0.0044,1130,270,2480,700,14950,2020,1140,340,260,5900,2530,550,370,4540,1970,1040,1050,840,870,370,2390,3210,4000,1700,770,1680,390,620,910,490,3190,780,7710,3190,210,3220,1270,1430,4250,280,1450,350,1040,8420,1130,170,2950,2290,460,2150,230,29-1021,29-1021,"Dentists, General",detailed,105620,1.9,83.59,173860,1.2,32.54,51.05,73.99,#,#,67690,106180,153900,#,#,,,29-1021.00,4.62,3.5,4.25
29-1022,Oral and Maxillofacial Surgeons,0.0036,0,0,0,0,620,0,60,0,0,0,0,0,0,0,180,0,0,70,0,0,0,260,60,0,0,0,0,40,0,0,0,0,660,0,0,220,190,0,130,0,0,30,100,670,0,0,160,0,0,0,0,29-1022,29-1022,Oral and Maxillofacial Surgeons,detailed,5380,9.8,111.96,232870,3.8,33.44,78.42,#,#,#,69550,163110,#,#,#,,,29-1022.00,5.25,3.75,5.0
29-1023,Orthodontists,0.023,0,0,0,30,710,0,0,0,0,510,0,0,70,250,100,0,0,120,0,0,260,320,90,0,70,0,0,0,0,0,190,0,150,150,0,260,0,0,120,0,0,0,40,360,0,0,0,0,0,0,0,29-1023,29-1023,Orthodontists,detailed,5200,8.6,109.99,228780,3.5,44.03,72.15,#,#,#,91580,150060,#,#,#,,,29-1023.00,3.88,3.25,4.0
29-1024,Prosthodontists,0.055,0,0,0,0,0,0,0,0,0,0,0,0,0,0,0,0,0,0,0,0,0,0,0,0,0,0,0,0,0,0,0,0,0,0,0,0,0,0,0,0,0,0,0,0,0,0,0,0,0,0,0,29-1024,29-1024,Prosthodontists,detailed,750,38.3,80.84,168140,8.3,36.05,47.16,60.6,#,#,74990,98090,126050,#,#,,,29-1024.00,3.62,3.12,4.0
29-1031,Dietitians and Nutritionists,0.0039,850,150,1200,460,7860,910,770,180,250,2950,1760,400,270,2210,1100,650,600,850,850,230,1010,1880,1760,1190,510,1410,180,550,330,260,1790,360,4960,1910,270,2340,730,720,2860,170,900,170,990,4610,630,200,1220,1160,360,1410,90,29-1031,29-1031,Dietitians and Nutritionists,detailed,61430,1.3,28.69,59670,0.4,17.54,22.69,28.33,34.54,39.62,36470,47200,58920,71840,82410,,,29-1031.00,0.25,3.88,4.12
29-1041,Optometrists,0.14,550,70,670,320,3750,930,220,120,100,1940,950,200,240,2490,730,360,500,490,190,140,600,1020,1240,700,200,800,130,350,280,160,1060,190,2690,930,190,1130,660,570,1610,180,500,120,640,2410,420,90,1240,660,150,450,90,29-1041,29-1041,Optometrists,detailed,36430,2.5,56.53,117580,1.3,25.39,39.17,51.03,64.99,92.33,52810,81480,106140,135180,192050,,,29-1041.00,3.25,3.0,4.25
29-1051,Pharmacists,0.012,5430,470,5760,3520,28670,5510,2730,1110,800,21490,9630,1560,1440,12010,6360,3480,3010,4450,4550,1420,6490,7920,9050,6050,2740,6570,1080,2360,2340,1110,8700,1800,20440,9550,760,12590,3760,3990,13460,1440,4800,1240,7980,21560,2560,490,7000,5900,2290,5560,540,29-1051,29-1051,Pharmacists,detailed,305510,0.8,57.82,120270,0.3,41.88,52.6,58.77,66.79,75.94,87120,109400,122230,138920,157950,,,29-1051.00,2.38,3.0,4.12
29-1071,Physician Assistants,0.14,700,430,2460,580,10090,2850,1900,440,410,5290,3770,260,550,2850,1090,1090,1050,1000,570,800,2740,2620,4550,1910,190,1010,480,940,540,600,2350,710,12080,4480,250,3180,1440,1230,5550,290,1250,520,1570,6650,1000,320,2450,2330,730,1740,220,29-1071,29-1071,Physician Assistants,detailed,104050,1.6,49.08,102090,0.4,31.55,41.41,48.79,58.37,68.37,65620,86130,101480,121420,142210,,,29-1071.00,2.38,3.0,4.62
29-1071,Physician Assistants,0.14,700,430,2460,580,10090,2850,1900,440,410,5290,3770,260,550,2850,1090,1090,1050,1000,570,800,2740,2620,4550,1910,190,1010,480,940,540,600,2350,710,12080,4480,250,3180,1440,1230,5550,290,1250,520,1570,6650,1000,320,2450,2330,730,1740,220,29-1071,29-1071,Physician Assistants,detailed,104050,1.6,49.08,102090,0.4,31.55,41.41,48.79,58.37,68.37,65620,86130,101480,121420,142210,,,29-1071.01,3.25,2.75,3.88
29-1081,Podiatrists,0.0046,90,0,230,70,720,0,110,80,60,820,280,0,0,450,200,100,70,110,70,40,230,220,450,130,0,140,0,40,30,0,460,60,1140,220,0,670,110,50,530,40,90,0,100,580,100,0,220,90,0,120,0,29-1081,29-1081,Podiatrists,detailed,9800,3.8,69.28,144110,2.3,23.48,37.56,60.01,87.7,#,48830,78130,124830,182420,#,,,29-1081.00,3.25,3.38,4.25
29-1122,Occupational Therapists,0.0035,1080,270,1550,1030,10390,2670,1940,300,430,6140,2820,280,400,4800,2670,1050,1170,1630,1660,910,2710,4940,4810,2370,910,2490,370,980,680,1120,4270,670,8130,3150,470,4620,930,1080,6450,440,1280,350,1970,9160,840,270,2850,2630,690,2970,270,29-1122,29-1122,Occupational Therapists,detailed,118070,1.2,40.25,83730,0.4,26.06,32.28,39.38,47.74,57.56,54200,67140,81910,99300,119720,,,29-1122.00,2.75,3.88,4.0
29-1122,Occupational Therapists,0.0035,1080,270,1550,1030,10390,2670,1940,300,430,6140,2820,280,400,4800,2670,1050,1170,1630,1660,910,2710,4940,4810,2370,910,2490,370,980,680,1120,4270,670,8130,3150,470,4620,930,1080,6450,440,1280,350,1970,9160,840,270,2850,2630,690,2970,270,29-1122,29-1122,Occupational Therapists,detailed,118070,1.2,40.25,83730,0.4,26.06,32.28,39.38,47.74,57.56,54200,67140,81910,99300,119720,,,29-1122.01,0.62,3.38,3.88
29-1123,Physical Therapists,0.021,2460,460,3150,1940,19910,4740,3800,760,670,12480,5240,890,1000,11030,4570,1850,1710,2480,2970,1390,4850,8420,8300,4030,1700,4010,950,1600,1580,1520,6920,1300,16390,5990,640,7570,1920,2660,10700,910,2670,730,4330,14910,1720,740,5790,4550,1190,4440,420,29-1123,29-1123,Physical Therapists,detailed,216920,1.0,41.93,87220,0.3,27.97,33.98,41.06,48.5,58.71,58190,70680,85400,100880,122130,,,29-1123.00,3.0,3.12,3.88
29-1124,Radiation Therapists,0.34,360,0,470,310,980,250,200,60,120,1190,610,0,60,840,410,190,120,210,360,50,230,600,420,250,160,320,60,130,80,130,450,30,1540,530,0,580,360,220,710,0,200,30,520,1360,130,40,400,470,0,390,0,29-1124,29-1124,Radiation Therapists,detailed,17450,2.8,40.86,84980,1.3,25.81,31.07,38.54,48.46,59.48,53680,64630,80160,100800,123710,,,29-1124.00,3.0,2.62,3.75
29-1125,Recreational Therapists,0.0028,120,0,480,60,1710,110,470,50,200,580,480,70,80,1120,410,210,320,120,290,80,350,870,600,550,230,530,50,200,110,100,490,110,1640,440,60,350,170,140,1280,60,200,50,350,790,360,40,370,240,50,290,50,29-1125,29-1125,Recreational Therapists,detailed,18100,2.3,23.17,48190,0.8,13.47,17.1,22.31,28.69,34.78,28010,35570,46410,59680,72340,,,29-1125.00,2.12,3.75,4.0
29-1126,Respiratory Therapists,0.066,2300,160,2290,870,16560,1810,1210,360,380,8590,3710,320,550,5010,3890,920,1120,2510,2190,470,1500,2660,4120,1620,1540,2470,430,940,960,410,3020,780,5840,3940,300,6490,1140,1300,5390,360,1710,330,3810,11700,940,210,2470,2230,860,1920,210,29-1126,29-1126,Respiratory Therapists,detailed,126770,1.4,29.15,60640,0.3,20.43,23.72,28.21,33.97,39.21,42490,49340,58670,70650,81550,,,29-1126.00,3.0,3.0,4.0
29-1127,Speech-Language Pathologists,0.0064,1560,310,2160,1900,11430,3190,1910,380,380,7260,3500,570,470,6040,2440,1340,1370,2100,2420,720,2500,4140,3130,2520,1410,2930,440,970,760,610,5210,920,11360,4040,560,5170,1600,1680,5310,330,1450,370,2490,13520,1170,380,3140,2850,1040,2250,310,29-1127,29-1127,Speech-Language Pathologists,detailed,135980,1.1,37.6,78210,0.6,22.63,28.12,35.9,45.67,56.16,47070,58480,74680,95000,116810,,,29-1127.00,0.75,3.88,4.12
29-1131,Veterinarians,0.038,860,190,1490,610,6360,2050,740,200,110,3610,1900,250,460,2620,1180,1270,720,1020,730,340,1540,1590,2080,1510,450,1580,420,740,490,400,1630,400,3030,2830,240,2910,950,1370,3030,190,780,240,1230,4450,360,220,2520,1580,300,1680,200,29-1131,29-1131,Veterinarians,detailed,67650,1.5,48.34,100560,1.1,25.23,33.29,42.68,56.95,77.44,52470,69240,88770,118460,161070,,,29-1131.00,3.5,3.38,4.25
29-1181,Audiologists,0.0033,70,0,290,60,880,290,90,50,100,670,540,0,0,410,300,160,160,0,140,40,160,410,410,190,110,200,80,80,150,60,320,0,920,400,50,540,110,210,580,0,110,0,320,970,150,0,360,420,110,160,0,29-1181,29-1181,Audiologists,detailed,12310,4.5,38.12,79290,1.3,24.28,29.51,36.53,45.27,54.59,50490,61370,75980,94170,113540,,,29-1181.00,2.75,3.0,4.25
29-2011,Medical and Clinical Laboratory Technologists,0.9,2550,230,4200,1040,11780,2620,2350,440,750,10150,4710,640,580,6070,3920,1230,1690,1760,2650,900,3840,6210,7090,4050,1490,3780,540,1460,820,580,4990,680,10380,5020,700,6860,2030,2170,7970,500,2820,760,4620,12380,2280,180,4340,3380,830,3430,290,29-2011,29-2011,Medical and Clinical Laboratory Technologists,detailed,166730,1.4,30.02,62440,0.3,19.97,24.7,29.36,35.46,40.94,41550,51370,61070,73760,85160,,,29-2011.00,3.25,2.75,4.0
29-2011,Medical and Clinical Laboratory Technologists,0.9,2550,230,4200,1040,11780,2620,2350,440,750,10150,4710,640,580,6070,3920,1230,1690,1760,2650,900,3840,6210,7090,4050,1490,3780,540,1460,820,580,4990,680,10380,5020,700,6860,2030,2170,7970,500,2820,760,4620,12380,2280,180,4340,3380,830,3430,290,29-2011,29-2011,Medical and Clinical Laboratory Technologists,detailed,166730,1.4,30.02,62440,0.3,19.97,24.7,29.36,35.46,40.94,41550,51370,61070,73760,85160,,,29-2011.01,2.88,2.88,4.0
29-2011,Medical and Clinical Laboratory Technologists,0.9,2550,230,4200,1040,11780,2620,2350,440,750,10150,4710,640,580,6070,3920,1230,1690,1760,2650,900,3840,6210,7090,4050,1490,3780,540,1460,820,580,4990,680,10380,5020,700,6860,2030,2170,7970,500,2820,760,4620,12380,2280,180,4340,3380,830,3430,290,29-2011,29-2011,Medical and Clinical Laboratory Technologists,detailed,166730,1.4,30.02,62440,0.3,19.97,24.7,29.36,35.46,40.94,41550,51370,61070,73760,85160,,,29-2011.02,3.12,2.25,3.88
29-2011,Medical and Clinical Laboratory Technologists,0.9,2550,230,4200,1040,11780,2620,2350,440,750,10150,4710,640,580,6070,3920,1230,1690,1760,2650,900,3840,6210,7090,4050,1490,3780,540,1460,820,580,4990,680,10380,5020,700,6860,2030,2170,7970,500,2820,760,4620,12380,2280,180,4340,3380,830,3430,290,29-2011,29-2011,Medical and Clinical Laboratory Technologists,detailed,166730,1.4,30.02,62440,0.3,19.97,24.7,29.36,35.46,40.94,41550,51370,61070,73760,85160,,,29-2011.04,2.75,2.88,3.5
29-2012,Medical and Clinical Laboratory Technicians,0.47,2170,420,3180,1360,18580,2000,1610,160,480,7070,5180,720,570,5440,3150,1330,1420,2200,2540,420,5310,5320,6390,3480,1670,4730,470,1400,820,290,3080,560,7740,5300,270,6350,2160,1460,7590,420,2050,370,7480,11780,2320,250,4060,3250,830,2850,160,29-2012,29-2012,Medical and Clinical Laboratory Technicians,detailed,160190,1.6,20.05,41700,0.4,12.5,15.03,18.73,24,29.67,26010,31250,38950,49920,61720,,,29-2012.00,3.0,2.75,3.25
29-2012,Medical and Clinical Laboratory Technicians,0.47,2170,420,3180,1360,18580,2000,1610,160,480,7070,5180,720,570,5440,3150,1330,1420,2200,2540,420,5310,5320,6390,3480,1670,4730,470,1400,820,290,3080,560,7740,5300,270,6350,2160,1460,7590,420,2050,370,7480,11780,2320,250,4060,3250,830,2850,160,29-2012,29-2012,Medical and Clinical Laboratory Technicians,detailed,160190,1.6,20.05,41700,0.4,12.5,15.03,18.73,24,29.67,26010,31250,38950,49920,61720,,,29-2012.01,2.75,2.12,3.62
29-2031,Cardiovascular Technologists and Technicians,0.23,580,80,860,590,4180,550,340,300,140,4270,1740,230,340,2150,1180,390,370,1060,900,190,1330,1600,2100,960,510,1080,140,600,430,180,780,300,3110,1240,110,2320,580,660,2850,0,820,240,1100,5160,340,50,1610,960,500,1330,50,29-2031,29-2031,Cardiovascular Technologists and Technicians,detailed,53760,1.4,27.45,57100,0.5,13.77,18.12,26.71,35.12,43,28650,37690,55570,73050,89450,,,29-2031.00,2.88,2.62,3.75
29-2032,Diagnostic Medical Sonographers,0.35,1100,70,1480,490,5640,880,1030,160,150,5120,1640,170,280,2450,970,860,540,840,940,190,1370,1940,2430,1540,690,1290,190,480,720,210,2280,500,4730,1750,120,2160,900,690,2530,360,720,360,1900,5190,510,80,1610,1440,490,1540,70,29-2032,29-2032,Diagnostic Medical Sonographers,detailed,65790,1.4,34.49,71750,0.6,23.39,27.66,33.49,39.58,47.64,48660,57530,69650,82320,99100,,,29-2032.00,2.75,2.62,3.62
29-2033,Nuclear Medicine Technologists,0.13,350,40,290,180,1600,260,210,60,50,1660,490,80,90,780,390,150,140,290,420,70,420,730,710,240,230,410,50,130,130,60,550,120,1260,530,0,910,320,150,900,40,270,150,670,1330,130,0,750,380,150,310,0,29-2033,29-2033,Nuclear Medicine Technologists,detailed,19650,1.5,36.52,75960,0.4,25.69,30.25,35.75,42.6,48.96,53440,62910,74350,88610,101850,,,29-2033.00,2.88,2.75,3.62
29-2051,Dietetic Technicians,0.13,120,0,1110,160,4170,260,470,120,70,1140,840,80,100,3730,370,450,120,100,520,110,260,2040,1060,350,240,590,70,190,100,80,470,100,940,280,410,670,700,140,2390,100,900,0,630,2870,680,40,680,540,360,270,0,29-2051,29-2051,Dietetic Technicians,detailed,32240,3.0,14.12,29360,0.8,8.84,10.18,12.67,17.02,22.1,18380,21170,26350,35410,45960,,,29-2051.00,2.38,3.12,3.12
29-2052,Pharmacy Technicians,0.92,7290,680,9420,3960,34870,5110,3760,1460,950,27660,11980,1810,1760,19330,9830,4330,4360,8420,6150,2040,7300,8700,12230,7680,3760,10240,1150,2570,3380,1480,9500,2580,17660,14280,730,16290,5380,4520,16460,1530,6470,1250,12740,33030,3940,530,9070,7330,3110,7780,570,29-2052,29-2052,Pharmacy Technicians,detailed,398390,0.8,15.47,32170,0.3,10.27,12.1,14.86,18.16,21.98,21370,25170,30920,37780,45710,,,29-2052.00,3.0,2.0,3.62
29-2053,Psychiatric Technicians,0.043,1030,290,1540,820,7950,780,1040,0,130,9060,680,0,390,3780,1710,170,780,340,1210,350,460,1840,1140,280,440,1440,0,290,180,0,290,1270,1530,1310,40,1200,710,730,2020,270,690,0,650,3810,820,240,3440,650,1600,1750,0,29-2053,29-2053,Psychiatric Technicians,detailed,61720,1.6,17.25,35870,1.2,10.25,12.16,14.89,20.64,28.83,21330,25290,30970,42930,59960,,,29-2053.00,2.0,3.0,3.75
29-2055,Surgical Technologists,0.34,2050,90,2150,1070,9750,1530,990,340,280,6940,3530,350,640,2780,2820,710,880,1800,2020,440,2030,3890,3500,2100,1330,1730,430,640,880,430,1960,410,5560,2780,300,4050,1500,1410,3770,290,1760,500,3130,10800,1150,80,2430,2150,890,2500,180,29-2055,29-2055,Surgical Technologists,detailed,105720,1.2,22.5,46800,0.3,15.25,17.78,21.71,26.46,31.16,31720,36980,45160,55030,64800,,,29-2055.00,3.62,2.5,3.12
29-2056,Veterinary Technologists and Technicians,0.029,980,190,1790,350,9070,3660,1720,380,120,8510,2940,350,580,3840,1370,740,600,1480,1120,740,2890,2940,3000,2460,630,1530,340,710,590,890,2900,750,4280,3080,200,3370,840,1770,5060,290,1740,260,1280,9490,1030,410,1650,1760,440,2050,240,29-2056,29-2056,Veterinary Technologists and Technicians,detailed,99390,2.0,16.29,33870,0.6,10.74,12.92,15.62,18.73,23.24,22340,26870,32490,38950,48330,,,29-2056.00,3.25,3.0,4.0
29-2061,Licensed Practical and Licensed Vocational Nurses,0.058,13030,500,6100,12100,68110,5010,7780,2120,1720,44820,26510,1280,2390,20140,16090,6340,7380,10520,20580,1250,11640,15890,14980,17070,8990,15810,2490,5100,2570,2290,16360,2100,46990,17930,2670,39920,11580,2780,38020,1060,9440,1820,23620,70810,1910,1350,21410,7250,6090,7990,680,29-2061,29-2061,Licensed Practical and Licensed Vocational Nurses,detailed,702400,0.6,21.56,44840,0.2,15.63,17.81,21.2,24.63,29.05,32510,37040,44090,51220,60420,,,29-2061.00,3.0,2.88,4.0
29-2081,Opticians; Dispensing,0.71,1210,140,1870,460,8040,1330,880,430,290,4930,1460,450,420,3200,1750,780,920,810,1220,330,1270,1520,3370,2080,370,1530,310,740,430,510,1540,290,3450,1620,340,2930,810,1280,3310,260,1090,420,1710,6430,640,100,2210,1380,330,1810,240,29-2081,29-2081,"Opticians, Dispensing",detailed,75270,2.0,18.2,37860,0.9,10.9,13.41,17.08,22.07,27.49,22670,27890,35530,45910,57180,,,29-2081.00,2.88,3.0,3.88
29-2091,Orthotists and Prosthetists,0.0035,130,0,0,50,560,100,110,40,0,320,230,0,50,240,220,50,50,110,100,0,70,230,460,290,90,100,40,50,70,0,170,40,440,440,0,0,100,80,280,0,210,30,80,330,0,0,110,190,0,0,0,29-2091,29-2091,Orthotists and Prosthetists,detailed,7500,7.1,33.62,69920,1.4,17.25,23.94,31.55,41.05,50,35870,49790,65630,85390,104010,,,29-2091.00,3.0,3.62,4.12
29-9091,Athletic Trainers,0.0071,420,0,610,130,1450,390,370,140,70,1150,510,170,0,1130,590,260,260,430,190,140,210,630,930,760,280,480,110,160,50,160,630,0,1250,640,50,1190,370,140,1480,90,310,120,450,2820,190,70,780,290,130,720,60,29-9091,29-9091,Athletic Trainers,detailed,24130,2.7,*,47880,0.7,*,*,*,*,*,30300,37010,45630,56320,69140,True,,29-9091.00,2.88,3.12,4.12
31-2011,Occupational Therapy Assistants,0.028,500,0,490,270,1900,550,480,90,40,2280,780,60,90,2460,1180,420,490,500,620,150,560,1270,1140,500,280,970,60,200,130,190,360,140,2300,1360,100,3480,490,230,2350,240,350,90,930,3750,140,80,1040,380,310,1320,80,31-2011,31-2011,Occupational Therapy Assistants,detailed,38170,2.3,28.62,59530,0.6,18.83,23.46,28.37,33.92,38.5,39160,48790,59010,70550,80090,,,31-2011.00,2.75,3.12,3.38
31-2012,Occupational Therapy Aides,0.27,110,0,130,40,890,70,80,0,60,70,240,0,0,1720,100,50,40,60,180,0,110,310,60,0,0,0,0,60,0,70,50,0,400,110,40,70,120,0,600,0,80,0,0,400,130,0,170,80,80,50,0,31-2012,31-2012,Occupational Therapy Aides,detailed,7210,8.9,15.31,31840,2.6,9.82,11.18,13.62,17.21,24.61,20430,23260,28330,35800,51180,,,31-2012.00,2.75,2.62,3.38
31-2021,Physical Therapist Assistants,0.018,1900,70,1540,1030,5040,1160,730,250,150,5340,1930,290,310,4860,2270,960,1100,1770,1450,250,1480,2420,3960,1450,920,1920,150,670,510,580,1280,390,4200,2550,140,6210,1090,630,4510,340,1140,220,2730,6780,640,150,2550,1170,800,1460,150,31-2021,31-2021,Physical Therapist Assistants,detailed,85580,1.4,27.33,56850,0.5,16.65,22.04,27.21,32.14,38,34640,45840,56610,66860,79040,,,31-2021.00,2.88,2.88,3.88
31-2022,Physical Therapist Aides,0.61,570,30,750,280,6300,450,540,440,80,2480,840,190,370,2960,630,330,420,690,1160,90,1590,1110,1620,320,380,510,60,530,360,200,3480,210,2940,800,120,910,500,590,2210,270,650,130,1690,5650,780,80,1260,800,120,400,140,31-2022,31-2022,Physical Therapist Aides,detailed,50030,2.3,13.41,27890,0.7,9.31,10.52,12.35,14.83,18.43,19370,21880,25680,30850,38340,,,31-2022.00,2.62,2.12,3.12
31-9011,Massage Therapists,0.54,400,770,2330,280,16090,4950,1620,90,0,8220,2260,1390,260,3530,1210,820,510,550,440,310,1770,1870,2230,2190,160,920,140,360,1580,510,3460,310,4180,3040,140,1930,410,1990,3230,200,1100,90,1070,6790,1070,330,2470,4030,250,1850,120,31-9011,31-9011,Massage Therapists,detailed,95830,2.6,21.39,44480,1.1,9.48,13.09,19.17,27.46,35.99,19720,27230,39860,57120,74870,,,31-9011.00,3.0,2.88,3.12
31-9091,Dental Assistants,0.51,3250,1360,6710,2630,48350,6690,3830,850,650,17970,9760,1600,2110,12280,5430,2970,2940,4440,3790,1170,5690,7690,9480,5630,2240,5500,1350,2180,2570,1300,10180,2530,20050,8930,690,10570,4130,5270,11690,890,3920,840,5400,28210,5010,510,8230,10320,1160,5690,640,31-9091,31-9091,Dental Assistants,detailed,327290,0.9,18.22,37890,0.4,12.24,14.62,17.76,21.72,25,25460,30410,36940,45170,52000,,,31-9091.00,3.0,2.5,3.12
31-9092,Medical Assistants,0.3,7290,1500,17520,3060,83230,9870,7430,2130,1640,50550,20980,3140,3020,20620,12330,4900,4580,8220,6830,3450,10800,16370,22300,9550,2650,9050,1230,3050,6590,2540,18170,4350,23870,16220,680,22950,8920,10590,26760,2510,9260,1030,14430,57960,7180,650,12510,12950,3750,11810,630,31-9092,31-9092,Medical Assistants,detailed,623560,0.8,15.79,32850,0.2,10.99,12.91,15.17,18.16,21.78,22870,26860,31540,37760,45310,,,31-9092.00,2.25,2.75,3.62
31-9093,Medical Equipment Preparers,0.78,1150,110,1330,200,6600,980,390,170,260,3860,1220,240,230,1910,780,430,290,590,310,500,1300,1610,1890,1250,290,1220,190,340,260,280,2570,150,2720,1520,230,2210,370,1220,1980,150,510,150,820,3170,470,100,910,1760,380,870,80,31-9093,31-9093,Medical Equipment Preparers,detailed,52500,1.6,17.29,35960,0.4,11.35,13.49,16.54,20.13,24.34,23610,28060,34400,41860,50620,,,31-9093.00,3.0,2.0,2.88
31-9094,Medical Transcriptionists,0.89,610,120,810,520,3880,800,570,160,40,5300,1530,150,570,1610,1110,1010,720,850,1090,290,700,730,1860,1370,440,1190,240,470,380,250,1240,220,2190,1190,310,2100,360,1070,2530,120,760,610,1490,4680,290,160,1850,1620,390,1470,80,31-9094,31-9094,Medical Transcriptionists,detailed,54070,2.8,17.86,37150,1.1,10.73,13.78,17.17,21.01,24.83,22330,28660,35720,43700,51640,,,31-9094.00,2.25,1.5,3.12
31-9095,Pharmacy Aides,0.72,620,80,0,530,10390,150,120,0,0,2290,950,120,70,760,240,370,830,200,750,90,0,740,560,450,190,1010,80,230,110,0,350,100,2480,430,380,760,860,220,1640,0,220,0,820,2320,350,210,570,1150,370,640,40,31-9095,31-9095,Pharmacy Aides,detailed,36660,3.9,13.66,28420,1.3,8.88,10.16,12.14,15.86,21.34,18480,21130,25240,32980,44380,,,31-9095.00,2.12,1.5,2.88
31-9096,Veterinary Assistants and Laboratory Animal Caretakers,0.86,1010,120,1840,810,11690,500,670,220,0,4870,2060,270,380,2150,2020,820,910,1060,1540,590,1560,1780,2490,1040,800,2020,310,420,700,290,1100,520,3690,2920,160,2750,1530,1510,2640,200,910,200,3020,5140,450,0,3040,2970,490,1480,130,31-9096,31-9096,Veterinary Assistants and Laboratory Animal Caretakers,detailed,79990,2.7,12.89,26810,0.7,8.91,10.18,12.14,14.64,18.18,18540,21170,25250,30460,37810,,,31-9096.00,2.88,2.0,3.12
33-1011,First-Line Supervisors of Correctional Officers,0.025,440,80,1580,360,4580,0,700,0,50,1910,0,50,340,1550,1250,280,300,900,1160,170,2120,110,1030,540,390,560,150,390,290,100,580,540,3940,1160,170,580,590,410,1330,0,390,50,810,4180,320,50,2180,870,110,790,100,33-1011,33-1011,First-Line Supervisors of Correctional Officers,detailed,43230,0.4,31.3,65100,0.8,18.87,22.16,29.12,39.51,47.25,39260,46090,60560,82180,98290,,,33-1011.00,2.25,2.75,4.0
33-1012,First-Line Supervisors of Police and Detectives,0.0044,1180,300,2670,1410,0,1430,1840,310,0,3930,3580,630,610,6430,2000,920,1790,1600,1960,350,3710,4040,2450,1840,850,1810,250,580,860,460,3200,740,12160,2510,220,2530,2500,1220,3330,620,1720,140,3860,2730,920,180,2600,2390,250,1650,280,33-1012,33-1012,First-Line Supervisors of Police and Detectives,detailed,100200,0.6,42.5,88400,0.6,24.22,31.19,40.79,51.76,64.81,50370,64870,84840,107660,134810,,,33-1012.00,3.0,3.12,4.0
33-1021,First-Line Supervisors of Fire Fighting and Prevention Workers,0.0036,1010,160,2390,800,2200,1200,1220,50,0,2970,1750,450,310,3530,880,450,1140,1030,1650,290,1830,2890,910,610,770,970,110,170,530,360,1190,800,3770,1210,150,2420,1410,1330,910,700,1260,100,2020,1500,600,60,1580,2230,50,940,120,33-1021,33-1021,First-Line Supervisors of Fire Fighting and Prevention Workers,detailed,57170,1.0,37.04,77050,0.7,20.23,27.24,35.84,45.96,56.64,42070,56660,74540,95600,117800,,,33-1021.00,3.0,3.12,4.0
33-2011,Firefighters,0.17,4520,780,7600,2420,30040,5290,3310,430,0,24250,12380,1780,1770,17170,7710,1640,3570,3660,6490,2220,4050,11910,5600,5940,2700,6790,460,1030,1660,1710,5460,1990,10490,14900,430,18810,3500,3200,5220,1710,5370,520,5140,27870,2570,230,9980,8090,980,9570,420,33-2011,33-2011,Firefighters,detailed,315910,0.8,24.29,50520,0.7,11.39,15.71,23.09,31.19,38.99,23700,32670,48030,64870,81110,,,33-2011.00,3.25,2.88,3.75
33-2021,Fire Inspectors and Investigators,0.48,120,0,270,40,860,170,360,160,0,810,550,0,0,420,220,30,80,110,110,70,170,190,220,120,270,230,0,130,130,50,1010,0,520,620,0,360,170,140,210,60,240,0,0,1370,170,30,250,230,50,170,0,33-2021,33-2021,Fire Inspectors and Investigators,detailed,11910,2.3,29.64,61660,1.0,16.6,21.2,28.1,36.77,45.8,34530,44090,58440,76480,95270,,,33-2021.00,2.12,3.0,3.75
33-2022,Forest Fire Inspectors and Prevention Specialists,0.048,50,0,0,160,310,50,0,0,0,0,60,0,0,0,0,0,0,0,0,0,0,50,0,0,240,0,0,0,0,0,40,0,0,0,0,0,0,60,0,0,0,0,0,50,0,0,0,0,0,0,0,33-2022,33-2022,Forest Fire Inspectors and Prevention Specialists,detailed,1650,2.2,21.3,44300,1.6,11.87,14.48,17.42,25.95,36.86,24700,30110,36230,53980,76660,,,33-2022.00,2.38,3.0,3.88
33-3011,Bailiffs,0.36,80,0,300,100,290,440,0,0,0,1240,620,50,70,580,560,220,60,740,400,140,130,0,590,140,150,210,0,70,160,90,70,0,3960,180,230,1460,100,70,520,0,260,0,340,830,120,0,510,180,50,200,0,33-3011,33-3011,Bailiffs,detailed,17880,1.2,21.99,45740,1.0,11.2,15.24,20.52,29.3,35.72,23300,31700,42670,60930,74300,,,33-3011.00,1.25,1.38,3.12
33-3012,Correctional Officers and Jailers,0.6,5540,1240,15190,5140,37050,0,3880,0,1110,32930,16190,1560,1930,14290,7420,3110,3960,6640,8430,1640,7260,6400,9850,0,6550,8320,1170,2410,0,1010,10180,4140,34460,15850,840,12900,4500,4050,17020,0,6720,1350,8990,49720,2080,570,13630,6070,3370,6970,890,33-3012,33-3012,Correctional Officers and Jailers,detailed,431600,0.5,22.48,46750,0.7,13.7,16.42,20.59,27.29,35.88,28500,34150,42820,56770,74630,,,33-3012.00,3.0,2.25,3.62
33-3021,Detectives and Criminal Investigators,0.34,1310,100,6130,490,12040,1710,930,90,2790,6130,3200,470,400,2710,1120,370,870,670,2160,580,960,1900,1840,1290,880,1560,440,310,540,340,2860,1610,8920,2830,280,2070,900,630,2870,300,1030,210,1360,16900,370,230,3430,2250,180,1270,170,33-3021,33-3021,Detectives and Criminal Investigators,detailed,104980,0.3,39.18,81490,0.6,20.3,26.53,37.56,49.68,63.08,42220,55180,78120,103330,131200,,,33-3021.00,2.38,3.38,4.12
33-3021,Detectives and Criminal Investigators,0.34,1310,100,6130,490,12040,1710,930,90,2790,6130,3200,470,400,2710,1120,370,870,670,2160,580,960,1900,1840,1290,880,1560,440,310,540,340,2860,1610,8920,2830,280,2070,900,630,2870,300,1030,210,1360,16900,370,230,3430,2250,180,1270,170,33-3021,33-3021,Detectives and Criminal Investigators,detailed,104980,0.3,39.18,81490,0.6,20.3,26.53,37.56,49.68,63.08,42220,55180,78120,103330,131200,,,33-3021.02,2.62,2.88,3.88
33-3021,Detectives and Criminal Investigators,0.34,1310,100,6130,490,12040,1710,930,90,2790,6130,3200,470,400,2710,1120,370,870,670,2160,580,960,1900,1840,1290,880,1560,440,310,540,340,2860,1610,8920,2830,280,2070,900,630,2870,300,1030,210,1360,16900,370,230,3430,2250,180,1270,170,33-3021,33-3021,Detectives and Criminal Investigators,detailed,104980,0.3,39.18,81490,0.6,20.3,26.53,37.56,49.68,63.08,42220,55180,78120,103330,131200,,,33-3021.06,0.62,3.5,4.38
33-3031,Fish and Game Wardens,0.08,200,0,110,0,360,0,90,0,0,0,450,90,110,130,0,120,120,0,0,120,110,90,190,0,40,0,120,0,40,0,50,70,360,430,100,140,130,0,0,0,30,120,350,470,0,40,220,110,170,330,0,33-3031,33-3031,Fish and Game Wardens,detailed,6610,2.5,26.33,54760,0.8,16.52,20.2,24.87,31.55,37.23,34360,42010,51730,65610,77440,,,33-3031.00,2.62,3.0,3.88
33-3041,Parking Enforcement Workers,0.84,90,0,50,30,1680,100,120,30,0,490,250,40,40,590,70,60,0,30,160,0,170,320,180,140,40,60,30,0,50,90,430,0,490,0,0,160,40,110,400,80,70,0,0,420,90,0,530,200,90,120,0,33-3041,33-3041,Parking Enforcement Workers,detailed,8920,2.7,19.06,39650,1.3,10.82,13.69,18.25,24.05,28.9,22510,28480,37950,50020,60110,,,33-3041.00,2.0,1.5,3.0
33-3051,Police and Sheriffs Patrol Officers,0.098,10410,1110,11550,5760,70790,9360,6980,1810,5250,39020,24360,2690,2370,32780,11550,5140,5900,7200,10510,2060,13710,17550,16100,8850,7450,13420,1650,3360,4560,2750,21390,4460,47870,22040,1510,24620,7360,4990,26970,2070,11600,1750,12450,62580,4400,1280,18470,9210,3720,11810,1140,33-3051,33-3051,Police and Sheriff's Patrol Officers,detailed,657690,0.6,30.17,62760,0.9,16.46,21.15,28.69,37.57,47.36,34230,44000,59680,78140,98510,,,33-3051.00,3.0,2.88,4.0
33-3051,Police and Sheriffs Patrol Officers,0.098,10410,1110,11550,5760,70790,9360,6980,1810,5250,39020,24360,2690,2370,32780,11550,5140,5900,7200,10510,2060,13710,17550,16100,8850,7450,13420,1650,3360,4560,2750,21390,4460,47870,22040,1510,24620,7360,4990,26970,2070,11600,1750,12450,62580,4400,1280,18470,9210,3720,11810,1140,33-3051,33-3051,Police and Sheriff's Patrol Officers,detailed,657690,0.6,30.17,62760,0.9,16.46,21.15,28.69,37.57,47.36,34230,44000,59680,78140,98510,,,33-3051.04,2.62,2.38,3.88
33-3052,Transit and Railroad Police,0.57,0,0,0,0,460,0,0,0,0,0,420,0,0,50,0,0,0,0,90,0,0,0,0,0,0,0,0,0,0,0,330,0,1480,0,0,250,0,0,80,0,0,0,80,620,0,0,0,30,0,0,0,33-3052,33-3052,Transit and Railroad Police,detailed,4810,5.7,32.62,67850,2.1,19.97,26.24,32.03,39.39,46.48,41540,54570,66610,81920,96670,,,33-3052.00,2.75,3.0,3.38
33-9011,Animal Control Workers,0.21,220,40,200,170,1650,220,260,0,0,540,440,0,60,430,250,60,180,230,270,180,150,430,250,40,190,210,50,0,90,70,300,190,840,550,0,350,310,60,230,60,200,50,220,1490,190,80,370,180,90,170,50,33-9011,33-9011,Animal Control Workers,detailed,12970,1.4,17.6,36600,0.6,10.31,13.11,16.61,21.21,26.73,21440,27280,34550,44110,55600,,,33-9011.00,3.0,2.75,3.5
33-9021,Private Detectives and Investigators,0.31,220,40,180,0,5110,460,270,100,100,3550,970,80,0,1060,220,60,80,140,370,0,410,1080,310,210,0,240,80,0,260,180,520,380,1960,540,0,830,190,380,1360,0,180,30,600,2400,100,0,0,300,0,200,0,33-9021,33-9021,Private Detectives and Investigators,detailed,28490,8.6,25.74,53530,2.5,13.08,17.17,23.17,31.87,41.86,27210,35710,48190,66300,87070,,,33-9021.00,1.75,3.12,4.12
33-9031,Gaming Surveillance Officers and Gaming Investigators,0.95,60,0,360,0,1090,140,280,80,0,400,0,0,80,150,410,240,90,0,290,0,90,0,510,400,360,280,80,0,800,0,220,280,190,0,90,540,1080,200,570,0,0,90,0,0,0,0,0,390,80,230,0,33-9031,33-9031,Gaming Surveillance Officers and Gaming Investigators,detailed,10460,4.0,16.96,35280,1.3,10.74,12.81,15.69,19.75,25.24,22340,26650,32630,41080,52500,,,33-9031.00,1.5,2.12,3.75
33-9032,Security Guards,0.84,12920,2070,22510,6220,146740,15330,11610,3490,15140,85510,28840,9770,2800,49370,17160,5890,6280,11050,16640,1920,27720,21590,24900,10950,10400,17000,1560,4660,21230,2760,39110,6320,112750,27520,1430,32280,11550,8280,43790,2930,14210,1120,23350,88360,5650,1120,32970,18880,5070,11430,1000,33-9032,33-9032,Security Guards,detailed,1103120,0.9,14.29,29730,0.6,9.07,10.23,12.39,16.65,22.72,18860,21290,25770,34620,47260,,,33-9032.00,1.62,2.12,3.0
33-9091,Crossing Guards,0.49,530,180,1480,120,7300,2180,1180,470,250,4190,860,110,570,2960,1640,460,260,440,990,570,800,1400,1290,0,320,180,150,90,1450,0,5700,400,8390,850,80,1630,250,2380,6210,450,540,50,1010,5900,1500,450,820,1790,410,1070,160,33-9091,33-9091,Crossing Guards,detailed,72900,2.4,14.03,29190,1.2,8.81,10.01,12.84,16.49,20.3,18320,20820,26700,34300,42210,,,33-9091.00,1.88,0.88,2.5
33-9092,Lifeguards; Ski Patrol; and Other Recreational Protective Service Workers,0.67,1340,310,1870,450,16110,4270,1500,310,220,7630,3400,1010,530,8330,3230,1980,1730,1120,920,520,2170,3390,3210,3000,290,3970,280,1060,1520,480,4560,790,8760,5020,610,6960,1010,2080,4920,340,1080,470,2870,13360,2160,320,0,2680,540,3920,390,33-9092,33-9092,"Lifeguards, Ski Patrol, and Other Recreational Protective Service Workers",detailed,145100,1.7,10.89,22640,1.1,8.21,8.84,9.76,11.66,15.31,17070,18400,20290,24260,31840,,,33-9092.00,2.12,2.0,3.0
35-1011,Chefs and Head Cooks,0.1,610,700,3960,730,18610,2700,2420,490,1170,8240,4130,1630,690,4810,1710,1240,1180,890,1850,750,2340,4650,2930,2290,960,1930,450,380,3440,990,2700,610,15100,2130,330,4090,1030,1150,3640,530,3450,80,3420,8280,850,350,3080,2010,280,1870,300,35-1011,35-1011,Chefs and Head Cooks,detailed,134190,2.3,22.79,47390,0.9,11.36,15.5,20.76,28.4,36.67,23630,32230,43180,59080,76280,,,35-1011.00,3.12,3.88,3.88
35-1012,First-Line Supervisors of Food Preparation and Serving Workers,0.63,16320,1740,19140,9470,93570,15160,7870,3380,3710,62790,27860,5060,3450,31790,22240,8800,10180,14640,17240,3620,18620,18810,27660,15090,9120,21530,3450,6660,9380,3480,18710,7860,46410,35780,2560,34680,13860,11270,31310,3220,16290,1900,17250,79620,8070,1770,25810,19140,5240,13840,2170,35-1012,35-1012,First-Line Supervisors of Food Preparation and Serving Workers,detailed,908550,0.6,16.68,34700,0.3,9.95,11.66,15.13,20.46,26.21,20690,24250,31480,42550,54510,,,35-1012.00,2.62,2.88,3.75
35-2011,Cooks; Fast Food,0.81,6940,780,17540,6980,102780,7280,6380,720,2030,11160,23160,2350,6730,18980,8300,3720,7550,5600,5910,910,7640,7080,14110,400,10920,9530,3070,2710,8400,1330,9300,3620,16790,8100,1450,16000,15520,9740,8410,1480,14210,1940,14390,51680,2650,640,13490,5420,1720,4630,1030,35-2011,35-2011,"Cooks, Fast Food",detailed,513200,1.8,9.89,20570,0.4,8.1,8.72,9.55,10.83,12.16,16850,18140,19860,22520,25290,,,35-2011.00,2.75,1.75,2.12
35-2012,Cooks; Institution and Cafeteria,0.83,10700,960,5090,6910,28680,8210,3530,2670,1620,12950,14690,1580,3160,15500,12650,7520,5930,11260,5510,1820,4440,7970,8830,7570,7370,14620,2150,4260,1580,1550,7590,2890,16020,7790,1490,17730,10280,5610,20480,1060,8210,2540,9750,37150,3760,1130,7300,10150,5370,11000,1320,35-2012,35-2012,"Cooks, Institution and Cafeteria",detailed,409850,0.7,12.68,26370,0.2,8.58,9.75,11.9,14.74,18.28,17840,20270,24750,30660,38030,,,35-2012.00,3.0,2.5,2.88
35-2013,Cooks; Private Household,0.3,0,0,0,0,30,0,0,0,0,0,0,0,0,0,0,0,0,0,0,0,0,0,0,0,0,0,0,0,0,0,0,0,0,0,0,0,0,0,0,0,0,0,0,0,0,0,0,0,0,0,0,35-2013,35-2013,"Cooks, Private Household",detailed,370,28.0,20.3,42220,13.2,10.13,11.34,15.42,26.52,30.16,21080,23590,32060,55170,62730,,,35-2013.00,2.88,3.12,3.12
35-2014,Cooks; Restaurant,0.96,15790,1900,24500,10290,133870,30270,13840,4100,6200,101520,32510,8410,5760,43900,27090,12060,9250,16040,16690,4980,17940,28100,36240,25530,9530,26100,4720,5260,20860,5580,20480,7340,67300,42100,2700,37660,13600,22290,50470,4900,21750,1830,21680,101210,8670,2430,32940,28820,6110,21460,2790,35-2014,35-2014,"Cooks, Restaurant",detailed,1217370,0.7,12.23,25430,0.3,8.73,9.87,11.61,14.05,16.87,18170,20530,24140,29220,35090,,,35-2014.00,3.25,2.62,3.12
35-2015,Cooks; Short Order,0.94,3100,430,1460,580,20350,1400,1840,120,350,6550,6330,1260,940,6260,1610,1900,2440,1950,4110,1920,4110,4000,4390,1300,2280,3240,1820,4460,1950,3230,7130,940,12070,3970,280,12360,2230,970,3600,1300,4210,1660,6500,20570,520,520,2150,4030,420,2570,280,35-2015,35-2015,"Cooks, Short Order",detailed,183990,3.0,11.12,23130,0.6,8.43,9.18,10.52,12.23,14.85,17520,19090,21890,25450,30890,,,35-2015.00,3.0,1.62,2.88
35-2021,Food Preparation Workers,0.87,9460,4680,11220,7110,108830,10540,10090,2010,3430,58490,30700,7710,3870,36610,20450,5640,10510,6930,33090,7020,16120,17290,20530,8840,9110,14100,3560,3810,11970,3160,30810,4850,63570,18160,2280,24990,9040,14010,28010,4620,10570,2890,16530,60140,7170,1730,18740,21680,2450,10110,1430,35-2021,35-2021,Food Preparation Workers,detailed,850670,1.2,11.02,22920,0.4,8.37,9.12,10.31,12.19,14.93,17420,18960,21440,25360,31040,,,35-2021.00,2.88,1.75,2.0
35-3011,Bartenders,0.77,3700,1740,11150,2160,57340,12560,7740,2110,4310,42510,10410,3200,2890,26410,12270,8070,4240,4070,9190,3180,10080,17680,17640,17270,2430,9910,5340,5610,14870,3520,14740,2730,43670,11890,3690,22950,5420,9040,32390,3690,7560,3160,7500,40160,2290,1880,10590,13520,2560,28120,2180,35-3011,35-3011,Bartenders,detailed,603320,0.9,12.3,25580,0.5,8.32,8.97,10,13.84,19.34,17310,18650,20800,28780,40230,,,35-3011.00,3.0,2.75,2.88
35-3031,Waiters and Waitresses,0.94,32420,4260,53580,19360,280100,52540,28430,6950,8720,217790,79130,16110,11410,91370,52880,24180,22720,29370,38810,11740,42360,61350,79900,50230,19390,50330,8540,15270,39450,12240,59810,16370,155540,79120,7330,98150,27610,33100,98780,10220,36570,7240,50690,219680,18800,5400,70230,48380,12110,43190,5370,35-3031,35-3031,Waiters and Waitresses,detailed,2564610,0.5,11.73,24410,0.4,8.22,8.83,9.61,12.78,18.49,17090,18360,19990,26590,38460,,,35-3031.00,2.75,1.88,2.88
35-3041,Food Servers; Nonrestaurant,0.86,1960,280,5870,1750,24830,7410,3510,1130,1650,13840,4810,2220,450,11670,5780,2810,3040,1510,3870,690,6630,5500,5990,7430,2240,6630,1010,1800,1750,1150,11600,2960,16540,5220,1200,14530,4530,2850,11400,860,2170,160,6950,20980,1030,350,8150,4360,160,6160,160,35-3041,35-3041,"Food Servers, Nonrestaurant",detailed,261520,1.5,11.29,23490,0.4,8.33,9,10.21,12.22,16.07,17320,18720,21240,25410,33430,,,35-3041.00,2.25,1.88,2.38
35-9011,Dining Room and Cafeteria Attendants and Bartender Helpers,0.91,2160,920,9610,1670,71460,7490,3430,1270,4730,34940,8110,5130,1470,19410,7020,2270,3680,3420,7380,800,10580,8280,8790,4040,1920,7280,1040,1360,13070,1090,10710,2650,33390,8870,870,11320,3700,4270,14900,1750,3050,3050,5250,37690,2330,1050,8180,8240,980,6500,500,35-9011,35-9011,Dining Room and Cafeteria Attendants and Bartender Helpers,detailed,423080,1.3,10.74,22340,0.5,8.31,8.9,9.71,11.42,14.61,17280,18510,20200,23740,30390,,,35-9011.00,3.0,1.75,2.25
35-9021,Dishwashers,0.77,4790,1670,9560,3440,86200,8300,6270,1520,4330,36330,14900,4050,2720,16900,8460,3600,4000,3820,5380,2550,9680,14870,15210,7270,2540,8810,1910,2280,10450,2470,10450,2900,34320,12550,1180,13770,4150,6290,20400,2100,5910,1840,8300,35240,3550,1350,12150,12870,1980,9850,1060,35-9021,35-9021,Dishwashers,detailed,506450,1.0,10.22,21260,0.3,8.32,8.97,10,11.17,12.4,17310,18660,20800,23240,25800,,,35-9021.00,3.5,1.75,2.0
35-9031,Hosts and Hostesses; Restaurant; Lounge; and Coffee Shop,0.97,4900,910,8460,1970,47940,9430,3860,1770,2560,28930,12410,3530,1870,14510,7980,3520,3660,5580,5490,1220,7160,10280,11460,6550,2810,7490,930,1670,5990,2020,9660,2630,20930,12750,900,16140,5240,3650,16330,1350,6880,720,9260,39280,3270,570,11190,7660,2120,6280,710,35-9031,35-9031,"Hosts and Hostesses, Restaurant, Lounge, and Coffee Shop",detailed,404360,1.1,10.29,21410,0.3,8.17,8.79,9.6,11.28,13.76,16990,18280,19980,23470,28620,,,35-9031.00,2.0,1.75,2.62
37-1011,First-Line Supervisors of Housekeeping and Janitorial Workers,0.94,2510,370,2890,1740,17140,2720,2150,690,1370,10090,4450,1350,970,6240,4020,1810,1650,2170,2540,600,4280,4490,3940,2510,1440,3210,580,1120,3360,750,3510,1050,13130,4390,750,4790,1590,1850,6510,770,2880,430,3440,9060,1420,510,5320,2520,1250,2270,530,37-1011,37-1011,First-Line Supervisors of Housekeeping and Janitorial Workers,detailed,161140,1.0,19.83,41240,0.4,11.37,14.06,18.36,24.06,30.46,23650,29240,38190,50040,63350,,,37-1011.00,2.12,2.25,3.25
37-1012,First-Line Supervisors of Landscaping; Lawn Service; and Groundskeeping Workers,0.57,2020,0,3230,1210,11370,2210,1530,290,60,9430,3190,740,660,4440,2240,990,1360,1240,1000,420,2650,3360,3440,2340,780,1490,360,600,850,600,2250,560,4770,2600,330,3860,1200,940,3170,430,1960,180,1890,6680,1010,270,2750,1670,480,1610,230,37-1012,37-1012,"First-Line Supervisors of Landscaping, Lawn Service, and Groundskeeping Workers",detailed,103070,1.6,23.46,48790,0.5,13.65,16.96,21.99,28.52,36.09,28400,35280,45740,59330,75060,,,37-1012.00,3.0,3.0,3.75
37-2011,Janitors and Cleaners; Except Maids and Housekeeping Cleaners,0.66,30520,6240,36490,16520,224110,36060,30550,8630,15030,121760,53000,13070,9130,86230,44630,23870,20770,24250,28240,10530,41550,53960,59850,45610,16990,43190,8190,14210,31090,9800,64260,12580,196790,55430,7050,85470,21170,24530,89770,7060,30990,8330,36990,168060,21710,4970,63110,42890,8630,42760,5090,37-2011,37-2011,"Janitors and Cleaners, Except Maids and Housekeeping Cleaners",detailed,2161740,0.5,12.99,27030,0.3,8.65,9.62,11.63,15.14,19.6,18000,20000,24190,31490,40760,,,37-2011.00,2.38,1.88,2.12
37-2012,Maids and Housekeeping Cleaners,0.69,8890,3080,14740,8100,99000,16720,8020,2120,4250,82510,24040,11930,5120,33390,17520,10220,7050,12480,15100,4000,14480,18530,22840,15390,10740,18010,6220,6240,26320,4510,23170,7380,50790,31130,4230,26430,10640,14140,33230,2800,16470,4420,21410,68440,8270,2150,24500,17580,6470,16170,3260,37-2012,37-2012,Maids and Housekeeping Cleaners,detailed,924640,0.8,11.46,23830,0.4,8.35,9.11,10.49,12.68,16.55,17370,18960,21820,26370,34430,,,37-2012.00,2.12,1.88,2.12
37-2021,Pest Control Workers,0.66,2000,0,1980,1070,9490,600,430,260,30,10530,4230,660,210,1420,970,440,750,850,1480,220,1290,1220,850,460,890,1190,60,260,600,240,1420,340,2910,3470,0,1610,900,410,2190,190,2070,0,2120,5840,410,70,2350,950,320,490,50,37-2021,37-2021,Pest Control Workers,detailed,72830,2.0,16.84,35020,0.9,10.4,12.86,15.88,19.84,24.48,21630,26740,33040,41270,50920,,,37-2021.00,2.88,2.75,3.38
37-3011,Landscaping and Groundskeeping Workers,0.95,12860,980,18240,5660,104820,23070,13350,3050,660,82520,22520,7020,5900,34450,17110,7860,8720,9090,8780,4880,16950,22850,30840,15260,5860,15770,4010,5400,10950,5170,29210,4360,46440,30920,2340,35550,7850,11490,32860,4150,13790,2510,12530,66770,9640,2750,26680,19630,4320,16110,2120,37-3011,37-3011,Landscaping and Groundskeeping Workers,detailed,906570,0.6,13.73,28560,0.3,9.21,10.48,12.65,15.76,19.74,19160,21800,26320,32790,41070,,,37-3011.00,2.88,1.5,1.62
37-3012,Pesticide Handlers; Sprayers; and Applicators; Vegetation,0.97,130,0,770,260,3090,0,100,50,0,2610,850,70,270,1350,1090,1170,500,190,370,0,400,0,860,350,70,510,470,290,90,0,160,110,560,220,260,760,490,170,960,0,290,580,590,1160,270,0,330,650,80,540,220,37-3012,37-3012,"Pesticide Handlers, Sprayers, and Applicators, Vegetation",detailed,25230,4.9,17.17,35720,1.2,11.12,13.34,16.22,19.52,24.53,23130,27750,33740,40610,51030,,,37-3012.00,3.0,2.0,2.75
37-3013,Tree Trimmers and Pruners,0.77,240,120,310,350,6570,0,580,0,30,1790,1150,250,230,510,530,290,0,900,250,240,1470,1080,1530,0,0,1380,50,0,0,420,570,0,1520,2370,0,1150,780,0,2800,0,600,280,900,4300,0,260,0,420,150,560,0,37-3013,37-3013,Tree Trimmers and Pruners,detailed,40680,6.2,17.94,37310,1.4,11.03,13.51,16.84,21.79,27.39,22950,28100,35030,45330,56970,,,37-3013.00,3.75,2.25,3.0
39-2011,Animal Trainers,0.1,50,30,160,160,2250,210,160,50,0,1250,280,100,180,820,110,90,0,460,200,60,290,210,350,180,0,240,0,0,50,70,390,110,720,390,0,350,170,140,360,0,170,0,170,910,130,0,520,440,80,180,0,39-2011,39-2011,Animal Trainers,detailed,13590,4.0,16.62,34580,2.2,9.01,10.38,13.31,19.58,27.91,18740,21590,27690,40740,58050,,,39-2011.00,2.88,3.25,3.38
39-2021,Nonfarm Animal Caretakers,0.82,2690,340,3250,1400,19730,4840,2300,660,410,11830,5110,570,1120,8580,3760,1800,2200,3560,2190,810,2710,4680,6360,3220,840,3550,700,1260,1800,900,5570,1130,13220,6620,320,6660,1900,2460,6600,0,3150,600,3100,14460,1430,450,6840,4470,910,3270,340,39-2021,39-2021,Nonfarm Animal Caretakers,detailed,187360,1.4,11.74,24420,0.5,8.44,9.17,10.57,12.95,17.24,17550,19080,21990,26940,35860,,,39-2021.00,2.25,1.88,2.88
39-3011,Gaming Dealers,0.96,0,90,1750,0,15930,1190,0,610,0,3540,0,0,0,1930,2460,1340,350,0,3220,0,0,0,3430,2150,3870,1630,0,0,21500,0,0,990,1000,970,850,0,1890,400,4330,0,160,280,0,180,0,0,0,6090,1040,0,0,39-3011,39-3011,Gaming Dealers,detailed,94570,2.6,10.57,21990,1.2,7.99,8.61,9.27,10.19,15.28,16630,17900,19290,21200,31780,,,39-3011.00,2.75,1.75,2.88
39-3012,Gaming and Sports Book Writers and Runners,0.91,330,310,390,0,1040,0,0,70,0,0,0,0,0,0,0,0,0,180,120,0,0,0,230,840,90,0,440,560,1490,0,30,190,680,0,190,260,0,100,200,0,150,150,0,810,0,0,0,390,0,0,0,39-3012,39-3012,Gaming and Sports Book Writers and Runners,detailed,11460,7.6,12.36,25710,1.7,8.57,9.35,10.87,13.93,19,17820,19440,22600,28970,39520,,,39-3012.00,2.12,1.75,2.88
39-3021,Motion Picture Projectionists,0.97,0,0,190,60,280,190,0,0,0,910,50,0,30,490,0,70,60,0,320,60,0,0,170,0,30,30,70,70,0,0,160,0,190,100,0,0,80,0,270,0,0,0,70,510,70,0,170,60,0,50,0,39-3021,39-3021,Motion Picture Projectionists,detailed,5480,7.2,11.9,24750,1.9,8.49,9.09,10.62,13.35,16.84,17660,18920,22100,27770,35030,,,39-3021.00,2.88,2.0,2.75
39-3031,Ushers; Lobby Attendants; and Ticket Takers,0.96,650,0,2130,550,15240,3190,1050,140,0,7810,3400,720,740,4730,1810,770,1110,1030,2080,250,2340,2400,3120,2190,470,2680,160,580,2470,380,2670,750,9250,4480,380,2490,1560,940,6070,140,1790,310,3090,7430,2040,50,2540,3650,350,2550,130,39-3031,39-3031,"Ushers, Lobby Attendants, and Ticket Takers",detailed,117920,2.4,10.45,21740,0.6,8.16,8.78,9.58,11.28,14.28,16970,18270,19920,23470,29690,,,39-3031.00,1.88,1.88,2.75
39-3091,Amusement and Recreation Attendants,0.72,1910,680,6030,1310,44960,7070,1660,1420,210,32270,6650,1260,1220,8940,4570,1910,1730,3820,1860,830,7300,4080,7770,6690,1090,6710,570,830,4350,1290,7640,700,14860,13620,850,10950,1580,3530,9870,700,6100,1180,5520,18810,4170,350,5890,4440,380,4010,590,39-3091,39-3091,Amusement and Recreation Attendants,detailed,286740,3.1,10.58,22000,0.5,8.26,8.85,9.69,11.38,14.26,17190,18410,20160,23660,29660,,,39-3091.00,2.0,2.0,2.75
39-3092,Costume Attendants,0.61,0,0,50,0,1800,0,60,0,70,0,310,0,0,100,40,0,0,0,110,0,50,50,100,120,0,120,0,0,290,0,0,0,1360,50,0,110,0,0,210,0,0,0,70,200,90,0,80,80,0,0,0,39-3092,39-3092,Costume Attendants,detailed,6640,12.5,24.27,50470,3.2,10.01,14.39,22.07,31.79,41.97,20820,29940,45900,66120,87310,,,39-3092.00,2.88,3.12,2.88
39-3093,Locker Room; Coatroom; and Dressing Room Attendants,0.43,50,50,510,50,2510,210,170,0,40,1310,250,320,30,930,50,250,220,0,80,240,300,330,570,150,100,1780,50,50,250,0,790,0,1720,210,70,570,220,80,780,50,170,0,40,1320,120,0,220,260,110,290,0,39-3093,39-3093,"Locker Room, Coatroom, and Dressing Room Attendants",detailed,18040,4.1,11.73,24390,1.1,8.44,9.11,10.44,13.5,17.35,17560,18950,21720,28090,36100,,,39-3093.00,1.75,0.88,2.25
39-4011,Embalmers,0.54,70,0,0,130,480,120,0,0,0,150,230,50,0,130,0,0,110,260,150,0,0,0,40,0,0,210,0,0,0,0,0,0,0,40,0,0,180,0,0,0,100,0,200,240,0,0,180,0,0,0,0,39-4011,39-4011,Embalmers,detailed,3710,7.2,20.32,42260,1.9,12.01,14.98,19.3,24.72,30.33,24970,31150,40150,51410,63090,,,39-4011.00,3.12,2.75,3.12
39-4021,Funeral Attendants,0.37,820,30,450,320,2490,230,430,200,0,2570,1450,0,70,1220,1060,690,450,440,610,230,520,680,1420,610,190,1100,70,230,0,100,990,210,1270,1390,130,2350,620,200,2270,0,940,140,1270,1840,120,70,1700,210,510,590,60,39-4021,39-4021,Funeral Attendants,detailed,35770,2.4,13.03,27110,0.9,8.7,9.84,11.94,15.07,19.09,18100,20460,24830,31360,39720,,,39-4021.00,2.0,1.62,2.62
39-5011,Barbers,0.8,0,0,0,0,1320,720,0,0,0,0,0,0,0,0,0,0,0,0,0,0,250,0,0,0,0,310,0,0,0,0,910,0,2130,300,0,0,0,0,990,0,0,0,0,3120,0,0,0,0,0,0,0,39-5011,39-5011,Barbers,detailed,15900,11.0,14.38,29900,2.5,8.76,9.78,12.38,17.8,22.79,18210,20350,25760,37020,47400,,,39-5011.00,3.12,2.75,2.75
39-5012,Hairdressers; Hairstylists; and Cosmetologists,0.11,3450,510,7100,1640,27180,7340,5790,1770,1150,24620,8200,1030,1570,16420,6650,3360,3060,3250,2830,1130,8560,11440,10840,9680,1420,6240,640,2310,3280,1960,15610,1160,26410,7470,1250,17460,2600,2900,23680,1080,4330,910,6100,22690,3180,570,10190,9160,1450,9270,470,39-5012,39-5012,"Hairdressers, Hairstylists, and Cosmetologists",detailed,352380,1.2,14.23,29590,0.7,8.62,9.4,11.66,16.43,23.58,17930,19550,24260,34170,49050,,,39-5012.00,3.75,3.12,3.5
39-5091,Makeup Artists; Theatrical and Performance,0.01,0,0,0,0,1710,0,0,0,70,120,160,0,0,0,0,0,0,0,30,0,0,0,0,0,0,0,0,0,40,0,0,0,800,0,0,0,0,0,30,0,0,0,0,220,0,0,0,0,0,0,0,39-5091,39-5091,"Makeup Artists, Theatrical and Performance",detailed,3600,6.0,34.42,71590,3.3,10.88,18.24,29.31,51,60.08,22630,37940,60970,106070,124960,,,39-5091.00,3.5,3.62,3.38
39-5092,Manicurists and Pedicurists,0.95,410,90,1340,170,20590,0,2330,260,50,3130,550,360,90,3750,540,150,820,130,1150,190,2170,4890,770,1260,0,580,200,80,200,440,7570,0,14080,830,0,1860,290,1860,4800,450,180,70,300,2260,0,0,2460,3870,40,690,60,39-5092,39-5092,Manicurists and Pedicurists,detailed,90630,3.6,11.7,24330,1.0,9.04,9.57,10.65,12.71,16.15,18800,19910,22150,26440,33590,,,39-5092.00,2.38,2.12,2.5
39-5093,Shampooers,0.79,140,0,0,0,790,0,120,370,120,1020,580,0,0,1080,0,0,0,0,140,0,1790,520,110,0,0,0,0,0,0,0,2380,0,1890,180,0,140,0,0,1190,0,0,0,0,920,0,0,910,0,0,0,0,39-5093,39-5093,Shampooers,detailed,15240,5.5,10.08,20960,1.1,8.41,8.91,9.47,10.94,12.38,17480,18530,19700,22760,25750,,,39-5093.00,2.88,1.62,2.12
39-5094,Skincare Specialists,0.29,340,0,1500,110,5930,1330,650,0,0,2860,1340,270,70,2180,810,190,230,380,270,80,660,1020,1010,710,210,470,0,260,540,360,2110,130,3950,980,70,1440,60,740,1230,110,440,0,800,4410,670,120,910,870,0,690,0,39-5094,39-5094,Skincare Specialists,detailed,43980,3.5,16.91,35160,1.6,8.96,10.56,14.55,20.58,28.74,18640,21960,30270,42810,59780,,,39-5094.00,2.75,2.75,3.0
39-6011,Baggage Porters and Bellhops,0.83,290,90,740,130,5660,640,180,30,670,10800,880,1380,60,1740,580,0,50,140,480,0,380,680,800,330,220,550,70,130,2710,60,560,210,4250,550,140,490,260,270,1320,100,340,60,500,2260,280,130,1330,520,130,180,60,39-6011,39-6011,Baggage Porters and Bellhops,detailed,44750,3.7,11.97,24910,0.9,8.51,9.18,10.7,13.67,17.36,17690,19090,22260,28440,36110,,,39-6011.00,2.5,2.0,2.75
39-6012,Concierges,0.21,0,60,930,0,3620,680,160,0,780,4760,580,800,80,1150,170,90,80,60,270,0,580,970,460,460,0,640,60,130,1230,0,750,30,4040,210,0,310,140,290,580,30,240,0,610,2690,150,0,1930,510,60,240,40,39-6012,39-6012,Concierges,detailed,32020,3.0,15.11,31440,1.0,9.89,11.24,14.06,18.03,22.48,20560,23380,29250,37500,46750,,,39-6012.00,0.12,3.0,3.5
39-7011,Tour Guides and Escorts,0.91,330,680,1130,170,4580,1340,270,250,500,1790,850,1340,90,840,490,220,140,490,680,90,380,1690,1100,720,140,920,120,130,460,180,340,270,2470,830,0,710,320,210,1600,390,850,410,1050,2050,980,150,1450,1150,100,970,240,39-7011,39-7011,Tour Guides and Escorts,detailed,38660,2.9,13.51,28100,0.9,8.8,9.9,11.98,15.87,20.7,18300,20600,24920,33010,43060,,,39-7011.00,0.62,2.62,3.12
39-7012,Travel Guides,0.057,0,0,130,0,410,0,0,0,50,70,0,0,0,0,0,0,0,0,0,0,0,260,0,0,40,0,0,0,0,0,30,0,170,110,0,0,0,70,0,0,0,0,0,30,140,0,0,0,90,0,0,39-7012,39-7012,Travel Guides,detailed,3030,9.6,17.28,35930,2.7,9.15,12.02,15.44,21.21,28.08,19030,25000,32100,44110,58400,,,39-7012.00,1.88,3.25,3.75
39-9011,Childcare Workers,0.084,9000,2500,7980,7040,58510,8310,8610,1580,1750,35760,19070,2620,1830,17200,9580,7850,6320,12220,8210,3050,9750,12560,16900,10140,6410,12780,2420,7910,3130,2770,17750,2550,36510,21610,2790,20310,7980,5990,22040,1690,6640,2710,9960,56660,6020,1130,13580,8430,2250,7170,1850,39-9011,39-9011,Childcare Workers,detailed,569370,1.0,11.02,22930,0.6,8.26,8.98,10.18,12.25,15.25,17190,18680,21170,25490,31710,,,39-9011.00,2.0,2.88,3.0
39-9011,Childcare Workers,0.084,9000,2500,7980,7040,58510,8310,8610,1580,1750,35760,19070,2620,1830,17200,9580,7850,6320,12220,8210,3050,9750,12560,16900,10140,6410,12780,2420,7910,3130,2770,17750,2550,36510,21610,2790,20310,7980,5990,22040,1690,6640,2710,9960,56660,6020,1130,13580,8430,2250,7170,1850,39-9011,39-9011,Childcare Workers,detailed,569370,1.0,11.02,22930,0.6,8.26,8.98,10.18,12.25,15.25,17190,18680,21170,25490,31710,,,39-9011.01,2.25,3.0,3.12
39-9031,Fitness Trainers and Aerobics Instructors,0.085,2230,560,5100,1190,30600,7150,3670,980,1080,13870,4470,950,1490,13350,4080,3510,2630,2030,2320,820,6550,9990,5400,5140,960,2930,1100,1710,2030,1770,10940,1350,18420,9040,890,7870,2160,4460,10980,630,2770,1010,2990,14800,3480,810,10890,7460,850,5290,620,39-9031,39-9031,Fitness Trainers and Aerobics Instructors,detailed,257410,1.3,20.57,42780,0.8,9.21,11.6,18.34,26.45,35.09,19150,24120,38160,55010,72980,,,39-9031.00,3.0,3.0,3.0
39-9032,Recreation Workers,0.0061,3980,590,5510,1780,47950,6770,4500,890,580,21070,7910,2380,1270,21230,5540,4140,3860,2860,3090,1170,5510,9790,11160,8010,1660,5470,2090,1610,1470,1590,9990,2170,27260,7060,860,13070,1870,4250,12810,790,4460,660,6080,18670,3700,1120,10810,6120,1380,7660,690,39-9032,39-9032,Recreation Workers,detailed,336880,1.0,13.09,27230,0.3,8.66,9.51,11.48,15.05,20.03,18000,19780,23870,31310,41660,,,39-9032.00,0.75,3.5,3.62
39-9041,Residential Advisors,0.064,2250,150,1010,850,6560,540,1990,310,920,6150,2120,310,550,4020,1720,860,1120,3660,590,260,5120,7350,2060,1680,770,1470,190,410,410,430,810,510,6330,1440,850,3040,1180,1170,8060,740,1910,2350,7850,7810,2150,410,3150,1350,770,2330,290,39-9041,39-9041,Residential Advisors,detailed,110330,2.0,13.31,27690,0.6,8.81,10.11,12.29,15.25,19.21,18330,21020,25570,31720,39960,,,39-9041.00,1.0,3.0,4.0
41-1011,First-Line Supervisors of Retail Sales Workers,0.28,24120,2360,26250,12890,117160,18540,15300,4080,1580,88970,36740,6360,6090,43500,26520,12700,12790,16270,21600,6000,26820,28010,34670,21700,11860,24930,5160,7820,10720,7100,31440,8640,63120,40660,4040,42030,17480,14330,41690,4010,22830,2970,30190,98400,9700,2600,32530,22040,8080,16110,2770,41-1011,41-1011,First-Line Supervisors of Retail Sales Workers,detailed,1194220,0.4,21.11,43910,0.2,11.79,14.6,18.77,24.64,31.96,24530,30370,39040,51250,66480,,,41-1011.00,2.0,3.12,3.88
41-1012,First-Line Supervisors of Non-Retail Sales Workers,0.075,3270,150,6080,2640,28670,4890,2670,610,420,22610,5560,1310,970,8140,4380,1900,1810,2680,1980,810,5400,5040,6850,3570,1480,3950,850,2690,1370,1830,6610,940,21180,9020,600,8300,2750,2370,9900,1120,3410,580,5980,25420,1880,680,6810,3910,630,5740,230,41-1012,41-1012,First-Line Supervisors of Non-Retail Sales Workers,detailed,252670,0.7,41.27,85830,0.5,18.14,25.35,35.17,49.93,72.31,37730,52730,73150,103840,150400,,,41-1012.00,0.75,3.38,3.88
41-2011,Cashiers,0.97,72610,6470,67040,34480,404500,59540,38800,11800,9270,240010,110850,16130,15190,127700,70440,42200,36480,49550,71140,16000,77520,72200,92860,63650,38690,74790,14750,26060,34490,22330,95550,21580,193860,112280,10240,117390,43690,45730,147440,10540,64740,13200,72320,272270,28080,9700,108920,65350,22390,61290,6880,41-2011,41-2011,Cashiers,detailed,3541010,0.4,10.43,21680,0.2,8.24,8.87,9.7,11.33,13.83,17140,18450,20180,23570,28760,,,41-2011.00,2.12,2.0,2.75
41-2012,Gaming Change Persons and Booth Cashiers,0.83,0,0,820,0,2680,120,0,0,0,1210,0,0,70,410,330,180,120,190,1040,0,0,0,800,660,720,200,0,0,1720,0,750,550,880,0,120,420,1910,350,750,0,0,290,0,140,0,0,0,890,1130,490,0,41-2012,41-2012,Gaming Change Persons and Booth Cashiers,detailed,23120,5.4,12.47,25940,0.9,8.89,9.85,11.44,14.29,17.95,18500,20480,23780,29720,37330,,,41-2012.00,2.12,2.12,2.88
41-2021,Counter and Rental Clerks,0.97,8810,930,9930,3510,86240,13750,4190,1180,510,29780,9820,1900,1460,10660,9460,4040,4250,6080,5660,1530,10300,7560,11790,6090,2580,4630,1580,3820,4950,1890,8940,3020,21180,12330,680,13780,3480,4510,13170,1300,4860,930,7220,46870,3230,910,13940,11310,980,7780,1020,41-2021,41-2021,Counter and Rental Clerks,detailed,450330,1.0,14.13,29390,0.4,8.82,10,12.29,16.51,22.47,18350,20800,25550,34340,46740,,,41-2021.00,2.0,2.12,2.88
41-2022,Parts Salespersons,0.98,4200,700,4260,3150,25190,4700,2520,770,0,15130,7570,600,1700,8990,5650,3790,2910,3560,4300,1370,3730,3890,9090,4930,2530,5640,1330,2250,1930,1550,5090,1740,9640,8720,1730,10500,3730,4170,9000,850,3210,1620,5910,22820,2200,580,6110,5150,1600,5520,910,41-2022,41-2022,Parts Salespersons,detailed,248740,1.2,15.97,33220,0.5,9.18,10.89,14.32,19.18,25.21,19090,22660,29780,39890,52430,,,41-2022.00,2.38,2.5,3.25
41-2031,Retail Salespersons,0.92,59690,10470,90030,37840,440440,83670,51540,17750,6500,339070,141860,23110,25270,186820,92400,44500,39580,57080,61120,20190,69470,107880,147440,84730,39600,82100,15920,29780,49650,25920,131080,26880,322970,140410,13610,157460,49280,61610,176270,13720,69430,15500,93500,383080,43450,9100,122290,101850,21980,85100,8580,41-2031,41-2031,Retail Salespersons,detailed,4528550,0.4,13.07,27180,0.2,8.56,9.33,10.9,14.17,19.91,17810,19410,22680,29480,41420,,,41-2031.00,1.88,2.62,3.12
41-3011,Advertising Sales Agents,0.54,1560,230,2450,1020,16880,2240,1940,300,730,11160,4810,330,630,8850,2370,1790,1570,1330,1490,520,1210,2840,4140,2840,860,2730,620,820,790,570,2220,570,21790,3370,570,3960,1020,1210,4740,530,1490,520,2270,7700,1130,270,2370,2530,670,2280,290,41-3011,41-3011,Advertising Sales Agents,detailed,141100,1.7,30.61,63660,1.2,11.69,16.53,24.22,36.56,55.49,24320,34380,50380,76050,115430,,,41-3011.00,0.0,3.38,3.75
41-3021,Insurance Sales Agents,0.92,5680,610,8590,2950,38280,10250,6450,1070,260,30060,12280,1020,1590,14730,9260,6340,3910,4190,6330,1820,7140,7430,10850,7440,2700,8810,1420,3380,3110,1540,10660,1270,21040,10000,1090,15460,4250,4050,15420,1370,6260,1870,7780,32330,3420,860,10180,8300,1830,8180,610,41-3021,41-3021,Insurance Sales Agents,detailed,385700,1.1,32.58,67760,0.9,13.19,17.07,24.03,37.09,61.57,27430,35500,49990,77140,128070,,,41-3021.00,0.0,3.0,3.88
41-3031,Securities; Commodities; and Financial Services Sales Agents,0.016,1690,200,6670,1370,45960,10850,5590,1990,1410,24860,7240,660,1290,18760,4070,3040,1780,2900,2140,720,3530,9530,6750,8180,610,5410,680,2240,2230,2250,11600,1060,57560,8430,520,10190,1730,3760,10010,1720,1970,530,3880,34780,4110,470,5240,5790,550,4990,280,41-3031,41-3031,"Securities, Commodities, and Financial Services Sales Agents",detailed,353780,1.2,49.17,102260,1.6,16.03,19.73,32.36,63.07,#,33340,41040,67310,131180,#,,,41-3031.00,0.12,3.0,3.75
41-3041,Travel Agents,0.099,370,140,1420,180,8890,1630,650,160,420,6700,1890,670,140,4740,690,400,310,220,430,180,1650,2310,1930,940,70,1810,230,520,1030,340,2400,160,5980,1310,160,1670,330,600,2650,190,880,150,590,4360,1030,160,2130,1400,110,1290,80,41-3041,41-3041,Travel Agents,detailed,68680,2.0,19.18,39900,1.0,9.94,12.99,17.53,23.36,29.75,20670,27030,36460,48600,61890,,,41-3041.00,0.75,3.0,3.75
41-4011,Sales Representatives; Wholesale and Manufacturing; Technical and Scientific Products,0.25,890,500,6910,2840,46150,5590,3970,1190,500,22110,9840,990,1080,12630,7560,2000,2420,2830,2760,620,5550,18130,9070,6550,820,4630,380,1800,1150,3260,6370,1170,16220,9660,1090,18710,6390,3570,13030,530,3350,1550,8600,33000,4180,590,6220,4660,750,3720,330,41-4011,41-4011,"Sales Representatives, Wholesale and Manufacturing, Technical and Scientific Products",detailed,328370,1.7,44.67,92910,0.9,19.2,26.56,37.97,56.16,77.38,39930,55250,78980,116800,160940,,,41-4011.00,0.0,3.62,3.75
41-4011,Sales Representatives; Wholesale and Manufacturing; Technical and Scientific Products,0.25,890,500,6910,2840,46150,5590,3970,1190,500,22110,9840,990,1080,12630,7560,2000,2420,2830,2760,620,5550,18130,9070,6550,820,4630,380,1800,1150,3260,6370,1170,16220,9660,1090,18710,6390,3570,13030,530,3350,1550,8600,33000,4180,590,6220,4660,750,3720,330,41-4011,41-4011,"Sales Representatives, Wholesale and Manufacturing, Technical and Scientific Products",detailed,328370,1.7,44.67,92910,0.9,19.2,26.56,37.97,56.16,77.38,39930,55250,78980,116800,160940,,,41-4011.07,0.5,3.0,3.62
41-4012,Sales Representatives; Wholesale and Manufacturing; Except Technical and Scientific Products,0.85,23200,1670,21730,13830,141140,29830,15200,2810,980,95130,58500,3420,6430,69240,30610,15830,14990,18320,22980,4250,16720,24380,54300,32800,7180,24350,4690,11050,9080,7270,44070,4730,87710,45460,3670,48290,10020,16180,63350,5630,20450,5390,21240,118160,14440,2370,29500,35710,4830,38650,2310,41-4012,41-4012,"Sales Representatives, Wholesale and Manufacturing, Except Technical and Scientific Products",detailed,1404050,0.5,32.89,68410,0.3,13.22,18.92,27.47,39.68,58.21,27500,39350,57140,82520,121080,,,41-4012.00,1.38,3.0,3.75
41-9011,Demonstrators and Product Promoters,0.51,780,220,2090,1650,19350,0,1120,280,60,4900,2300,420,670,2700,1430,1120,680,1200,220,140,950,1370,1630,2060,100,3260,0,320,0,80,1460,410,4460,2280,90,1120,230,1450,2040,150,1350,110,2710,8560,770,70,2730,2440,70,1420,0,41-9011,41-9011,Demonstrators and Product Promoters,detailed,86500,3.9,14.7,30570,1.6,9.34,10.5,12.31,17.12,23.31,19420,21830,25610,35610,48480,,,41-9011.00,1.38,3.0,3.0
41-9012,Models,0.98,0,0,0,0,540,0,0,0,0,90,0,0,0,0,0,0,0,0,0,0,0,0,0,0,0,0,0,0,0,0,0,0,490,0,0,50,0,180,100,0,0,0,0,1220,0,0,60,0,0,80,0,41-9012,41-9012,Models,detailed,4390,15.6,17.58,36560,7.4,8.29,9.14,10.51,19.94,25.19,17240,19010,21870,41470,52390,,,41-9012.00,0.5,2.12,1.88
41-9021,Real Estate Brokers,0.97,220,90,1670,120,5900,1930,160,0,200,2940,520,330,150,2330,320,90,210,80,290,180,660,1120,590,410,240,780,210,210,170,180,420,130,1610,6160,0,690,450,870,1000,0,920,0,490,2590,320,70,1700,580,90,240,0,41-9021,41-9021,Real Estate Brokers,detailed,40850,3.1,38.14,79340,2.9,11.72,16.44,27.3,45.69,78.01,24370,34190,56790,95030,162260,,,41-9021.00,0.0,2.88,4.0
41-9022,Real Estate Sales Agents,0.86,900,190,3150,1060,12400,4180,800,610,640,17510,10370,250,800,3890,2390,1040,710,1980,1180,200,2130,2330,2620,1820,850,2210,420,500,1560,230,2630,850,6010,5160,440,6720,3390,700,6820,270,3990,300,1330,16210,2030,0,6720,7420,330,1240,230,41-9022,41-9022,Real Estate Sales Agents,detailed,151840,1.7,28.54,59360,1.4,10.69,14.39,21.2,34.16,54.12,22230,29940,44090,71060,112570,,,41-9022.00,0.62,2.62,3.75
41-9031,Sales Engineers,0.0041,270,70,1360,130,11390,3620,940,90,0,1980,2140,160,150,3520,1040,250,340,250,200,180,1030,3670,2550,1790,120,860,40,110,330,490,1990,60,2750,3340,70,3680,400,870,3430,0,360,110,950,11620,550,100,1790,1300,40,1450,0,41-9031,41-9031,Sales Engineers,detailed,74330,2.4,52.35,108880,1.0,27.4,35.77,48.08,63.5,80.05,56990,74400,100000,132080,166500,,,41-9031.00,1.5,3.75,4.0
41-9041,Telemarketers,0.99,2240,0,13850,2600,13670,6100,1120,0,230,27870,4110,310,2020,7420,4510,2740,1910,1380,420,1400,1260,2830,4490,2660,0,7680,350,3000,3210,660,4540,830,7520,4580,210,13510,4160,3160,6330,180,2200,1040,3750,21020,4750,70,8120,2440,1100,5020,0,41-9041,41-9041,Telemarketers,detailed,215290,2.4,13.06,27170,0.7,8.81,9.8,11.69,14.66,18.9,18330,20370,24300,30480,39310,,,41-9041.00,0.5,2.12,3.12
41-9091,Door-to-Door Sales Workers; News and Street Vendors; and Related Workers,0.94,0,60,0,0,1200,100,0,0,0,280,0,0,0,0,160,0,90,0,0,0,190,90,0,60,0,240,0,0,0,0,0,0,380,300,0,500,0,150,170,0,0,0,50,1170,0,0,0,0,0,150,0,41-9091,41-9091,"Door-to-Door Sales Workers, News and Street Vendors, and Related Workers",detailed,8040,8.8,13.76,28630,2.7,9.19,10.09,11.7,14.82,22.76,19120,20990,24330,30820,47340,,,41-9091.00,0.25,3.0,3.12
43-1011,First-Line Supervisors of Office and Administrative Support Workers,0.014,17410,3170,37200,14840,171260,19340,24280,5320,5180,96140,40640,6970,6550,44280,26470,10810,13600,20240,20610,5220,38060,37580,32410,22940,10670,23770,3890,10020,11480,7180,41110,10590,114040,38090,3170,44420,19970,13780,63570,5660,25280,1830,34280,115950,15270,1950,40350,27640,9300,27410,1940,43-1011,43-1011,First-Line Supervisors of Office and Administrative Support Workers,detailed,1443150,0.3,27.83,57890,0.1,15.84,20.15,26.12,33.3,42.16,32950,41910,54340,69260,87690,,,43-1011.00,0.5,3.38,3.88
43-2011,Switchboard Operators; Including Answering Service,0.96,1230,160,1330,670,11710,1300,630,210,300,5940,3800,790,390,3230,1850,460,1260,1860,2430,490,1420,2340,2210,910,1100,1720,140,850,1710,470,2020,660,5580,2780,120,2670,970,1280,4060,560,1690,40,2520,7260,700,200,1380,1740,430,1150,160,43-2011,43-2011,"Switchboard Operators, Including Answering Service",detailed,90910,1.9,14.29,29720,0.5,9.6,11.05,13.47,16.6,20.23,19960,22970,28030,34530,42090,,,43-2011.00,1.75,1.75,2.75
43-2021,Telephone Operators,0.97,0,0,0,0,520,0,210,50,50,430,100,50,0,590,90,130,30,0,100,0,190,340,320,0,40,60,0,0,50,0,120,0,800,0,0,340,30,0,340,60,80,0,100,350,0,0,140,0,0,0,0,43-2021,43-2021,Telephone Operators,detailed,8860,14.2,20.69,43030,6.9,10.96,13.55,17.79,27.05,31.84,22790,28180,37000,56270,66230,,,43-2021.00,1.38,1.75,2.88
43-3011,Bill and Account Collectors,0.95,4180,360,8870,1680,36030,3200,2610,1180,200,20410,13450,750,1740,11920,4790,2370,4080,2470,3390,930,4270,6170,6760,6170,2290,7180,640,1810,2280,1270,5640,1090,17130,8960,400,13640,4140,2890,11320,700,5730,3470,6580,29940,5460,400,7840,4380,1350,4240,210,43-3011,43-3011,Bill and Account Collectors,detailed,298960,1.4,18.09,37620,0.4,11.35,13.68,17,21.22,26.43,23610,28460,35350,44140,54970,,,43-3011.00,0.5,2.62,3.5
43-3021,Billing and Posting Clerks,0.96,7160,1190,12010,4050,57380,6430,5630,2090,840,32340,13700,1520,2480,15190,8900,4310,5320,9100,5290,2350,8010,9410,15530,8010,3670,10040,1420,2890,3570,2170,17740,1800,33670,14210,900,21170,4030,4940,24480,1810,6160,820,11510,42040,4450,1050,11330,12070,2170,6280,570,43-3021,43-3021,Billing and Posting Clerks,detailed,485220,0.8,18.06,37570,0.2,12.23,14.4,17.38,21.11,25.07,25450,29950,36150,43910,52150,,,43-3021.00,0.5,1.75,3.0
43-3031,Bookkeeping; Accounting; and Auditing Clerks,0.98,22190,4670,21910,12040,187550,26940,18140,7730,3840,94170,42950,6460,8540,55350,31440,19630,15850,22060,20950,7400,23570,42930,38940,33560,11940,30370,8480,12640,11880,7710,45120,8690,115270,43590,6340,61590,21970,22610,60390,6090,21080,9610,30160,125140,13560,5450,39810,35630,6900,32880,3260,43-3031,43-3031,"Bookkeeping, Accounting, and Auditing Clerks",detailed,1566960,0.4,19.34,40220,0.1,11.48,14.73,18.46,23.29,28.67,23880,30640,38390,48440,59630,,,43-3031.00,1.75,1.75,3.25
43-3041,Gaming Cage Workers,0.39,0,0,0,0,5950,270,0,0,0,590,0,0,50,380,230,250,170,0,670,0,80,0,590,420,570,250,0,0,2680,0,60,190,260,0,100,390,1540,190,490,0,0,190,0,90,0,0,0,610,170,0,0,43-3041,43-3041,Gaming Cage Workers,detailed,18810,6.7,13.52,28120,0.9,9.49,10.52,12.49,15.79,19.54,19750,21880,25990,32840,40640,,,43-3041.00,2.12,1.88,3.25
43-3051,Payroll and Timekeeping Clerks,0.97,2400,430,2480,1420,25650,2470,2010,500,500,6700,4460,790,790,5200,3800,1060,2070,2250,3070,620,2810,3760,3330,3210,1320,3010,520,920,1420,770,4400,910,9720,4300,650,6130,2880,1950,6870,480,1830,390,3310,13890,1580,330,3290,3090,880,2740,280,43-3051,43-3051,Payroll and Timekeeping Clerks,detailed,159650,0.8,20.95,43580,0.3,13.08,16.39,20.38,24.75,29.82,27200,34100,42390,51480,62030,,,43-3051.00,1.0,2.12,3.12
43-3061,Procurement Clerks,0.98,690,260,2510,630,7710,980,820,170,300,3140,1770,300,390,2490,1260,550,650,710,750,460,1860,1220,1870,1430,860,1790,190,710,530,350,3430,340,3800,1730,350,3840,1200,800,3630,270,1200,140,1370,7170,970,130,1920,1090,490,740,140,43-3061,43-3061,Procurement Clerks,detailed,72120,1.4,20.18,41980,0.4,12.92,16.13,19.91,23.74,27.94,26880,33560,41410,49390,58110,,,43-3061.00,0.62,2.25,3.75
43-3071,Tellers,0.98,9400,1290,6220,6130,43510,7150,5140,1360,940,31070,13000,2040,2790,20870,10650,8420,5860,8650,9290,2450,7900,10110,15550,7890,4770,11670,2010,5250,3810,1970,15240,2740,26570,13340,1620,19260,7170,4430,23390,1380,7000,2190,10420,49510,5520,1120,11680,10350,3300,12270,1050,43-3071,43-3071,Tellers,detailed,496760,0.7,13.49,28060,0.2,10.01,11.17,13.11,15.14,18.15,20810,23230,27260,31500,37760,,,43-3071.00,2.12,2.25,3.25
43-4011,Brokerage Clerks,0.98,670,60,1690,160,5600,1240,740,380,130,3710,570,70,70,3380,440,440,330,1200,240,130,670,1850,930,2740,200,1910,160,660,180,390,3330,110,6250,1700,90,2910,200,370,3870,570,250,0,1020,4430,490,50,1360,680,110,740,70,43-4011,43-4011,Brokerage Clerks,detailed,59820,2.3,25.18,52380,0.6,15.91,19.29,23.65,29.39,36.73,33100,40130,49200,61130,76390,,,43-4011.00,1.62,2.38,3.62
43-4021,Correspondence Clerks,0.86,50,0,120,90,560,160,60,0,0,350,80,0,0,210,110,150,140,120,40,80,370,180,90,30,0,200,0,0,0,150,240,0,230,90,0,500,80,50,500,0,0,230,420,630,30,0,110,80,0,0,0,43-4021,43-4021,Correspondence Clerks,detailed,6780,5.4,18.11,37660,1.3,11.7,14.05,17.49,21.7,25.78,24340,29230,36370,45140,53630,,,43-4021.00,0.12,2.75,3.75
43-4031,Court; Municipal; and License Clerks,0.46,2550,580,3620,1010,9320,4660,1290,800,0,6030,3970,810,780,5340,1450,1540,1240,3040,2110,1070,0,2300,6330,2410,1910,4380,850,1040,1440,410,4520,1330,7360,2440,330,7820,1750,1890,2110,600,1740,850,2850,10060,970,690,2050,3210,1000,1960,500,43-4031,43-4031,"Court, Municipal, and License Clerks",detailed,128620,0.9,18.83,39160,0.7,11.48,14.06,17.63,22.38,27.61,23880,29250,36670,46540,57420,,,43-4031.00,1.12,2.0,3.25
43-4041,Credit Authorizers; Checkers; and Clerks,0.97,280,40,910,100,2970,610,230,0,0,2710,540,50,160,740,630,660,280,200,1280,100,950,460,590,920,840,840,0,300,660,130,1490,120,1870,1500,250,1390,500,390,850,70,450,220,1440,4270,400,0,0,380,60,560,0,43-4041,43-4041,"Credit Authorizers, Checkers, and Clerks",detailed,37680,4.9,18.91,39320,0.7,11.97,14.26,17.75,22.65,28.27,24890,29650,36930,47100,58800,,,43-4041.00,0.38,2.12,3.38
43-4051,Customer Service Representatives,0.55,30720,3660,86840,17300,212690,43520,31790,9300,6150,233430,103170,7610,17590,121130,49170,29170,29900,35160,21510,11090,46910,61890,89370,56610,16370,52080,6020,19560,23990,9330,66470,15250,157100,95340,6480,88310,29160,27220,116020,9880,48070,7710,59650,257600,44480,3470,62410,55680,11610,60650,1440,43-4051,43-4051,Customer Service Representatives,detailed,2707040,0.5,16.91,35170,0.2,10.01,12.27,15.53,19.92,25.83,20810,25520,32300,41430,53730,,,43-4051.00,1.38,2.62,3.5
43-4061,Eligibility Interviewers; Government Programs,0.7,3240,500,1480,1620,25640,2620,1130,150,660,3920,4460,680,450,2080,2000,1020,850,1370,240,560,1460,2610,4390,2410,1280,3820,140,750,580,470,810,970,10550,6550,380,4250,610,1500,9000,440,450,450,3080,12350,1910,60,3860,3350,1310,1230,270,43-4061,43-4061,"Eligibility Interviewers, Government Programs",detailed,135940,0.9,20.94,43550,0.6,14.26,16.55,20.84,25.17,28.27,29660,34420,43350,52350,58810,,,43-4061.00,1.25,2.62,3.62
43-4071,File Clerks,0.97,690,420,2690,570,18550,2020,1120,490,590,15590,2860,600,630,4080,2300,850,1040,1410,2350,220,1970,2060,2290,1920,930,3620,500,450,1350,960,7350,700,9810,1590,230,4330,1940,1480,4540,460,1130,90,2100,12900,1060,0,2130,1700,350,1520,180,43-4071,43-4071,File Clerks,detailed,130950,1.3,15.03,31260,0.4,9.53,11.14,13.99,17.85,22.79,19830,23170,29090,37130,47410,,,43-4071.00,2.25,2.5,3.0
43-4081,Hotel; Motel; and Resort Desk Clerks,0.94,3840,1040,5230,2460,25190,5930,1670,650,1120,18910,7140,2360,1470,6650,4410,3890,2690,3700,3640,2050,3400,3760,5280,4730,3160,4200,1790,1940,5010,1210,4040,2830,11060,8950,1840,6110,3340,3760,8230,530,5810,2250,6440,20570,2930,770,7320,5300,1570,4810,1470,43-4081,43-4081,"Hotel, Motel, and Resort Desk Clerks",detailed,248440,0.9,11.32,23530,0.4,8.4,9.22,10.61,12.38,15.31,17470,19190,22070,25750,31850,,,43-4081.00,2.0,2.38,3.5
43-4111,Interviewers; Except Eligibility and Loan,0.94,3300,130,1170,1210,18670,4320,1470,720,230,11790,3800,390,1140,4250,4110,1500,2520,4330,630,1040,4390,2820,3990,2800,1620,6640,900,3710,2210,1360,6760,200,14310,7850,270,8880,1150,3400,9830,660,2140,490,7700,10260,2410,340,5140,4020,1110,1710,270,43-4111,43-4111,"Interviewers, Except Eligibility and Loan",detailed,186030,1.5,16.17,33640,0.5,10.29,12.64,15.46,18.87,23.28,21400,26290,32150,39250,48420,,,43-4111.00,1.0,2.25,3.25
43-4121,Library Assistants; Clerical,0.95,1290,250,1360,620,9220,1520,1550,480,400,4320,1800,290,480,6890,3050,1640,1120,1600,290,320,1710,2650,4400,1150,690,2370,130,600,840,790,4070,330,7230,1880,110,6090,940,1100,5270,380,1090,0,1080,5670,1150,290,2480,2340,900,2050,270,43-4121,43-4121,"Library Assistants, Clerical",detailed,98560,1.4,13.2,27450,0.5,8.76,9.71,12.12,15.58,19.49,18220,20190,25220,32400,40540,,,43-4121.00,2.12,2.0,2.88
43-4131,Loan Interviewers and Clerks,0.92,2940,390,9040,1890,23370,3800,1760,960,200,16340,4780,790,1250,8740,4460,4350,2470,2860,2480,810,2390,2760,5210,4530,1700,6530,1060,1440,2010,830,5310,1250,5770,6610,670,11190,3690,2090,8610,1010,3100,2090,3670,27030,3260,230,7800,3960,600,3810,470,43-4131,43-4131,Loan Interviewers and Clerks,detailed,224340,1.6,19.37,40300,0.4,11.88,14.96,18.57,23.22,28.19,24710,31110,38630,48310,58630,,,43-4131.00,0.38,2.75,4.0
43-4141,New Accounts Clerks,0.99,430,50,900,450,3850,480,90,200,0,660,450,310,300,3530,770,1160,990,770,490,290,630,840,1050,940,470,1560,160,710,230,420,660,210,930,1580,180,2290,1420,900,900,0,300,40,950,4280,350,0,980,630,320,1160,170,43-4141,43-4141,New Accounts Clerks,detailed,41630,2.7,17.54,36480,0.6,12.5,14.13,16.82,19.84,24.04,25990,29390,34990,41260,50010,,,43-4141.00,1.5,1.75,3.5
43-4151,Order Clerks,0.98,1330,190,3050,910,34260,2400,1410,490,60,7890,3710,510,710,7370,3020,1230,1410,2010,900,1230,2410,2760,3120,2170,770,3280,150,2420,1380,880,5600,160,6710,3790,320,10050,1480,4350,6650,320,1110,340,4830,22100,1490,790,2810,4470,310,5690,60,43-4151,43-4151,Order Clerks,detailed,176850,1.6,16.9,35160,0.5,10.01,12.48,16.04,20.2,25.06,20820,25960,33370,42010,52130,,,43-4151.00,1.12,2.0,3.5
43-4161,Human Resources Assistants; Except Payroll and Timekeeping,0.9,1500,440,2560,1270,16430,2330,1290,610,810,7750,3500,1060,410,3660,1860,1000,1250,1840,1350,510,4220,2370,3060,5650,920,3050,320,1140,1190,480,5540,980,10920,4990,350,4550,1470,1360,5520,600,1560,240,2640,11620,750,170,4380,2580,600,2270,200,43-4161,43-4161,"Human Resources Assistants, Except Payroll and Timekeeping",detailed,137150,0.7,19.28,40100,0.2,12.43,15.48,18.76,22.86,27.13,25860,32190,39020,47560,56440,,,43-4161.00,0.0,2.25,3.62
43-4171,Receptionists and Information Clerks,0.96,13610,2670,17460,6940,106030,19010,13290,2440,4370,80770,28490,3440,5460,40010,16720,8310,9230,15160,15350,3660,19490,20380,31230,17880,6070,14100,2730,6270,10300,5340,52470,5890,90110,31800,1800,25220,8670,11800,38180,3850,11880,4570,17260,55940,10870,2470,32240,22590,4100,18630,1210,43-4171,43-4171,Receptionists and Information Clerks,detailed,997770,0.5,14,29120,0.2,9.39,10.91,13.42,16.48,19.41,19530,22700,27920,34280,40380,,,43-4171.00,1.62,2.0,3.0
43-4181,Reservation and Transportation Ticket Agents and Travel Clerks,0.61,510,620,5890,370,16340,2150,680,40,320,17240,0,2760,620,5500,490,0,380,1600,1110,260,1890,3510,3280,5530,90,1070,340,1130,4340,270,3250,730,11400,3100,0,2260,220,1970,2770,0,1040,230,1530,14910,6500,170,3540,2790,100,770,170,43-4181,43-4181,Reservation and Transportation Ticket Agents and Travel Clerks,detailed,146350,2.9,18.29,38050,1.1,10.31,12.42,16.94,24.75,28.49,21440,25840,35230,51490,59270,,,43-4181.00,2.0,2.75,3.62
43-5011,Cargo and Freight Agents,0.99,740,660,940,810,12760,620,450,130,80,6140,4230,890,140,5330,1190,530,670,2460,530,230,640,1110,1670,1360,350,1760,270,580,1360,180,3330,160,6660,2500,110,2690,330,1080,2190,90,1290,370,1040,11820,570,60,2700,1930,70,1060,50,43-5011,43-5011,Cargo and Freight Agents,detailed,88920,2.8,21.27,44250,0.9,11.86,15.69,20.15,25.53,30.93,24660,32630,41920,53100,64340,,,43-5011.00,1.38,2.25,3.62
43-5011,Cargo and Freight Agents,0.99,740,660,940,810,12760,620,450,130,80,6140,4230,890,140,5330,1190,530,670,2460,530,230,640,1110,1670,1360,350,1760,270,580,1360,180,3330,160,6660,2500,110,2690,330,1080,2190,90,1290,370,1040,11820,570,60,2700,1930,70,1060,50,43-5011,43-5011,Cargo and Freight Agents,detailed,88920,2.8,21.27,44250,0.9,11.86,15.69,20.15,25.53,30.93,24660,32630,41920,53100,64340,,,43-5011.01,1.0,2.75,3.38
43-5021,Couriers and Messengers,0.94,1680,0,670,500,13680,1050,570,290,500,4050,1990,350,350,2490,950,630,600,1080,1400,200,770,2190,2150,950,620,930,0,880,1100,420,1600,510,6140,1390,250,1620,720,1060,2720,270,1030,150,2070,6120,450,260,1170,1010,280,1860,90,43-5021,43-5021,Couriers and Messengers,detailed,74120,2.5,14.39,29920,0.7,9.26,10.74,13.54,17.21,21.37,19260,22330,28170,35800,44440,,,43-5021.00,2.75,1.88,2.62
43-5031,Police; Fire; and Ambulance Dispatchers,0.49,2540,310,1830,1010,6680,1720,1280,250,150,6120,3410,200,470,3770,2070,1070,1070,1560,1510,700,1450,2550,2070,1230,1400,2500,510,1090,620,730,4190,860,4090,3550,160,4250,1790,850,3520,420,1430,320,2410,7530,680,280,3140,1420,900,1210,290,43-5031,43-5031,"Police, Fire, and Ambulance Dispatchers",detailed,95170,0.9,19.74,41070,0.4,12.07,14.82,18.69,23.83,29.46,25100,30830,38870,49570,61270,,,43-5031.00,2.12,2.88,3.88
43-5032,Dispatchers; Except Police; Fire; and Ambulance,0.96,2190,720,4380,1620,25400,2780,2600,660,310,10720,5990,790,860,7090,4750,1620,1710,2810,4200,980,3350,3730,5180,4140,1280,4370,570,1390,2530,610,6410,820,11490,4710,950,7520,2230,2940,7310,470,2170,580,4770,20230,1700,350,4690,4280,730,3910,300,43-5032,43-5032,"Dispatchers, Except Police, Fire, and Ambulance",detailed,197910,1.2,19.8,41190,0.6,11.18,14.04,18.24,23.85,30.49,23260,29200,37940,49600,63420,,,43-5032.00,1.38,2.75,3.75
43-5041,Meter Readers; Utilities,0.85,630,40,640,770,3650,370,180,50,0,1420,1780,120,120,1100,1220,310,520,780,980,100,290,610,0,340,0,640,80,110,130,150,950,350,1590,1090,90,1020,820,250,1340,0,670,60,1110,2620,340,60,770,610,420,350,80,43-5041,43-5041,"Meter Readers, Utilities",detailed,34070,3.4,20.14,41890,0.8,11.03,13.77,18.72,25.24,31.72,22950,28630,38940,52500,65970,,,43-5041.00,2.38,2.0,2.88
43-5051,Postal Service Clerks,0.95,1330,400,1070,1100,7600,1390,1040,270,150,3760,2220,440,490,3270,1710,1420,1260,1260,1230,720,1380,2370,2830,1530,840,1960,550,800,460,550,2820,680,6090,2060,390,2760,1030,950,3950,280,960,420,1530,4680,650,440,2310,1700,960,1660,290,43-5051,43-5051,Postal Service Clerks,detailed,82030,0.0,23.25,48360,0.2,15.63,19.13,27.3,27.31,27.88,32520,39790,56790,56800,57990,,,43-5051.00,2.88,1.88,3.25
43-5052,Postal Service Mail Carriers,0.68,5320,460,5290,3040,34590,5250,4570,1030,1080,19660,9900,1100,1500,15300,7030,3920,3410,4460,4710,1550,6760,7980,11950,6420,3080,7540,860,2280,2430,1510,10340,1560,22430,10360,910,13190,3990,3610,14380,1250,4780,950,6600,23990,2190,760,8290,6530,1730,6780,430,43-5052,43-5052,Postal Service Mail Carriers,detailed,328950,0.0,24.33,50610,0.2,16.07,17.69,27.94,28.78,29.37,33420,36800,58110,59860,61100,,,43-5052.00,3.0,1.38,2.75
43-5053,Postal Service Mail Sorters; Processors; and Processing Machine Operators,0.79,1030,270,1660,590,13540,2260,1170,440,630,6140,2750,390,230,6010,1950,1370,810,910,1090,480,2890,3250,3520,2300,350,2890,320,830,760,640,5170,380,9540,3160,340,3940,860,1340,5600,660,1220,280,2120,6880,690,190,2570,2120,440,1700,150,43-5053,43-5053,"Postal Service Mail Sorters, Processors, and Processing Machine Operators",detailed,110770,0.0,23.9,49710,0.4,15.63,18.39,27.03,27.31,27.55,32510,38250,56220,56800,57300,,,43-5053.00,3.25,1.62,2.62
43-5061,Production; Planning; and Expediting Clerks,0.88,2500,500,7680,3530,48900,2600,4520,620,890,10400,11110,600,1320,13300,6180,2860,3520,3480,2540,1090,4390,6050,8020,5570,2370,4630,560,2030,1650,1300,6550,710,26120,8050,940,14180,4940,3130,13320,660,5450,610,7960,33030,3720,450,8490,10800,730,7020,240,43-5061,43-5061,"Production, Planning, and Expediting Clerks",detailed,321780,0.7,23.58,49050,0.3,13.53,17.2,22.48,28.64,35.74,28140,35770,46760,59560,74340,,,43-5061.00,1.62,2.62,3.62
43-5071,Shipping; Receiving; and Traffic Clerks,0.98,8060,1230,9570,4340,97320,8870,6680,3260,520,32620,22640,2000,2860,31500,23310,5690,7250,8760,6760,2040,9300,14630,21270,13950,5620,10250,1320,3450,6630,2790,21870,2090,33170,21500,1410,34030,5870,8140,24370,1910,9510,950,17520,64660,9720,1740,13030,14390,2190,13820,640,43-5071,43-5071,"Shipping, Receiving, and Traffic Clerks",detailed,676990,0.8,15.94,33150,0.2,10.1,12.11,14.99,18.75,23.44,21010,25190,31180,39010,48760,,,43-5071.00,2.88,2.12,3.0
43-5111,Weighers; Measurers; Checkers; and Samplers; Recordkeeping,0.95,1860,40,1100,710,12950,940,620,220,0,4080,1790,590,240,1950,1740,880,1250,1380,830,500,740,910,1310,800,860,1690,170,850,1150,160,2500,300,2170,2880,170,2490,690,930,2240,510,1230,150,2710,7550,660,220,1830,1060,420,1340,130,43-5111,43-5111,"Weighers, Measurers, Checkers, and Samplers, Recordkeeping",detailed,74460,2.1,14.94,31080,0.5,9.43,10.82,13.84,17.92,22.73,19610,22510,28790,37260,47280,,,43-5111.00,2.38,2.12,3.0
43-6011,Executive Secretaries and Executive Administrative Assistants,0.86,3300,2010,10180,2600,86740,10310,8220,1400,6140,36010,17400,3160,1790,36590,7870,8490,8070,5180,14640,1810,9760,23150,11070,13760,3310,10480,730,5800,2800,1710,16770,2520,82790,17810,1770,20840,9410,5860,20780,1150,4070,2660,8910,41800,5110,2130,14680,9290,1420,6680,650,43-6011,43-6011,Executive Secretaries and Executive Administrative Assistants,detailed,631610,0.6,27.84,57910,0.2,16.77,21.04,26.86,33.74,39.94,34880,43770,55860,70190,83070,,,43-6011.00,1.0,3.0,3.75
43-6012,Legal Secretaries,0.98,3960,270,2950,1090,28750,3040,1520,880,4290,10410,4070,720,540,9270,3240,1650,1540,2940,3590,840,3290,4220,5380,3380,960,3450,810,1240,2010,810,8990,1550,14840,1830,290,7330,1510,1700,9630,660,2020,650,2840,14010,1250,340,3010,3920,1170,2110,440,43-6012,43-6012,Legal Secretaries,detailed,191200,1.5,23.03,47900,0.8,12.97,16.11,21.24,28.56,36.31,26970,33510,44180,59410,75530,,,43-6012.00,1.12,2.25,3.0
43-6013,Medical Secretaries,0.81,5130,1410,13840,3430,73310,6950,3930,4010,1710,20540,13110,1420,920,14190,11040,4720,2790,5740,2150,3430,11850,22240,21150,11200,2530,15610,2000,2570,2770,2160,11620,3850,11720,13050,840,39610,8660,13460,24450,2470,7580,140,8840,96290,3540,960,5200,8420,1390,5350,1510,43-6013,43-6013,Medical Secretaries,detailed,556820,0.7,16.85,35060,0.3,11.16,13.32,16.22,19.42,23.91,23220,27710,33730,40400,49730,,,43-6013.00,1.38,2.0,3.0
43-6014,Secretaries and Administrative Assistants; Except Legal; Medical; and Executive,0.96,45760,6920,42690,18030,222500,48460,31850,7120,14720,174800,60320,9880,8780,84550,39210,20130,28480,29050,33340,10360,61760,43310,59710,29860,23100,76060,7730,15530,14890,11770,60300,23390,197920,59480,7570,76950,27600,26820,104420,6610,38070,5840,55480,176670,29370,5970,41600,38120,9180,18720,4730,43-6014,43-6014,"Secretaries and Administrative Assistants, Except Legal, Medical, and Executive",detailed,2295510,0.3,17.38,36140,0.2,10.32,13.13,16.74,21.11,25.51,21470,27320,34820,43920,53060,,,43-6014.00,1.38,2.0,3.62
43-9021,Data Entry Keyers,0.99,1540,240,3990,1150,23900,2440,1500,0,420,16250,4080,690,410,9140,3770,1240,1980,1680,2480,530,4130,3040,5040,3110,880,4360,500,1610,1610,1430,9340,670,12760,5600,480,5920,2240,1870,8990,640,1620,170,4840,20310,3890,450,4380,2720,590,3130,140,43-9021,43-9021,Data Entry Keyers,detailed,194810,1.3,15.21,31640,0.3,10.01,11.94,14.47,17.86,21.81,20810,24840,30100,37150,45360,,,43-9021.00,1.75,2.0,2.88
43-9022,Word Processors and Typists,0.81,350,120,320,0,15260,0,950,120,290,2730,470,690,460,580,450,470,120,170,380,130,750,860,1850,700,300,860,100,230,570,60,4570,160,15720,740,190,1650,470,140,6790,420,500,0,260,1470,740,0,580,490,80,1010,0,43-9022,43-9022,Word Processors and Typists,detailed,67230,2.0,19.22,39970,1.5,12.57,15.4,18.63,22.65,26.83,26140,32030,38740,47110,55810,,,43-9022.00,1.62,1.38,2.62
43-9031,Desktop Publishers,0.16,80,0,130,0,1670,220,90,0,70,410,370,0,0,1030,290,190,250,50,240,150,490,490,560,370,50,170,0,120,0,0,330,0,770,110,70,410,100,260,1030,0,110,0,140,1140,70,50,180,240,50,270,0,43-9031,43-9031,Desktop Publishers,detailed,13090,4.3,21.34,44380,1.1,11.17,15.35,19.76,26.57,33.79,23230,31920,41090,55280,70290,,,43-9031.00,2.5,3.88,3.88
43-9041,Insurance Claims and Policy Processing Clerks,0.98,2800,160,6400,1180,39860,2350,5080,870,370,18070,11160,650,530,9850,4360,3350,1660,4310,1760,1560,2580,6900,4540,4950,890,6460,410,2560,1680,1380,8150,1040,10830,4830,400,17600,2620,3370,11580,900,2170,1040,4440,34980,1230,580,6780,4600,1150,6750,630,43-9041,43-9041,Insurance Claims and Policy Processing Clerks,detailed,274350,1.7,19.61,40780,0.4,12.74,15.24,18.48,23.08,28.51,26510,31700,38430,48000,59310,,,43-9041.00,1.0,2.12,3.38
43-9051,Mail Clerks and Mail Machine Operators; Except Postal Service,0.94,480,160,1710,760,6290,1210,1680,460,1280,5330,3010,120,160,5480,1470,2020,980,1170,580,210,2070,2030,2200,2950,390,2310,250,530,1020,440,2900,240,8280,2250,180,3460,730,680,4850,260,810,240,1540,7190,1410,130,3800,880,470,2310,190,43-9051,43-9051,"Mail Clerks and Mail Machine Operators, Except Postal Service",detailed,91530,3.0,14.7,30580,0.6,9.19,10.94,14.02,17.76,21.74,19110,22750,29160,36940,45220,,,43-9051.00,3.0,2.0,2.88
43-9061,Office Clerks; General,0.96,32610,6810,51010,28430,320890,44650,32340,6380,10000,163290,83920,12480,16420,140700,57280,29880,24870,23620,39220,11310,46300,63080,102910,53070,17210,46490,13240,17190,27320,15690,73320,10190,188240,83480,8620,92350,31330,33500,143570,9950,30280,3670,53250,363020,25980,1750,87200,61810,24630,84250,6560,43-9061,43-9061,"Office Clerks, General",detailed,2955550,0.4,15.87,33010,0.2,9.28,11.2,14.7,19.01,24.24,19300,23300,30580,39530,50410,,,43-9061.00,1.62,2.0,3.0
43-9071,Office Machine Operators; Except Computer,0.92,720,60,1520,210,6410,860,730,400,710,3150,1500,120,190,1230,910,860,720,810,210,150,1600,1480,1390,1140,280,1520,130,0,410,380,3380,230,4400,1900,170,2730,630,1230,2000,230,330,80,980,5260,460,90,1480,920,140,1120,80,43-9071,43-9071,"Office Machine Operators, Except Computer",detailed,58160,3.0,15.57,32390,0.6,9.87,11.7,14.64,18.5,23.19,20530,24340,30460,38470,48240,,,43-9071.00,2.75,2.12,2.62
43-9081,Proofreaders and Copy Markers,0.84,0,0,150,50,1600,110,100,0,40,280,210,0,50,490,140,140,90,140,50,40,310,340,340,470,0,110,30,160,0,50,480,0,1400,90,0,0,0,110,480,0,40,0,120,300,0,0,320,480,0,170,0,43-9081,43-9081,Proofreaders and Copy Markers,detailed,11430,5.3,19.06,39640,1.7,10.41,13.53,17.77,23.24,29.1,21660,28150,36960,48350,60530,,,43-9081.00,1.0,1.62,3.0
43-9111,Statistical Assistants,0.66,80,0,210,40,800,130,80,0,370,330,210,40,0,660,740,180,80,30,80,50,240,560,230,70,50,220,40,120,0,100,140,0,650,480,0,590,50,100,690,40,150,0,40,670,90,0,70,480,0,110,0,43-9111,43-9111,Statistical Assistants,detailed,10900,3.7,23.22,48300,0.9,14.51,17.97,22.53,28.01,33.4,30190,37370,46850,58260,69480,,,43-9111.00,1.0,3.12,3.88
45-1011,First-Line Supervisors of Farming; Fishing; and Forestry Workers,0.57,360,50,530,310,5430,250,80,60,0,1410,650,70,230,250,180,210,150,250,470,0,170,190,350,180,370,380,160,170,100,50,220,200,180,600,60,200,150,590,440,0,400,0,170,1160,50,100,700,770,80,280,0,45-1011,45-1011,"First-Line Supervisors of Farming, Fishing, and Forestry Workers",detailed,19550,2.3,23.47,48820,0.9,12.78,16.05,21.79,28.73,36.67,26570,33380,45320,59770,76270,,,45-1011.00,2.75,3.0,3.75
45-2011,Agricultural Inspectors,0.94,510,0,150,360,2710,200,40,140,0,530,660,0,190,390,140,380,540,210,260,60,150,0,340,310,250,260,70,310,0,0,140,80,0,470,190,390,370,200,360,0,120,0,290,570,0,40,690,310,0,330,0,45-2011,45-2011,Agricultural Inspectors,detailed,14710,3.1,21.28,44260,0.6,12.78,15.54,20.58,25.03,30.69,26580,32320,42800,52060,63840,,,45-2011.00,2.12,2.5,4.0
45-2021,Animal Breeders,0.95,0,0,0,0,170,0,0,0,0,0,0,0,0,0,0,100,0,40,0,0,0,0,0,0,0,60,0,0,0,0,40,0,0,30,0,0,0,0,0,0,0,0,0,0,0,0,0,0,0,90,0,45-2021,45-2021,Animal Breeders,detailed,1270,11.5,20.35,42340,5.6,10.93,13.22,17.16,24.99,35.16,22730,27510,35690,51970,73130,,,45-2021.00,2.75,1.88,3.25
45-2041,Graders and Sorters; Agricultural Products,0.41,680,0,0,1300,9780,0,0,140,0,2650,1590,0,1260,1400,400,250,500,140,280,180,250,320,650,330,480,470,50,230,0,0,580,0,60,1380,270,150,350,1750,520,0,220,430,0,3340,0,350,680,2720,0,820,0,45-2041,45-2041,"Graders and Sorters, Agricultural Products",detailed,38780,4.0,11.68,24280,0.9,8.78,9.82,10.83,12.61,16.23,18260,20430,22520,26240,33750,,,45-2041.00,3.12,0.62,2.25
45-4011,Forest and Conservation Workers,0.87,50,0,0,0,2130,0,0,0,40,0,0,0,0,120,0,160,0,0,210,0,120,260,30,60,0,0,40,30,0,0,150,30,90,0,150,0,0,170,170,0,190,610,340,150,70,0,0,270,60,170,0,45-4011,45-4011,Forest and Conservation Workers,detailed,7170,3.9,15,31200,1.3,9.18,9.81,12.95,18.6,23.63,19100,20400,26940,38700,49150,,,45-4011.00,3.0,2.12,3.0
45-4021,Fallers,0.76,90,0,0,160,230,0,0,0,0,0,110,0,290,0,120,0,0,80,90,0,0,0,150,0,510,0,0,0,0,0,0,0,60,380,0,140,0,630,0,0,0,0,0,40,0,0,420,310,0,0,0,45-4021,45-4021,Fallers,detailed,5370,11.0,20.62,42900,3.3,11.58,14.36,17.96,25.11,34.42,24090,29860,37370,52220,71590,,,45-4021.00,3.0,1.88,3.0
45-4022,Logging Equipment Operators,0.79,2280,0,0,1240,1200,100,0,0,0,970,1700,0,710,0,210,40,0,310,1120,1150,90,0,760,470,1820,100,430,0,0,220,0,0,380,1570,0,230,0,2080,570,0,1330,50,750,690,0,140,1370,1650,410,540,40,45-4022,45-4022,Logging Equipment Operators,detailed,27250,2.9,18.69,38880,1.2,11.38,14.36,18.03,22.52,26.98,23680,29870,37490,46830,56110,,,45-4022.00,3.12,2.12,2.75
45-4023,Log Graders and Scalers,0.97,120,0,0,210,0,0,0,0,0,150,160,0,130,0,40,0,0,80,140,50,0,0,0,0,90,0,0,0,0,40,0,0,70,100,0,0,0,330,90,0,120,0,110,30,0,0,130,250,180,50,0,45-4023,45-4023,Log Graders and Scalers,detailed,3020,5.9,18.34,38150,1.7,11.34,14.12,17.83,22.03,25.54,23590,29370,37090,45820,53110,,,45-4023.00,2.75,2.12,3.0
47-1011,First-Line Supervisors of Construction Trades and Extraction Workers,0.17,10880,1350,13120,4890,48610,13590,4690,1820,1190,41370,12460,2490,2970,11160,10140,6230,5700,7270,11910,2260,14770,10760,11290,6070,4190,7210,3020,4530,4290,2390,8400,5530,23520,21220,3790,14730,9240,5150,19910,1870,9570,1210,9210,68270,7190,1500,18570,11450,4140,8490,2640,47-1011,47-1011,First-Line Supervisors of Construction Trades and Extraction Workers,detailed,538220,0.6,32.71,68040,0.2,19.23,24.13,30.28,39.13,49.46,40010,50190,62980,81400,102880,,,47-1011.00,3.0,3.12,3.38
47-1011,First-Line Supervisors of Construction Trades and Extraction Workers,0.17,10880,1350,13120,4890,48610,13590,4690,1820,1190,41370,12460,2490,2970,11160,10140,6230,5700,7270,11910,2260,14770,10760,11290,6070,4190,7210,3020,4530,4290,2390,8400,5530,23520,21220,3790,14730,9240,5150,19910,1870,9570,1210,9210,68270,7190,1500,18570,11450,4140,8490,2640,47-1011,47-1011,First-Line Supervisors of Construction Trades and Extraction Workers,detailed,538220,0.6,32.71,68040,0.2,19.23,24.13,30.28,39.13,49.46,40010,50190,62980,81400,102880,,,47-1011.03,2.88,3.12,3.62
47-2011,Boilermakers,0.68,290,0,70,120,430,70,180,0,0,700,520,0,0,0,1030,0,30,530,1670,0,60,290,210,60,330,0,160,0,40,80,200,280,320,270,0,600,350,390,630,0,240,0,280,2880,340,0,400,260,90,230,470,47-2011,47-2011,Boilermakers,detailed,16660,4.8,29.9,62200,1.1,18.12,23.85,29.84,36.3,41.25,37690,49610,62060,75500,85800,,,47-2011.00,3.0,2.0,3.0
47-2021,Brickmasons and Blockmasons,0.82,460,0,770,460,4550,1480,620,220,180,4640,940,290,300,2860,1870,830,520,840,480,190,1980,1650,1950,1300,200,1600,260,600,840,310,1480,260,6300,2400,200,2950,440,460,3150,0,730,340,1440,3740,1390,90,2580,990,330,1500,210,47-2021,47-2021,Brickmasons and Blockmasons,detailed,64370,2.5,25.69,53440,1.2,14.46,18.07,23.68,30.82,40.43,30070,37590,49250,64110,84100,,,47-2021.00,3.25,2.12,3.0
47-2022,Stonemasons,0.89,50,0,850,0,2050,240,170,50,60,550,0,170,0,0,120,0,0,0,0,120,280,500,0,90,0,300,60,70,440,150,200,0,1680,0,0,0,0,30,390,0,50,0,130,1320,240,80,430,320,0,0,0,47-2022,47-2022,Stonemasons,detailed,13190,7.6,20.98,43650,2.7,11.37,14.53,19.13,24.91,31.63,23650,30230,39780,51810,65790,,,47-2022.00,3.62,2.62,3.25
47-2031,Carpenters,0.72,8160,2350,9420,4670,91780,13410,6010,1650,2190,41610,17770,5190,5010,24720,14280,8180,5560,6360,11920,4170,13830,17440,18160,14600,3490,12860,4270,7940,9940,3100,16840,3770,48220,15200,2370,18990,4880,12860,30620,2740,8380,4110,6650,36870,8990,3130,16890,24180,2890,15300,3030,47-2031,47-2031,Carpenters,detailed,676980,0.8,23.24,48340,0.4,13.02,16.24,20.96,28.22,38.21,27070,33770,43600,58700,79480,,,47-2031.00,4.0,3.0,3.62
47-2041,Carpet Installers,0.87,0,0,520,190,5270,230,0,180,0,970,870,220,230,1560,500,220,410,250,270,0,510,510,1030,530,0,310,100,180,670,0,520,60,1350,490,150,570,0,390,1870,0,340,0,0,680,500,50,280,780,0,710,70,47-2041,47-2041,Carpet Installers,detailed,25660,5.0,21.3,44310,2.4,10,13.3,18.4,26.23,38.67,20810,27660,38280,54560,80440,,,47-2041.00,2.88,2.12,2.88
47-2042,Floor Layers; Except Carpet; Wood; and Hard Tiles,0.79,270,0,0,0,2080,120,90,0,0,830,130,250,150,470,200,90,190,0,210,0,130,180,280,60,30,410,0,0,50,0,0,0,470,150,0,220,120,300,240,0,160,130,100,370,150,40,0,0,0,440,0,47-2042,47-2042,"Floor Layers, Except Carpet, Wood, and Hard Tiles",detailed,10340,6.3,20.37,42370,2.3,11.18,14.15,18.19,24.49,33.04,23260,29420,37840,50950,68720,,,47-2042.00,3.13,2.13,2.88
47-2043,Floor Sanders and Finishers,0.87,0,0,90,120,440,200,50,0,0,0,0,0,0,0,0,0,0,0,0,0,170,0,0,210,0,0,0,0,0,0,90,0,260,270,0,0,0,0,60,0,0,0,200,150,0,0,60,230,0,850,40,47-2043,47-2043,Floor Sanders and Finishers,detailed,4590,10.0,18.7,38890,3.7,10.8,13.53,17.72,23.69,28.68,22470,28150,36860,49280,59660,,,47-2043.00,2.88,2.0,2.38
47-2044,Tile and Marble Setters,0.75,230,0,690,80,7810,850,200,0,0,4980,430,380,120,1710,460,340,170,250,380,0,370,720,750,520,160,630,190,340,1480,80,1050,120,1890,320,50,600,290,800,1060,80,290,70,430,1910,1320,0,560,1000,50,420,60,47-2044,47-2044,Tile and Marble Setters,detailed,36830,3.6,21.52,44770,1.8,11.63,15.07,19.45,25.9,34.26,24200,31350,40460,53870,71260,,,47-2044.00,3.0,2.88,3.12
47-2051,Cement Masons and Concrete Finishers,0.94,1670,130,5860,1200,20310,5330,890,400,560,11360,2930,950,1800,4570,4250,3380,2280,2240,2640,550,3260,1940,4070,4990,640,4640,450,3030,2110,160,2820,1110,7630,4340,1270,4830,2930,2360,4960,280,1670,1950,2330,19800,3460,260,4160,3660,300,4400,800,47-2051,47-2051,Cement Masons and Concrete Finishers,detailed,173920,1.5,21.02,43720,0.7,12.79,15.35,18.84,24.72,32.92,26590,31920,39180,51430,68470,,,47-2051.00,3.38,2.0,2.38
47-2053,Terrazzo Workers and Finishers,0.88,0,0,0,0,790,0,0,0,0,330,0,0,0,0,0,0,0,0,0,0,0,0,0,0,0,0,0,0,0,0,0,0,0,0,0,0,0,0,60,0,0,0,0,570,0,0,0,0,0,0,0,47-2053,47-2053,Terrazzo Workers and Finishers,detailed,3420,12.2,22.11,45990,4.7,12.49,15.2,19.68,26.29,36.28,25980,31610,40930,54680,75470,,,47-2053.00,3.38,2.0,2.38
47-2061,Construction Laborers,0.88,7560,2820,16240,7500,92250,20620,7320,1920,3560,57090,29440,5570,5800,31260,16920,13490,10030,9880,16270,2570,19120,18980,22510,11330,6380,19180,4720,3270,8730,3310,25350,9480,61050,20400,5380,35090,9880,11500,38180,2520,15290,1740,18000,100600,13490,1510,21370,21910,7400,13240,3070,47-2061,47-2061,Construction Laborers,detailed,912100,0.7,18.22,37890,0.3,10.34,12.76,16.07,21.67,30.09,21510,26550,33430,45080,62600,,,47-2061.00,3.75,2.0,2.62
47-2071,Paving; Surfacing; and Tamping Equipment Operators,0.83,1200,0,1490,1080,4400,2240,480,230,210,2860,1130,110,180,1060,710,540,610,1240,590,340,990,670,1220,1390,910,1040,170,730,880,240,1600,210,2030,1480,430,1260,1160,510,2140,0,670,150,2220,5010,450,0,1730,580,360,520,150,47-2071,47-2071,"Paving, Surfacing, and Tamping Equipment Operators",detailed,51880,2.8,21.06,43800,1.2,12.57,15.18,18.74,24.57,33.79,26150,31560,38970,51100,70270,,,47-2071.00,2.88,1.62,2.88
47-2072,Pile-Driver Operators,0.82,0,50,0,0,470,0,0,0,0,250,0,0,0,0,0,0,0,0,420,0,80,270,0,0,40,0,0,0,0,0,240,0,120,0,0,0,120,70,80,0,140,0,0,390,0,0,90,140,0,0,0,47-2072,47-2072,Pile-Driver Operators,detailed,3570,7.3,29.68,61740,2.9,15.26,19.23,26.48,41.06,47.52,31740,40000,55070,85400,98840,,,47-2072.00,3.0,1.88,3.0
47-2073,Operating Engineers and Other Construction Equipment Operators,0.95,5530,3550,6950,3420,25590,9250,3060,1120,570,15450,9960,2230,2590,11550,8230,5710,6440,6840,7740,1860,5170,6000,7070,10360,2360,6550,3130,2370,2560,860,5090,4300,11940,11020,3640,15310,5940,3560,20220,660,5390,1880,4550,36560,4920,1120,10770,7510,6360,7790,4150,47-2073,47-2073,Operating Engineers and Other Construction Equipment Operators,detailed,356750,0.8,24.31,50560,0.3,14.29,17.19,22.06,29.56,38.56,29730,35760,45890,61480,80200,,,47-2073.00,3.25,2.12,3.0
47-2081,Drywall and Ceiling Tile Installers,0.79,550,0,4140,570,23100,2880,490,340,0,5160,1720,1010,1110,1760,1030,970,910,710,0,340,2210,1490,1290,1100,130,770,240,750,2000,580,1230,640,3110,1620,280,1250,930,910,1940,0,920,470,1580,9450,2490,200,2020,3970,190,1120,220,47-2081,47-2081,Drywall and Ceiling Tile Installers,detailed,93180,2.3,22.79,47400,1.4,12.9,16.02,19.75,26.47,38.3,26830,33320,41090,55060,79660,,,47-2081.00,3.25,2.12,2.62
47-2082,Tapers,0.62,0,0,1180,0,5810,490,270,0,0,0,0,490,230,430,140,90,230,70,310,90,180,700,120,380,0,230,0,0,870,180,310,80,940,0,0,200,0,430,180,70,0,0,100,520,590,50,0,1810,0,190,0,47-2082,47-2082,Tapers,detailed,18480,4.0,25.86,53790,1.5,14.09,17.64,23.56,33.05,43.4,29320,36690,48990,68750,90260,,,47-2082.00,3.25,1.62,2.0
47-2111,Electricians,0.15,9050,1830,10800,5620,60620,16170,6800,1800,1110,35080,16820,3890,3660,20330,14560,8000,5680,8130,10950,1950,12850,15320,20370,10590,5860,10400,2090,4980,6370,2070,15140,3720,40300,14080,3920,22650,6280,7480,21850,2040,7520,2050,10800,57540,8510,1140,16680,15160,3590,10430,2480,47-2111,47-2111,Electricians,detailed,607120,0.8,27.24,56650,0.5,15.29,19.02,25.35,33.49,43.47,31800,39570,52720,69670,90420,,,47-2111.00,3.25,3.0,3.75
47-2121,Glaziers,0.73,480,140,840,400,6490,1220,480,0,290,3910,1050,340,830,1020,700,280,390,510,560,0,1240,1190,1260,770,340,1020,110,400,810,180,1070,240,2760,910,210,1410,290,760,1370,90,370,260,780,4520,500,0,900,2130,160,640,170,47-2121,47-2121,Glaziers,detailed,47140,3.4,22.72,47260,1.2,12.9,16.03,20.16,27.22,38.97,26820,33340,41920,56620,81050,,,47-2121.00,3.12,2.0,3.0
47-2131,Insulation Workers; Floor; Ceiling; and Wall,0.83,220,170,520,320,2190,680,180,110,0,2170,990,0,280,720,470,350,260,690,790,440,200,770,680,700,0,840,220,110,0,130,880,0,800,1220,280,480,390,420,610,0,640,170,750,4070,240,140,710,970,70,550,290,47-2131,47-2131,"Insulation Workers, Floor, Ceiling, and Wall",detailed,29500,4.4,18.99,39490,1.4,11.24,13.73,17.15,22.06,29.58,23380,28570,35660,45880,61520,,,47-2131.00,3.12,2.12,2.75
47-2132,Insulation Workers; Mechanical,0.64,280,210,0,160,1590,700,190,200,0,1310,860,130,0,370,710,830,0,220,2790,160,420,490,0,930,380,310,60,140,100,0,200,60,1110,790,260,940,380,440,370,0,600,40,440,3470,350,0,1140,590,130,390,370,47-2132,47-2132,"Insulation Workers, Mechanical",detailed,27270,5.1,24.57,51100,2.1,13.91,16.97,21.84,29.46,40.5,28920,35300,45430,61270,84230,,,47-2132.00,3.0,2.0,3.0
47-2141,Painters; Construction and Maintenance,0.75,1940,380,4730,1340,35210,4010,1740,420,470,17700,3780,2050,1620,8380,3810,1820,1880,1920,4930,1460,4660,4900,3880,3930,1330,3820,850,1350,3070,790,4170,1080,13360,3610,580,5500,2250,4170,5890,610,2540,570,3010,18740,2420,690,6260,9100,720,3260,590,47-2141,47-2141,"Painters, Construction and Maintenance",detailed,217280,1.2,19.96,41510,0.7,11.95,14.51,18.06,23.85,30.61,24860,30190,37570,49610,63670,,,47-2141.00,3.0,2.0,3.0
47-2142,Paperhangers,0.87,30,0,80,0,190,0,0,60,0,180,0,0,0,0,0,0,0,0,0,0,250,0,0,0,0,80,0,0,0,0,0,30,360,120,0,240,0,0,140,0,0,0,0,0,0,0,0,50,0,0,0,47-2142,47-2142,Paperhangers,detailed,3190,23.4,17.53,36470,3.1,11.66,13.44,16.23,20.53,25.75,24250,27950,33770,42690,53560,,,47-2142.00,3.25,1.75,2.38
47-2151,Pipelayers,0.62,2390,40,430,450,3620,760,0,100,0,4150,1260,100,90,430,470,390,560,270,890,210,880,550,380,740,460,470,90,220,70,100,730,110,680,2230,450,600,460,420,1070,0,770,220,1280,5700,480,50,1500,1110,340,430,120,47-2151,47-2151,Pipelayers,detailed,39620,2.6,20.61,42860,0.9,12.66,14.79,18.47,24.94,32.47,26320,30760,38410,51870,67550,,,47-2151.00,3.0,2.0,2.88
47-2152,Plumbers; Pipefitters; and Steamfitters,0.35,5010,1770,7060,2940,43040,8440,5130,970,890,23060,9960,2260,1840,15860,10120,4340,3870,6450,9980,2180,11130,10990,11870,8570,3980,6350,1810,3340,4590,1500,8150,2360,28320,9830,1710,14070,6360,5270,14010,1400,4000,1240,6650,40530,5710,670,12570,10210,1730,6460,1310,47-2152,47-2152,"Plumbers, Pipefitters, and Steamfitters",detailed,411870,1.2,26.94,56030,0.6,14.63,18.53,24.74,33.06,43.53,30430,38530,51450,68770,90530,,,47-2152.00,3.25,2.62,3.5
47-2152,Plumbers; Pipefitters; and Steamfitters,0.35,5010,1770,7060,2940,43040,8440,5130,970,890,23060,9960,2260,1840,15860,10120,4340,3870,6450,9980,2180,11130,10990,11870,8570,3980,6350,1810,3340,4590,1500,8150,2360,28320,9830,1710,14070,6360,5270,14010,1400,4000,1240,6650,40530,5710,670,12570,10210,1730,6460,1310,47-2152,47-2152,"Plumbers, Pipefitters, and Steamfitters",detailed,411870,1.2,26.94,56030,0.6,14.63,18.53,24.74,33.06,43.53,30430,38530,51450,68770,90530,,,47-2152.04,3.0,3.0,3.5
47-2161,Plasterers and Stucco Masons,0.84,0,0,1680,70,7250,670,0,0,70,2460,70,300,0,260,120,90,250,0,110,0,0,350,210,360,0,350,100,0,1160,0,570,440,660,140,0,300,0,0,250,0,0,0,180,1620,230,0,90,410,0,280,0,47-2161,47-2161,Plasterers and Stucco Masons,detailed,22810,4.9,21.19,44070,1.6,12.89,15.65,18.7,24.45,34.27,26820,32560,38890,50850,71290,,,47-2161.00,3.5,2.12,2.62
47-2171,Reinforcing Iron and Rebar Workers,0.9,0,0,480,70,3630,340,70,0,180,980,110,500,0,610,250,220,60,180,790,0,640,160,0,200,170,330,0,130,310,0,560,190,750,420,40,480,160,100,320,0,390,40,310,4100,0,0,610,560,0,130,0,47-2171,47-2171,Reinforcing Iron and Rebar Workers,detailed,20020,5.6,25.77,53600,2.0,14.29,17.14,22.89,32.38,43.26,29720,35650,47600,67340,89980,,,47-2171.00,3.38,2.0,2.88
47-2181,Roofers,0.9,970,230,3450,770,15670,3140,740,200,0,15930,2560,880,840,5050,2760,1150,1020,1010,670,370,1370,2020,2660,2180,500,2110,470,870,1410,200,1750,1210,5070,2460,230,4730,1070,2790,3990,0,1300,430,1690,6750,1680,310,2310,4050,440,2340,360,47-2181,47-2181,Roofers,detailed,116410,1.7,20.23,42080,1.1,12.04,14.48,18.15,24.03,31.07,25040,30110,37760,49980,64630,,,47-2181.00,3.38,2.12,2.88
47-2211,Sheet Metal Workers,0.82,1190,450,2690,1280,13050,3310,1170,490,130,7460,4400,970,420,4120,4060,1870,2170,1540,1040,760,2640,3990,3480,2860,1810,4070,610,770,1050,500,2590,610,8130,3900,410,4100,3360,2400,4220,500,1950,430,2720,11090,2060,380,3900,3440,380,3350,170,47-2211,47-2211,Sheet Metal Workers,detailed,134450,2.1,24.56,51080,0.9,12.81,16.5,22.57,30.2,41.03,26640,34320,46940,62820,85340,,,47-2211.00,3.12,2.25,3.0
47-2221,Structural Iron and Steel Workers,0.83,1340,180,1460,930,6590,1280,540,0,240,4390,1340,170,420,2790,1850,850,360,1170,2870,240,910,1170,1450,1470,600,1330,170,1020,290,110,1100,260,5720,1500,220,3190,1060,650,1800,140,930,750,1090,7230,1680,60,1310,1270,310,1330,170,47-2221,47-2221,Structural Iron and Steel Workers,detailed,69440,2.6,26.94,56040,1.1,14.63,17.93,24.91,34.24,44.15,30440,37290,51800,71220,91830,,,47-2221.00,3.88,2.38,3.0
47-3011,HelpersBrickmasons; Blockmasons; Stonemasons; and Tile and Marble Setters,0.83,340,0,580,230,3870,490,0,90,0,1050,260,70,160,280,570,120,310,380,280,270,920,530,410,170,140,530,160,110,170,110,180,130,1280,1030,110,630,240,520,810,0,280,180,660,1750,480,140,2010,230,100,200,160,47-3011,47-3011,"Helpers--Brickmasons, Blockmasons, Stonemasons, and Tile and Marble Setters",detailed,23950,3.5,16.16,33610,1.2,10.27,12.3,14.7,18.37,24.03,21360,25590,30570,38210,49990,,,47-3011.00,3.0,1.75,2.38
47-3012,HelpersCarpenters,0.92,680,250,300,270,3210,280,170,230,150,2330,400,140,180,450,600,250,340,230,1850,260,1410,870,560,600,270,990,110,80,330,70,980,80,1270,1220,170,840,520,500,910,290,880,400,590,4750,290,190,2430,790,210,650,70,47-3012,47-3012,Helpers--Carpenters,detailed,35890,3.2,14.52,30200,0.8,9.47,11.16,13.85,17.17,20.69,19690,23210,28810,35720,43030,,,47-3012.00,2.88,2.38,2.75
47-3013,HelpersElectricians,0.74,1950,220,560,300,5480,360,450,180,70,6680,3900,210,80,500,760,1030,470,970,3510,660,1130,1670,600,240,930,810,80,290,900,120,1680,610,5210,4660,40,940,1790,360,1780,0,1750,210,2420,8190,1280,0,3490,490,260,1490,70,47-3013,47-3013,Helpers--Electricians,detailed,71890,2.6,14.89,30980,0.7,9.67,11.59,14.2,17.53,21.37,20110,24120,29530,36460,44450,,,47-3013.00,3.75,2.12,3.0
47-3014,HelpersPainters; Paperhangers; Plasterers; and Stucco Masons,0.94,220,60,300,280,2210,0,0,30,0,470,60,180,70,100,50,100,0,0,930,0,250,100,0,0,110,40,0,40,0,0,0,50,290,280,0,0,0,0,390,0,90,0,230,1520,0,0,140,410,0,130,30,47-3014,47-3014,"Helpers--Painters, Paperhangers, Plasterers, and Stucco Masons",detailed,10780,7.7,13.83,28760,1.5,9.79,10.92,13.13,15.57,19.07,20370,22700,27310,32390,39670,,,47-3014.00,2.88,1.88,2.25
47-3015,HelpersPipelayers; Plumbers; Pipefitters; and Steamfitters,0.57,1270,0,510,440,2800,310,230,130,490,4380,2090,130,310,450,360,370,490,1020,2560,0,1300,530,670,290,690,660,190,280,450,120,910,850,3020,3240,190,1020,1400,200,1320,220,1800,220,1940,9160,770,50,2340,460,280,770,120,47-3015,47-3015,"Helpers--Pipelayers, Plumbers, Pipefitters, and Steamfitters",detailed,54080,2.9,14.73,30640,0.7,9.89,11.65,13.96,17.12,20.9,20570,24220,29030,35610,43470,,,47-3015.00,2.88,2.0,2.38
47-3016,HelpersRoofers,0.72,250,0,0,240,800,170,100,0,0,1210,140,70,100,170,210,0,0,230,130,60,340,130,90,0,60,0,0,60,0,0,0,150,310,450,60,480,180,130,530,0,180,60,360,780,0,70,470,140,110,240,40,47-3016,47-3016,Helpers--Roofers,detailed,10190,6.9,13.89,28890,1.6,9.77,11.15,13.3,15.83,18.8,20330,23190,27670,32930,39110,,,47-3016.00,3.25,1.88,2.0
47-4011,Construction and Building Inspectors,0.63,1170,310,2100,630,10810,2040,960,500,270,6650,1860,750,370,2540,1210,640,600,910,880,480,2410,2340,2110,1100,390,1730,330,310,730,310,4210,470,7240,3960,230,2650,1670,1050,5600,170,890,260,1480,7440,980,170,4510,2930,340,1090,200,47-4011,47-4011,Construction and Building Inspectors,detailed,94960,1.3,29.45,61250,0.6,16.75,21.64,28.12,36.18,45.3,34830,45010,58480,75250,94220,,,47-4011.00,0.88,3.0,3.88
47-4011,Construction and Building Inspectors,0.63,1170,310,2100,630,10810,2040,960,500,270,6650,1860,750,370,2540,1210,640,600,910,880,480,2410,2340,2110,1100,390,1730,330,310,730,310,4210,470,7240,3960,230,2650,1670,1050,5600,170,890,260,1480,7440,980,170,4510,2930,340,1090,200,47-4011,47-4011,Construction and Building Inspectors,detailed,94960,1.3,29.45,61250,0.6,16.75,21.64,28.12,36.18,45.3,34830,45010,58480,75250,94220,,,47-4011.01,2.88,3.0,3.88
47-4021,Elevator Installers and Repairers,0.39,270,0,240,90,1730,390,370,50,0,2200,1150,0,0,1210,160,90,290,280,0,0,1580,620,310,340,0,430,0,0,0,0,700,0,3850,310,0,530,0,0,420,0,260,0,350,2170,110,0,0,170,70,280,0,47-4021,47-4021,Elevator Installers and Repairers,detailed,22240,4.8,36.95,76860,1.3,18.22,26.95,37.93,46.96,55.28,37890,56060,78890,97670,114980,,,47-4021.00,3.0,2.75,3.25
47-4031,Fence Erectors,0.92,260,0,290,180,3600,500,0,0,0,1450,460,60,230,520,250,220,0,440,390,0,430,730,170,310,0,270,250,280,320,0,520,0,720,730,40,720,180,390,790,0,0,140,0,1980,370,0,700,590,0,240,310,47-4031,47-4031,Fence Erectors,detailed,21500,5.0,17.49,36380,1.7,10.48,12.89,15.94,19.63,27.92,21800,26810,33150,40830,58080,,,47-4031.00,3.25,1.75,2.88
47-4041,Hazardous Materials Removal Workers,0.53,470,450,360,220,4890,1270,700,0,130,1320,860,280,830,1650,970,450,290,370,1070,150,710,1200,970,620,80,330,110,160,800,0,1480,360,4980,1200,130,2150,510,580,1290,110,600,70,770,4250,410,110,1310,1320,140,560,60,47-4041,47-4041,Hazardous Materials Removal Workers,detailed,44280,2.9,21.88,45500,1.3,12.8,15.5,19.54,27.02,35.66,26630,32250,40640,56210,74160,,,47-4041.00,3.12,2.62,3.38
47-4051,Highway Maintenance Workers,0.87,3580,140,1330,2390,4620,2960,2310,40,0,2970,2610,0,1270,6510,4140,3330,1530,2320,1410,1830,850,2110,3390,5230,2360,5510,980,2680,670,1580,1690,1120,14880,3890,1210,7730,2910,1630,10610,560,410,1530,1780,6570,950,1470,4190,2250,1170,5230,810,47-4051,47-4051,Highway Maintenance Workers,detailed,143320,1.2,19.01,39540,0.3,11.76,14.69,18.33,22.89,27.32,24470,30550,38130,47610,56820,,,47-4051.00,3.12,2.0,2.75
47-4061,Rail-Track Laying and Maintenance Equipment Operators,0.89,200,0,190,140,240,190,0,50,0,420,350,0,0,680,160,0,280,190,550,70,470,260,90,550,150,240,0,170,40,60,170,0,2330,120,0,300,0,170,520,0,120,70,280,1790,0,0,380,150,220,440,120,47-4061,47-4061,Rail-Track Laying and Maintenance Equipment Operators,detailed,14250,4.9,25.39,52810,2.3,15.63,20.07,25.95,29.77,35,32500,41740,53970,61920,72810,,,47-4061.00,3.0,2.0,2.88
47-4071,Septic Tank Servicers and Sewer Pipe Cleaners,0.83,240,40,300,130,2010,450,0,100,0,1470,750,110,120,790,630,420,220,190,280,200,210,720,930,730,110,770,260,210,110,110,950,140,1410,980,40,1360,510,360,1320,90,640,110,330,1970,380,80,730,600,130,590,100,47-4071,47-4071,Septic Tank Servicers and Sewer Pipe Cleaners,detailed,26320,3.6,18.69,38870,1.0,11.13,13.87,17.51,22.58,28.51,23150,28860,36430,46960,59290,,,47-4071.00,3.12,2.0,3.0
47-4091,Segmental Pavers,0.83,0,0,0,0,0,0,0,0,0,590,0,0,0,0,0,0,0,0,0,0,0,0,0,0,0,0,0,0,0,0,0,0,0,0,0,0,0,0,0,0,0,0,0,140,0,0,0,0,0,80,0,47-4091,47-4091,Segmental Pavers,detailed,1720,21.0,16.42,34160,5.2,10.49,11.96,16.12,18.84,24.47,21820,24870,33530,39190,50900,,,47-4091.00,3.0,2.75,3.0
47-5011,Derrick Operators; Oil and Gas,0.8,0,220,0,120,550,280,0,0,0,0,0,0,0,130,0,0,160,0,410,0,0,0,50,0,0,0,0,0,0,0,0,980,0,0,680,0,1120,0,440,0,0,0,0,4980,170,0,0,0,180,0,320,47-5011,47-5011,"Derrick Operators, Oil and Gas",detailed,11580,5.8,24.59,51140,1.1,16.24,18.76,23.14,28.83,36.31,33790,39030,48130,59970,75520,,,47-5011.00,3.63,2.0,3.12
47-5012,Rotary Drill Operators; Oil and Gas,0.53,80,380,120,40,1200,880,0,0,0,100,60,0,0,170,50,0,220,0,1060,0,0,0,80,0,320,0,40,0,0,0,0,560,50,0,940,260,1980,0,1070,0,0,0,0,6510,270,0,80,0,300,0,280,47-5012,47-5012,"Rotary Drill Operators, Oil and Gas",detailed,17400,4.9,27.47,57140,1.3,14.97,19.54,26.17,33.72,41.91,31140,40650,54430,70140,87170,,,47-5012.00,3.38,2.63,3.25
47-5013,Service Unit Operators; Oil; Gas; and Mining,0.93,150,1620,0,530,2430,1930,0,0,0,30,0,0,0,280,40,0,740,120,2270,0,0,0,350,0,340,0,260,0,0,0,0,1570,0,0,820,740,3350,0,1560,0,0,0,60,20310,560,0,190,0,850,0,1530,47-5013,47-5013,"Service Unit Operators, Oil, Gas, and Mining",detailed,42890,3.2,25.73,53520,1.1,15.36,18.08,23.37,30.08,38.35,31950,37610,48610,62570,79770,,,47-5013.00,3.12,2.38,3.25
47-5041,Continuous Mining Machine Operators,0.54,100,0,540,220,570,410,0,0,0,90,450,0,490,240,90,0,0,660,0,0,0,0,150,0,0,420,0,0,1470,0,0,0,220,0,0,800,90,0,560,0,0,0,110,350,0,0,760,40,640,70,330,47-5041,47-5041,Continuous Mining Machine Operators,detailed,12030,7.8,25.31,52650,1.8,16.59,20.35,24.92,29.54,35.69,34500,42340,51840,61450,74240,,,47-5041.00,3.38,2.25,3.12
47-5051,Rock Splitters; Quarry,0.96,0,0,130,40,50,90,50,0,0,0,90,0,0,110,180,40,40,0,0,0,40,0,0,50,0,200,180,0,0,0,0,0,110,0,0,120,400,0,390,0,0,0,70,190,70,0,240,210,40,80,0,47-5051,47-5051,"Rock Splitters, Quarry",detailed,3770,7.6,16.76,34860,1.8,10.53,13.06,16.36,20.38,23.74,21900,27160,34020,42400,49370,,,47-5051.00,3.38,1.88,2.62
47-5071,Roustabouts; Oil and Gas,0.68,140,570,0,420,3520,2570,0,0,0,0,0,0,0,180,150,0,1180,130,2940,0,0,0,320,0,320,0,390,40,0,0,0,2160,30,0,2960,760,4760,0,1590,0,0,0,0,22840,490,0,0,60,900,0,1390,47-5071,47-5071,"Roustabouts, Oil and Gas",detailed,51290,4.3,19.46,40480,2.1,12.53,14.72,17.95,23.22,29.14,26060,30620,37340,48300,60600,,,47-5071.00,3.0,2.12,2.25
47-5081,HelpersExtraction Workers,0.37,90,280,200,80,660,330,0,0,0,110,120,0,180,210,380,0,190,750,800,0,0,30,60,80,260,270,60,0,460,40,130,730,60,80,210,190,710,50,1420,0,0,0,200,6700,0,0,0,40,560,30,220,47-5081,47-5081,Helpers--Extraction Workers,detailed,17660,4.4,17.87,37160,0.9,11.61,13.84,17.21,21.52,24.62,24140,28780,35790,44750,51220,,,47-5081.00,3.25,2.25,2.88
49-1011,First-Line Supervisors of Mechanics; Installers; and Repairers,0.003,8150,1140,10410,4890,39910,7340,4180,1570,910,28990,14090,2330,2480,14550,11700,4990,5510,6840,9140,2110,9660,9850,14230,6980,4530,9440,1920,3540,3180,2330,12160,2960,25560,15660,2020,16670,6460,4170,17900,1720,8140,930,10630,38300,4330,1170,13860,10490,3220,8380,1740,49-1011,49-1011,"First-Line Supervisors of Mechanics, Installers, and Repairers",detailed,453330,0.5,32.08,66730,0.2,18.49,23.74,30.55,38.78,48.31,38450,49390,63540,80670,100480,,,49-1011.00,3.0,3.38,3.88
49-2011,Computer; Automated Teller; and Office Machine Repairers,0.74,2000,170,1400,670,11040,1460,830,390,0,5870,2190,360,620,3650,1750,1300,870,2510,920,440,2130,1710,1890,2870,590,1970,390,430,1020,780,3290,300,6940,3630,300,3360,800,880,4270,470,1370,340,1670,13000,1290,0,3510,2190,530,1600,90,49-2011,49-2011,"Computer, Automated Teller, and Office Machine Repairers",detailed,102170,2.0,18.95,39410,0.6,10.95,13.65,17.84,23.14,28.97,22770,28390,37100,48130,60260,,,49-2011.00,3.12,2.88,3.12
49-2021,Radio; Cellular; and Tower Equipment Installers and Repairs,0.93,420,60,490,50,1400,520,180,50,0,550,500,140,0,500,410,70,140,240,140,70,290,450,200,120,70,360,0,350,120,0,220,50,270,290,60,660,310,280,400,0,200,0,400,1410,80,0,510,690,60,110,80,49-2021,49-2021,"Radio, Cellular, and Tower Equipment Installers and Repairers",detailed,14120,4.8,25.78,53620,1.3,14.99,18.89,25.23,32.64,37.95,31190,39290,52480,67890,78930,,,49-2021.00,2.88,2.88,3.12
49-2022,Telecommunications Equipment Installers and Repairers; Except Line Installers,0.36,4110,700,3360,2190,34010,4910,2390,540,160,16780,9180,980,890,7890,4280,1990,1870,3320,3680,730,3630,3260,5960,3840,2040,5640,670,1210,1540,1150,4080,1440,11100,5650,660,8980,1860,2470,6000,520,3370,500,6280,24780,2360,740,3620,5020,1160,4430,530,49-2022,49-2022,"Telecommunications Equipment Installers and Repairers, Except Line Installers",detailed,228430,1.6,26.21,54520,0.5,14.6,18.8,25.79,33.63,38.22,30370,39110,53640,69960,79500,,,49-2022.00,3.25,3.0,3.75
49-2091,Avionics Technicians,0.7,550,70,700,110,1890,170,120,70,0,2130,1650,110,70,0,200,0,710,0,200,0,0,0,230,110,110,120,0,0,170,0,190,30,180,370,0,430,1000,90,500,0,180,0,170,1890,270,0,170,1140,0,40,0,49-2091,49-2091,Avionics Technicians,detailed,17330,3.4,29.51,61390,1.0,19,24.47,29.21,35.11,40.03,39510,50900,60760,73020,83260,,,49-2091.00,3.25,2.75,3.75
49-2092,Electric Motor; Power Tool; and Related Repairers,0.76,520,0,380,270,1670,520,140,30,0,750,390,0,230,790,310,70,200,190,400,0,280,190,690,720,190,320,100,0,120,0,450,0,490,470,110,790,150,160,690,0,420,0,240,1820,120,0,530,290,230,330,50,49-2092,49-2092,"Electric Motor, Power Tool, and Related Repairers",detailed,17050,4.3,21.5,44720,1.8,12.04,15.45,19.99,25.5,34.26,25040,32130,41570,53040,71260,,,49-2092.00,3.75,2.88,3.38
49-2093,Electrical and Electronics Installers and Repairers; Transportation Equipment,0.91,120,40,80,0,2120,0,80,0,0,1010,430,0,0,630,400,40,310,140,150,100,310,0,110,30,120,240,0,0,150,0,640,0,960,230,0,230,40,380,200,0,110,0,350,1480,0,0,660,420,0,140,70,49-2093,49-2093,"Electrical and Electronics Installers and Repairers, Transportation Equipment",detailed,13960,4.9,28.77,59840,1.4,17.89,23.13,28.5,34.55,40.12,37210,48110,59280,71860,83450,,,49-2093.00,3.12,2.25,3.0
49-2094,Electrical and Electronics Repairers; Commercial and Industrial Equipment,0.41,1880,160,950,490,6770,1830,440,210,0,4280,2570,350,570,2070,1060,570,480,800,960,1060,1350,1880,1550,1210,470,800,110,380,340,380,1830,230,1990,2340,300,2330,1100,1090,3670,0,1410,460,1490,6660,840,200,2200,1750,270,840,160,49-2094,49-2094,"Electrical and Electronics Repairers, Commercial and Industrial Equipment",detailed,67390,1.7,27.4,56990,0.5,16.66,21.41,27.04,32.46,38.54,34650,44530,56250,67510,80160,,,49-2094.00,3.75,3.0,3.75
49-2095,Electrical and Electronics Repairers; Powerhouse; Substation; and Relay,0.38,1190,90,480,110,2000,180,170,140,0,1350,1090,100,90,620,940,160,200,150,40,0,530,210,1180,290,310,410,100,90,110,0,440,140,2110,1100,0,580,360,90,960,0,160,30,550,1840,180,0,840,260,290,240,80,49-2095,49-2095,"Electrical and Electronics Repairers, Powerhouse, Substation, and Relay",detailed,23060,2.8,35.84,74540,0.6,24.47,31.15,36.38,41.93,47.54,50900,64800,75670,87220,98890,,,49-2095.00,3.12,3.0,3.38
49-2096,Electronic Equipment Installers and Repairers; Motor Vehicles,0.61,0,0,390,0,1870,210,0,90,0,380,220,70,0,340,0,0,100,50,130,0,60,210,320,390,220,320,0,0,0,40,270,0,590,240,40,230,80,60,140,0,0,50,90,2360,60,0,430,170,0,130,0,49-2096,49-2096,"Electronic Equipment Installers and Repairers, Motor Vehicles",detailed,11750,7.0,16.44,34200,1.9,10,12.2,15.49,19.33,24.41,20810,25390,32220,40200,50770,,,49-2096.00,3.25,2.88,3.12
49-2097,Electronic Home Entertainment Equipment Installers and Repairers,0.65,360,50,2020,230,2190,980,230,0,0,2630,880,0,210,1650,650,350,150,370,220,70,230,200,390,590,0,630,0,90,250,240,290,0,1500,650,220,1100,310,470,650,0,210,110,370,1830,220,180,350,210,0,410,70,49-2097,49-2097,Electronic Home Entertainment Equipment Installers and Repairers,detailed,25550,5.0,18.91,39340,1.6,11.08,13.9,17.99,23.04,28.67,23050,28910,37410,47920,59640,,,49-2097.00,3.0,2.88,3.5
49-2098,Security and Fire Alarm Systems Installers,0.82,860,80,1740,660,6790,1420,610,150,0,5890,1710,460,250,2230,940,420,370,610,930,260,1930,1380,1190,1080,280,1530,120,370,920,320,2120,360,4710,2690,50,2430,1000,740,2610,270,470,80,1680,7760,820,70,2880,840,220,320,0,49-2098,49-2098,Security and Fire Alarm Systems Installers,detailed,67700,2.8,21.95,45660,0.7,13.27,16.7,21.31,26.71,31.48,27610,34740,44330,55550,65470,,,49-2098.00,3.12,2.75,3.5
49-3011,Aircraft Mechanics and Service Technicians,0.71,2730,1290,5320,610,12680,1710,1050,570,0,12910,8680,1290,530,4210,1390,320,1740,1610,1760,150,2150,1330,2490,1380,1020,1760,470,390,1780,230,2170,430,3080,4280,250,4090,6270,1310,2530,240,1020,390,1310,16800,2070,210,2180,4890,500,780,200,49-3011,49-3011,Aircraft Mechanics and Service Technicians,detailed,128570,2.0,29.42,61190,0.9,17.29,23.09,28.93,35.46,42.25,35960,48040,60170,73770,87880,,,49-3011.00,4.0,2.88,4.12
49-3021,Automotive Body and Related Repairers,0.91,2280,270,2560,1330,13710,2680,1640,490,0,9430,4710,530,650,6770,3190,1730,1210,1550,1900,800,2610,3740,5110,2360,1160,3360,530,1410,970,660,3800,930,7150,5050,590,5870,1680,1730,7090,680,1640,640,3530,11020,1530,580,4200,2190,800,3580,240,49-3021,49-3021,Automotive Body and Related Repairers,detailed,143940,1.5,21.72,45180,0.7,11.96,15.43,19.97,26.66,33.95,24880,32100,41540,55460,70620,,,49-3021.00,3.25,2.38,3.0
49-3022,Automotive Glass Installers and Repairers,0.55,170,130,500,140,1230,0,0,0,0,1080,330,0,140,400,450,170,0,340,390,0,500,450,0,300,180,190,220,0,220,70,0,80,930,610,0,940,160,250,880,0,410,0,470,1570,80,130,0,730,150,120,50,49-3022,49-3022,Automotive Glass Installers and Repairers,detailed,18610,7.5,17.38,36140,1.4,10.81,13.22,16.51,20.87,24.78,22480,27500,34340,43410,51540,,,49-3022.00,3.0,2.0,2.75
49-3023,Automotive Service Technicians and Mechanics,0.59,8100,1530,13180,5280,63550,12290,8430,1950,390,45810,21890,2690,3620,27980,14160,8480,5860,8710,7700,3820,12600,15230,20800,10770,5700,15460,2770,4440,5590,3720,15440,4490,34830,23130,2210,24680,7860,6200,31720,2250,10360,2040,13330,47080,6510,1890,20380,13010,3900,11970,1570,49-3023,49-3023,Automotive Service Technicians and Mechanics,detailed,647380,0.7,19.9,41400,0.3,10.32,13.53,18.5,25.06,30.8,21470,28140,38470,52120,64070,,,49-3023.00,3.75,3.0,3.75
49-3031,Bus and Truck Mechanics and Diesel Engine Specialists,0.73,4460,870,5090,2820,20590,4430,2170,460,130,10950,7210,960,1610,9010,8120,4030,2550,4000,3100,1250,3890,4410,7440,5970,2370,5120,1280,2550,1690,880,7600,1550,13290,7690,1850,11570,2720,3770,12020,530,3650,960,6950,26320,2860,650,6360,5120,1990,6130,1280,49-3031,49-3031,Bus and Truck Mechanics and Diesel Engine Specialists,detailed,254280,1.0,22.45,46710,0.3,13.98,17.19,21.72,27.24,32.48,29070,35750,45170,56660,67550,,,49-3031.00,3.25,2.75,3.38
49-3041,Farm Equipment Mechanics and Service Technicians,0.75,460,0,190,800,2460,530,140,150,0,810,750,0,720,1470,1180,2140,1470,860,370,90,300,50,760,1720,610,1200,470,1600,70,0,0,210,570,740,1040,1490,500,680,980,0,230,710,660,2310,200,110,580,840,50,1610,100,49-3041,49-3041,Farm Equipment Mechanics and Service Technicians,detailed,35110,2.4,18.9,39310,0.6,11.87,14.72,18.18,22.77,27.61,24690,30610,37820,47360,57420,,,49-3041.00,3.5,2.12,3.62
49-3042,Mobile Heavy Equipment Mechanics; Except Engines,0.4,2740,1150,3800,970,11370,2560,760,430,80,4770,3580,450,530,2640,3530,1800,1270,2750,2800,780,2700,1550,2540,3540,1310,2670,940,890,1920,370,2140,820,2710,3560,1250,3570,1850,2040,4750,490,1840,520,3000,13360,1840,200,3650,3530,1950,1970,1340,49-3042,49-3042,"Mobile Heavy Equipment Mechanics, Except Engines",detailed,123570,1.3,24.43,50810,0.4,15.68,19.11,23.73,28.88,34.97,32610,39750,49370,60060,72740,,,49-3042.00,4.0,2.88,3.38
49-3043,Rail Car Repairers,0.88,400,0,170,390,1080,390,0,0,0,770,810,0,260,2070,620,0,840,510,350,0,920,0,230,330,190,630,0,910,70,0,530,0,1400,210,0,570,160,200,700,0,60,0,210,1940,380,0,330,400,0,130,230,49-3043,49-3043,Rail Car Repairers,detailed,22090,4.3,25.77,53590,1.7,15.09,19.74,26.44,30.85,36.64,31390,41050,55000,64170,76220,,,49-3043.00,3.75,2.12,3.38
49-3051,Motorboat Mechanics and Service Technicians,0.66,260,140,270,180,1040,190,370,150,0,3170,340,30,100,450,270,150,170,330,150,220,650,820,1130,410,150,320,80,110,0,150,490,0,1260,720,130,380,200,180,270,140,510,70,470,1350,230,90,420,790,0,620,0,49-3051,49-3051,Motorboat Mechanics and Service Technicians,detailed,20260,3.4,19.65,40860,1.0,11.37,14.4,18.65,24.33,29.42,23650,29950,38780,50600,61200,,,49-3051.00,3.0,2.0,3.12
49-3052,Motorcycle Mechanics,0.79,240,60,290,170,1410,460,120,0,0,1300,390,0,140,520,320,520,200,240,300,120,140,120,480,220,80,370,180,70,150,200,270,80,650,490,70,660,220,220,770,0,270,120,300,1310,240,0,320,340,160,460,90,49-3052,49-3052,Motorcycle Mechanics,detailed,16000,3.4,17.81,37040,0.9,10.75,13.27,16.69,21.49,27.09,22370,27590,34720,44700,56350,,,49-3052.00,3.75,3.0,3.12
49-3053,Outdoor Power Equipment and Other Small Engine Mechanics,0.93,720,60,650,400,2140,580,890,210,0,2630,640,130,250,680,790,600,310,530,270,380,660,500,1160,690,230,730,150,150,100,340,920,170,1480,830,140,1180,520,570,1340,0,630,310,930,3010,250,210,970,480,400,1020,60,49-3053,49-3053,Outdoor Power Equipment and Other Small Engine Mechanics,detailed,33020,2.8,16.98,35320,0.7,10.42,12.92,16.22,20.3,24.69,21680,26860,33730,42230,51360,,,49-3053.00,3.12,2.12,3.0
49-3091,Bicycle Repairers,0.94,0,0,270,0,2150,610,160,0,170,470,0,0,230,0,0,0,160,0,0,0,130,320,600,0,0,150,130,0,0,180,150,40,370,600,0,400,70,400,930,0,90,0,0,420,140,0,440,200,0,390,0,49-3091,49-3091,Bicycle Repairers,detailed,12560,6.8,13.71,28520,1.9,9.22,10.71,13.28,16.25,18.82,19180,22280,27630,33790,39150,,,49-3091.00,3.38,2.38,3.0
49-3092,Recreational Vehicle Service Technicians,0.59,140,0,280,150,1230,380,60,50,0,920,0,0,300,170,950,200,240,180,80,160,160,170,400,310,120,320,80,90,210,180,50,110,220,370,60,330,150,410,460,0,150,80,670,1420,180,0,200,600,70,290,60,49-3092,49-3092,Recreational Vehicle Service Technicians,detailed,13520,5.1,18.29,38040,1.2,11.26,14.12,17.51,22.03,27.21,23430,29370,36430,45830,56610,,,49-3092.00,3.12,2.62,3.5
49-3093,Tire Repairers and Changers,0.7,2940,290,3070,1290,10160,2830,900,150,0,7560,2300,230,1020,3120,3080,1320,1280,1260,2770,0,1640,1270,3180,1530,1300,3040,970,970,960,400,4030,920,2200,3120,490,3810,1430,1680,3760,140,1690,290,3600,11980,1490,110,1930,2930,860,960,480,49-3093,49-3093,Tire Repairers and Changers,detailed,109350,2.2,13.05,27150,0.8,8.95,10.09,12.04,14.87,18.77,18610,20980,25040,30940,39040,,,49-3093.00,3.12,2.0,2.12
49-9011,Mechanical Door Repairers,0.91,0,0,220,120,2340,830,230,0,0,1400,480,0,0,220,450,220,300,230,0,0,180,520,330,460,0,0,310,100,110,200,620,100,0,530,0,1130,860,140,800,0,310,0,280,1660,460,0,460,340,120,620,0,49-9011,49-9011,Mechanical Door Repairers,detailed,19840,5.4,19.43,40420,1.1,12.48,15.19,18.5,22.91,27.88,25960,31590,38480,47650,58000,,,49-9011.00,3.38,2.0,3.12
49-9012,Control and Valve Installers and Repairers; Except Mechanical Door,0.63,1390,130,610,330,3690,1090,440,140,0,1060,1240,60,240,1160,720,550,400,540,650,180,1580,860,1530,430,390,510,90,320,200,130,560,740,4310,1350,160,1320,950,630,1050,260,260,230,890,8820,500,150,1090,510,350,600,340,49-9012,49-9012,"Control and Valve Installers and Repairers, Except Mechanical Door",detailed,45740,2.6,27.01,56180,0.9,14.99,19.01,26.21,34.32,41.55,31180,39540,54520,71380,86420,,,49-9012.00,3.12,2.75,3.12
49-9021,Heating; Air Conditioning; and Refrigeration Mechanics and Installers,0.65,5190,300,6590,2790,25360,4880,3840,1860,330,28700,9220,800,1880,6640,5760,4300,2200,3800,4130,1870,5930,8090,8170,2770,1870,5520,920,1990,1770,1850,10110,1200,15930,11770,970,10770,3320,2430,13160,650,5530,990,7570,24300,3260,890,10720,4070,1790,5490,480,49-9021,49-9021,"Heating, Air Conditioning, and Refrigeration Mechanics and Installers",detailed,294730,1.4,23.23,48320,0.5,13.67,17.04,22.07,28.35,35.26,28440,35440,45910,58960,73350,,,49-9021.00,3.12,2.62,3.75
49-9031,Home Appliance Repairers,0.72,260,50,610,160,2980,670,330,110,0,2680,420,90,400,2120,490,720,180,210,200,130,540,530,1210,560,190,760,120,380,230,140,1280,140,3340,640,170,1780,450,660,1130,0,290,150,430,2110,430,70,0,1030,110,590,60,49-9031,49-9031,Home Appliance Repairers,detailed,33480,3.9,19.42,40390,1.2,10.7,13.72,18.06,23.88,30.1,22260,28530,37570,49670,62600,,,49-9031.00,3.38,2.12,3.25
49-9041,Industrial Machinery Mechanics,0.67,10510,560,3590,5040,23620,4980,2350,900,80,12160,11510,710,1550,12160,12730,6660,4610,8620,7230,1380,3290,3620,18780,6870,4320,4000,700,2670,1360,2160,6850,2240,9850,10690,1160,19200,4210,4390,14860,570,7930,1230,8560,30390,3220,610,8920,6070,2780,9830,2200,49-9041,49-9041,Industrial Machinery Mechanics,detailed,334490,0.9,24.95,51890,0.3,15.52,19.1,24.06,29.71,36.59,32290,39730,50040,61800,76110,,,49-9041.00,3.62,2.88,3.5
49-9043,Maintenance Workers; Machinery,0.86,790,370,1320,840,7270,600,1170,0,160,1460,2930,160,550,4500,2040,660,1030,1510,2830,230,970,1600,1910,720,1270,3250,150,530,350,220,1000,130,3410,4130,940,2470,2810,810,8120,150,1690,70,4270,10490,1050,80,1550,1490,340,2760,420,49-9043,49-9043,"Maintenance Workers, Machinery",detailed,89630,1.5,22.11,46000,0.5,13.19,16.77,21.42,26.88,31.84,27440,34890,44550,55900,66240,,,49-9043.00,3.0,2.0,3.0
49-9044,Millwrights,0.59,1040,260,300,490,2340,380,210,90,0,620,1520,30,350,1270,2260,1150,390,1020,1300,370,130,450,2910,930,1050,800,220,360,250,140,0,140,920,850,170,2360,250,810,1700,0,1060,120,920,3300,210,90,730,1420,230,990,0,49-9044,49-9044,Millwrights,detailed,39670,2.7,25.94,53950,0.7,15.71,19.65,25.21,31.7,37.69,32680,40880,52440,65940,78390,,,49-9044.00,4.0,2.5,3.0
49-9045,Refractory Materials Repairers; Except Brickmasons,0.82,100,0,0,0,0,0,0,0,0,0,0,0,0,0,190,0,0,0,0,0,0,0,40,0,0,30,0,0,0,0,0,0,100,0,0,0,40,40,170,0,0,0,150,140,0,0,50,0,0,0,0,49-9045,49-9045,"Refractory Materials Repairers, Except Brickmasons",detailed,1540,9.9,22.6,47000,2.6,14.09,17.51,21.74,26.26,32.07,29310,36410,45230,54620,66710,,,49-9045.00,3.25,1.88,3.0
49-9051,Electrical Power-Line Installers and Repairers,0.097,3790,390,1600,1720,7340,2450,0,360,0,6080,6020,370,540,2840,2310,1920,1750,2560,1080,380,3250,2900,4680,2520,2090,3520,740,1300,720,750,1860,660,5000,4570,940,3250,2070,960,4480,300,2770,690,3640,10680,740,410,2930,1780,570,2230,410,49-9051,49-9051,Electrical Power-Line Installers and Repairers,detailed,117670,1.9,32.29,67160,0.6,17.6,24.43,32.7,39.73,47.21,36610,50820,68010,82640,98190,,,49-9051.00,3.38,2.75,3.0
49-9052,Telecommunications Line Installers and Repairers,0.49,1050,470,1570,1100,10480,2010,750,260,230,7080,2410,330,430,3560,2750,570,1360,1070,820,510,3120,2270,960,1400,720,1920,390,340,910,520,3020,300,8890,2930,300,3290,1690,440,5510,390,1290,490,960,10340,690,150,0,1400,1000,680,110,49-9052,49-9052,Telecommunications Line Installers and Repairers,detailed,100080,2.3,26.3,54700,0.9,13.47,17.5,25.28,35.03,40.03,28010,36390,52590,72870,83260,,,49-9052.00,3.12,2.12,3.0
49-9061,Camera and Photographic Equipment Repairers,0.97,0,0,180,0,700,0,80,0,0,0,70,0,0,460,70,0,0,0,0,0,90,0,80,0,0,0,0,0,0,0,120,0,170,0,0,0,0,0,60,0,0,0,0,0,40,0,0,0,0,0,0,49-9061,49-9061,Camera and Photographic Equipment Repairers,detailed,3760,10.8,21.12,43920,2.9,11.89,14.16,19.74,26.54,31.8,24730,29450,41060,55190,66150,,,49-9061.00,3.25,2.62,3.38
49-9062,Medical Equipment Repairers,0.27,820,80,640,460,3740,990,350,90,40,3930,960,60,240,910,1510,530,440,570,270,150,880,1080,1750,1030,220,1350,90,270,380,110,0,190,2150,1740,210,1840,460,450,2460,60,460,210,1070,3180,650,60,940,1080,300,680,70,49-9062,49-9062,Medical Equipment Repairers,detailed,43370,2.8,24.48,50910,0.7,14.01,17.38,23.11,29.99,37.75,29130,36160,48070,62370,78520,,,49-9062.00,3.12,2.88,3.75
49-9063,Musical Instrument Repairers and Tuners,0.91,130,0,190,30,600,0,100,0,0,340,0,0,0,610,170,130,120,0,0,0,250,130,0,120,0,220,0,0,0,0,150,0,580,100,0,370,0,80,650,0,0,0,120,670,0,0,150,330,0,260,0,49-9063,49-9063,Musical Instrument Repairers and Tuners,detailed,7980,6.9,18.12,37690,2.2,9.89,12.66,16.83,22,28.53,20570,26340,35010,45750,59350,,,49-9063.00,3.88,2.75,3.62
49-9064,Watch Repairers,0.99,0,0,0,0,240,100,0,0,0,140,40,0,0,0,0,40,0,0,0,0,0,0,50,0,0,0,0,0,0,0,160,0,140,0,0,140,0,0,0,0,0,0,0,0,0,0,40,0,0,0,0,49-9064,49-9064,Watch Repairers,detailed,1620,10.3,19.1,39720,3.0,10,12.75,17.66,23.28,29.75,20810,26530,36740,48420,61880,,,49-9064.00,3.12,2.62,3.0
49-9071,Maintenance and Repair Workers; General,0.64,13740,4320,24320,12000,120570,22020,10510,3530,4820,83440,43310,7190,5900,58940,33090,14430,13490,19270,26770,4630,21890,23410,41710,22170,12300,30930,4590,8690,14120,4380,31180,8470,102010,40760,3890,53720,15360,14610,57500,4070,25690,2690,29710,110920,11150,2720,32020,31340,10200,30430,3560,49-9071,49-9071,"Maintenance and Repair Workers, General",detailed,1332480,0.4,18.92,39360,0.2,10.58,13.55,17.76,23.32,29.16,22010,28180,36940,48520,60660,,,49-9071.00,3.38,2.38,3.12
49-9091,Coin; Vending; and Amusement Machine Servicers and Repairers,0.94,540,0,620,270,2910,520,370,160,0,1850,1130,0,200,1330,1320,400,330,480,590,110,390,570,860,620,510,1070,0,60,1470,0,1010,340,1700,1150,90,2270,760,240,970,0,410,170,740,1820,270,40,510,560,150,930,80,49-9091,49-9091,"Coin, Vending, and Amusement Machine Servicers and Repairers",detailed,33600,2.7,16.76,34860,1.1,9.66,12.11,15.9,20.26,24.78,20080,25200,33070,42140,51540,,,49-9091.00,3.12,2.0,2.88
49-9092,Commercial Divers,0.18,60,100,0,0,180,0,0,0,0,400,0,0,0,0,0,0,0,0,750,0,0,0,200,0,0,80,0,0,0,0,80,0,0,0,0,0,0,0,0,0,0,0,0,290,0,0,170,230,0,0,0,49-9092,49-9092,Commercial Divers,detailed,3370,10.3,25.96,53990,2.5,14.76,18.03,23.6,29.62,40.26,30700,37510,49090,61610,83730,,,49-9092.00,3.12,2.88,3.75
49-9094,Locksmiths and Safe Repairers,0.77,290,0,190,80,2240,370,100,120,40,1890,520,0,60,600,240,150,210,180,280,0,410,380,440,260,160,230,60,90,240,60,1010,150,1110,400,70,490,140,320,460,60,390,0,250,2330,140,30,590,330,40,230,0,49-9094,49-9094,Locksmiths and Safe Repairers,detailed,18640,4.1,20.28,42180,1.2,10.73,14.63,19.43,25.15,30.27,22320,30430,40420,52310,62960,,,49-9094.00,3.12,2.12,3.12
49-9095,Manufactured Building and Mobile Home Installers,0.18,120,0,0,0,0,0,0,0,0,0,50,0,0,0,0,70,0,0,0,70,0,0,0,30,160,150,70,0,0,0,0,0,140,100,0,120,190,0,0,0,0,60,90,280,0,0,0,50,120,0,0,49-9095,49-9095,Manufactured Building and Mobile Home Installers,detailed,3200,10.7,14.92,31030,1.6,9.77,11.88,14.33,17.39,20.87,20330,24720,29810,36180,43400,,,49-9095.00,3.5,2.88,3.25
49-9096,Riggers,0.89,150,40,80,50,1760,90,230,0,50,850,170,170,0,380,330,0,50,460,4270,300,270,340,380,180,130,50,0,60,240,0,120,40,200,280,0,390,340,190,460,70,430,0,210,4100,150,0,1290,990,50,110,0,49-9096,49-9096,Riggers,detailed,21020,5.2,23.57,49030,2.1,13.38,16.56,21.97,28.36,35.94,27820,34440,45690,58990,74750,,,49-9096.00,3.12,2.25,3.0
49-9097,Signal and Track Switch Repairers,0.9,0,0,0,160,600,120,0,0,0,0,130,0,0,730,80,0,0,120,120,0,0,180,0,560,0,190,0,290,0,0,0,0,1060,0,0,0,0,0,180,0,0,0,80,810,160,0,0,110,0,230,0,49-9097,49-9097,Signal and Track Switch Repairers,detailed,8680,6.1,30.15,62710,2.5,17.36,25.03,31.42,36.67,39.81,36110,52060,65350,76270,82800,,,49-9097.00,3.38,2.0,3.38
49-9098,HelpersInstallation; Maintenance; and Repair Workers,0.79,3540,510,2560,1090,13530,1020,880,480,310,5820,3280,650,730,3050,2220,770,900,1520,3940,360,3230,1680,2240,1890,1820,840,280,350,1020,540,4040,1240,4970,4230,520,2130,2160,1400,4700,390,2100,0,2980,16970,1190,160,4200,1800,850,1330,320,49-9098,49-9098,"Helpers--Installation, Maintenance, and Repair Workers",detailed,118720,1.5,14.12,29370,0.4,9,10.48,13.23,16.82,21,18720,21800,27510,34990,43680,,,49-9098.00,3.12,2.0,2.75
51-1011,First-Line Supervisors of Production and Operating Workers,0.016,13140,950,8720,8400,53850,6410,8180,1280,260,24040,21230,1380,3070,24620,24750,9500,7430,11970,10840,2970,6810,11270,27320,11730,7320,12690,1470,5010,2600,2950,12690,2210,26270,20770,1760,30310,8490,6850,27140,2590,12860,1380,16230,47700,6050,1810,12530,13500,3480,22580,1140,51-1011,51-1011,First-Line Supervisors of Production and Operating Workers,detailed,610480,0.4,29.54,61450,0.2,16.49,21.14,27.78,36.09,46.06,34290,43970,57780,75070,95800,,,51-1011.00,2.88,3.62,3.75
51-2011,Aircraft Structure; Surfaces; Rigging; and Systems Assemblers,0.79,1550,0,660,430,3270,90,1180,0,0,1740,2810,0,110,210,0,0,0,0,0,0,0,80,0,0,0,0,0,0,0,0,50,0,150,0,0,510,1030,80,0,0,0,0,0,3310,170,0,0,0,260,0,0,51-2011,51-2011,"Aircraft Structure, Surfaces, Rigging, and Systems Assemblers",detailed,42010,2.6,25.26,52530,2.2,15.6,19.11,24.06,31.68,37.57,32460,39750,50050,65900,78150,,,51-2011.00,3.25,2.5,3.12
51-2021,Coil Winders; Tapers; and Finishers,0.73,380,0,80,500,1260,0,320,0,0,390,630,0,0,1010,300,0,160,260,40,90,0,130,180,180,300,760,0,0,0,70,230,0,510,1010,0,670,280,100,430,0,160,130,610,690,60,30,0,180,210,1180,0,51-2021,51-2021,"Coil Winders, Tapers, and Finishers",detailed,14090,5.1,16.99,35340,1.3,10.59,12.61,16.32,20.69,24.44,22030,26230,33940,43040,50820,,,51-2021.00,3.12,0.88,2.88
51-2022,Electrical and Electronic Equipment Assemblers,0.95,2760,0,5010,1100,33500,3200,3370,290,0,9930,3850,0,0,6920,6320,3320,1360,1710,170,460,2980,5560,10020,8100,1890,4480,200,570,770,2190,4910,180,10530,6150,660,9980,2380,3680,14580,560,2060,1420,3660,16190,1950,130,3400,4370,570,9980,100,51-2022,51-2022,Electrical and Electronic Equipment Assemblers,detailed,218530,2.9,16.2,33700,0.6,10.08,12.1,15.06,19.01,23.85,20970,25170,31310,39550,49600,,,51-2022.00,3.12,2.0,3.0
51-2023,Electromechanical Equipment Assemblers,0.97,430,0,320,50,5860,2210,840,50,0,1370,150,0,0,790,800,0,70,100,0,0,340,1820,320,2600,0,0,0,40,90,1220,1740,80,1390,730,0,2060,790,440,2180,100,160,70,960,8300,70,70,1230,460,60,2250,0,51-2023,51-2023,Electromechanical Equipment Assemblers,detailed,45540,5.2,17.02,35410,0.9,10.73,12.82,16.03,20.1,24.56,22320,26670,33350,41810,51080,,,51-2023.00,3.25,2.0,2.88
51-2031,Engine and Other Machine Assemblers,0.82,1530,0,310,200,1470,0,190,0,0,160,380,0,0,2050,0,940,90,800,80,0,110,70,4850,290,380,990,0,160,0,200,210,0,420,850,250,6640,370,110,1200,0,940,610,1280,2190,120,50,350,860,0,760,0,51-2031,51-2031,Engine and Other Machine Assemblers,detailed,38150,4.0,20.71,43090,2.0,12.84,15.33,19.81,26.22,29.71,26700,31880,41210,54540,61800,,,51-2031.00,3.25,2.0,3.0
51-2041,Structural Metal Fabricators and Fitters,0.41,2640,50,910,1430,6500,1020,570,130,0,4070,1430,0,350,1010,2000,590,1910,910,2260,720,520,1080,3530,1040,1350,0,0,780,380,270,570,130,1970,2040,70,3450,1060,1830,5180,200,1660,180,2060,8860,920,90,2210,2090,220,4030,70,51-2041,51-2041,Structural Metal Fabricators and Fitters,detailed,77270,2.3,19.23,40000,0.7,12.22,14.8,18.14,22.83,28.32,25410,30780,37730,47490,58900,,,51-2041.00,3.0,1.12,2.38
51-2092,Team Assemblers,0.97,35410,240,9220,12420,83860,3790,9740,730,0,39160,48540,470,6000,43730,82450,19480,14110,46840,5300,2450,3630,15130,105140,23300,19710,23380,990,8900,4740,4370,5450,1390,39100,46310,2460,41740,9920,4990,37170,3060,44460,3300,62800,47930,12350,1370,16340,14620,2990,41480,290,51-2092,51-2092,Team Assemblers,detailed,1112780,1.1,15.65,32550,0.7,9.71,11.4,14.45,18.53,24.51,20200,23710,30060,38550,50980,,,51-2092.00,3.12,2.12,2.88
51-3011,Bakers,0.89,1780,230,2750,1050,30330,3660,1450,410,290,12340,5060,1420,820,7390,3300,1790,1420,1140,1460,1220,3560,3800,5420,2900,840,2880,800,1050,2110,890,5870,1030,10180,4250,610,6080,1910,2590,9220,690,2060,320,3020,13050,2030,680,3010,5270,900,3810,310,51-3011,51-3011,Bakers,detailed,180450,1.5,13.04,27110,0.4,8.96,10.09,12.06,14.96,18.78,18640,20980,25090,31110,39050,,,51-3011.00,3.0,2.88,2.88
51-3021,Butchers and Meat Cutters,0.93,1620,290,2000,1440,19080,2310,760,310,290,9650,4470,580,1010,7650,2500,3040,900,1570,2110,600,1550,1970,3690,2310,1240,2780,740,990,1370,500,3640,900,5090,4360,500,4960,1680,1870,5400,430,2000,710,2840,9650,1010,200,2840,3630,650,1980,270,51-3021,51-3021,Butchers and Meat Cutters,detailed,133880,1.7,15.26,31740,0.5,9.49,11.15,14.36,18.5,23.06,19750,23200,29870,38470,47960,,,51-3021.00,3.25,2.0,3.0
51-3022,Meat; Poultry; and Fish Cutters and Trimmers,0.94,11390,3240,610,7050,8180,0,150,4270,0,4200,10420,570,0,3060,3760,3980,4080,1230,2750,1030,600,2070,1330,4280,7610,4140,60,9860,310,90,1630,120,2930,8750,0,2170,830,840,2140,270,2930,1910,2490,8040,530,230,4380,3550,0,2470,70,51-3022,51-3022,"Meat, Poultry, and Fish Cutters and Trimmers",detailed,149800,2.2,12.27,25510,0.8,9.24,10.21,11.77,13.97,15.88,19220,21230,24490,29050,33020,,,51-3022.00,2.75,2.12,2.88
51-3023,Slaughterers and Meat Packers,0.6,240,0,480,2160,4590,0,100,410,0,360,3960,100,100,4910,630,5610,4210,0,810,30,580,0,710,5430,2520,890,120,0,0,40,590,40,910,7360,130,2970,1460,420,2350,30,1210,790,1800,0,1280,50,1510,1230,80,3950,0,51-3023,51-3023,Slaughterers and Meat Packers,detailed,80780,5.0,13,27040,0.9,9.62,10.8,12.78,14.75,17.39,20020,22460,26590,30680,36170,,,51-3023.00,3.0,0.88,1.88
51-3091,Food and Tobacco Roasting; Baking; and Drying Machine Operators and Tenders,0.91,280,50,70,150,2240,520,0,0,0,460,610,120,570,490,370,320,0,730,60,80,0,360,590,350,0,810,80,150,120,50,450,0,520,1240,120,810,0,310,550,110,110,150,230,1890,270,180,0,260,0,1310,0,51-3091,51-3091,"Food and Tobacco Roasting, Baking, and Drying Machine Operators and Tenders",detailed,20080,4.0,14.89,30970,1.9,9.24,10.78,13.73,17.99,23.34,19220,22420,28570,37410,48550,,,51-3091.00,3.0,2.12,3.0
51-3092,Food Batchmakers,0.7,1110,180,1490,1800,17180,2180,1090,210,0,4470,3350,590,1250,8640,3070,4040,970,2330,810,630,1660,3110,4200,4580,0,5650,230,1660,1150,350,2910,1110,7840,2400,240,5950,1000,2880,7220,380,3110,470,5100,8590,2930,490,3310,3420,50,10020,90,51-3092,51-3092,Food Batchmakers,detailed,148540,2.2,14.48,30130,0.8,9.29,10.61,13.37,17.51,22.12,19310,22070,27810,36430,46010,,,51-3092.00,2.88,2.0,2.88
51-3093,Food Cooking Machine Operators and Tenders,0.61,0,0,190,940,5120,130,250,50,0,500,0,160,690,1550,1010,760,550,790,220,140,590,330,1040,680,0,1410,0,400,0,0,740,120,2180,680,80,1490,820,870,1600,40,400,150,340,2750,150,50,480,700,0,790,0,51-3093,51-3093,Food Cooking Machine Operators and Tenders,detailed,36520,6.2,14.58,30330,1.6,9.24,10.64,13.63,17.67,22.03,19210,22120,28350,36740,45830,,,51-3093.00,2.5,1.5,2.38
51-4021,Extruding and Drawing Machine Setters; Operators; and Tenders; Metal and Plastic,0.91,2270,0,690,970,3770,720,1430,250,0,1610,2700,0,0,1790,5150,740,550,1930,370,190,470,1340,2800,1700,330,2330,0,240,570,790,1430,140,1250,4320,0,6480,730,780,4940,0,2280,230,1980,5210,460,180,1110,900,330,2740,0,51-4021,51-4021,"Extruding and Drawing Machine Setters, Operators, and Tenders, Metal and Plastic",detailed,71960,2.6,16.99,35340,0.7,10.79,13.02,16.29,20.29,24.16,22440,27080,33870,42190,50260,,,51-4021.00,3.0,1.62,2.88
51-4022,Forging Machine Setters; Operators; and Tenders; Metal and Plastic,0.93,600,0,60,120,1740,160,130,0,0,120,550,0,0,810,1880,230,220,480,0,0,0,690,1380,280,90,350,0,0,0,80,220,0,280,930,0,1010,140,180,1040,0,240,80,1980,1750,0,0,0,0,0,470,0,51-4022,51-4022,"Forging Machine Setters, Operators, and Tenders, Metal and Plastic",detailed,19160,3.6,18.61,38710,2.6,10.93,13.75,17.76,22.8,27.82,22740,28600,36930,47420,57860,,,51-4022.00,3.0,2.0,3.0
51-4023,Rolling Machine Setters; Operators; and Tenders; Metal and Plastic,0.83,700,0,110,0,2250,190,380,70,0,130,640,0,0,690,4290,250,170,1670,250,0,190,510,2690,840,380,290,0,320,0,70,440,0,430,580,0,2680,500,160,1760,30,1460,70,710,950,200,0,480,490,100,510,0,51-4023,51-4023,"Rolling Machine Setters, Operators, and Tenders, Metal and Plastic",detailed,29060,5.0,20.14,41900,1.5,12.52,15.38,19.56,24.27,29.21,26040,31980,40680,50470,60750,,,51-4023.00,3.0,2.12,3.0
51-4031,Cutting; Punching; and Press Machine Setters; Operators; and Tenders; Metal and Plastic,0.78,5680,70,1840,2770,14300,1160,2050,220,0,3830,4120,0,0,9570,11610,2840,1710,7050,700,280,700,2600,18430,8570,1680,3100,170,660,970,500,3970,200,4200,6860,160,17760,2740,1450,8550,630,2800,960,6560,12810,940,200,2240,2240,590,9170,0,51-4031,51-4031,"Cutting, Punching, and Press Machine Setters, Operators, and Tenders, Metal and Plastic",detailed,192800,1.7,16.45,34210,0.7,10.4,12.53,15.56,19.27,24.2,21630,26060,32370,40090,50330,,,51-4031.00,3.0,2.0,3.0
51-4032,Drilling and Boring Machine Tool Setters; Operators; and Tenders; Metal and Plastic,0.94,0,0,0,100,1650,160,260,0,0,210,160,0,0,800,500,140,240,180,200,0,70,240,920,400,70,230,0,70,120,60,210,0,440,280,60,660,380,200,430,60,170,70,240,800,0,0,260,70,0,330,0,51-4032,51-4032,"Drilling and Boring Machine Tool Setters, Operators, and Tenders, Metal and Plastic",detailed,12290,4.2,18.69,38880,1.4,11.27,13.67,17.5,22.52,27.72,23450,28440,36410,46850,57660,,,51-4032.00,3.12,2.0,3.0
51-4033,Grinding; Lapping; Polishing; and Buffing Machine Tool Setters; Operators; and Tenders; Metal and Plastic,0.95,1330,0,1090,530,8500,740,1340,0,0,1840,1140,0,80,3480,4280,930,1080,910,170,290,240,1450,4680,2090,840,1890,140,310,230,730,1090,110,2070,2020,270,6880,830,1670,3830,480,1490,150,1840,3850,530,160,790,1100,190,4810,30,51-4033,51-4033,"Grinding, Lapping, Polishing, and Buffing Machine Tool Setters, Operators, and Tenders, Metal and Plastic",detailed,74600,1.9,16.79,34920,0.7,10.56,12.62,15.81,19.89,24.35,21960,26240,32890,41360,50640,,,51-4033.00,3.12,1.88,2.75
51-4034,Lathe and Turning Machine Tool Setters; Operators; and Tenders; Metal and Plastic,0.84,530,0,210,360,4330,100,1420,0,0,430,740,0,30,2570,1780,250,250,340,190,90,220,880,2710,270,80,610,0,130,130,110,490,0,1400,1110,0,1740,620,150,1790,0,410,0,810,4250,90,50,210,340,80,1250,0,51-4034,51-4034,"Lathe and Turning Machine Tool Setters, Operators, and Tenders, Metal and Plastic",detailed,33850,3.5,19.05,39630,0.7,11.98,14.88,18.5,22.93,27.4,24930,30940,38480,47700,56990,,,51-4034.00,3.12,2.0,2.75
51-4035,Milling and Planing Machine Setters; Operators; and Tenders; Metal and Plastic,0.98,300,0,490,90,2440,190,250,0,0,220,0,0,50,1030,360,220,240,340,50,40,60,570,1150,370,90,450,0,90,60,70,500,0,540,610,0,1380,180,140,1010,30,150,0,490,1620,70,80,290,350,50,300,0,51-4035,51-4035,"Milling and Planing Machine Setters, Operators, and Tenders, Metal and Plastic",detailed,17560,3.8,19.8,41180,1.0,11.72,14.88,19.15,23.77,29.3,24370,30940,39840,49430,60930,,,51-4035.00,3.25,2.0,3.0
51-4041,Machinists,0.65,6410,220,5910,2680,34860,4250,7660,420,140,9680,7310,260,1340,33940,17420,4150,4420,6140,5030,1360,3110,7660,26540,12820,1940,6500,400,4000,620,2170,4490,680,13890,10720,700,27560,5540,3600,19120,1490,10910,960,7580,26450,3400,600,6460,9970,1840,15210,580,51-4041,51-4041,Machinists,detailed,391120,0.9,20.78,43220,0.3,12.45,15.72,20.05,25.09,30.09,25900,32710,41700,52190,62590,,,51-4041.00,3.12,2.88,3.12
51-4051,Metal-Refining Furnace Operators and Tenders,0.88,1200,0,0,230,390,100,50,0,0,300,90,0,0,680,2050,200,0,550,0,0,0,160,1020,240,80,270,0,50,110,50,150,0,530,830,0,1200,260,240,1640,120,430,0,460,580,620,0,190,590,0,640,0,51-4051,51-4051,Metal-Refining Furnace Operators and Tenders,detailed,17730,4.3,20.12,41840,1.5,11.87,15.51,19.73,24.04,28.84,24700,32260,41040,50000,59980,,,51-4051.00,3.25,2.0,3.0
51-4052,Pourers and Casters; Metal,0.87,490,0,0,100,410,60,0,0,0,80,100,0,0,310,510,210,40,360,0,0,0,40,300,260,0,480,0,0,0,0,130,0,340,220,0,600,0,160,1050,0,60,0,70,610,110,0,0,340,40,580,0,51-4052,51-4052,"Pourers and Casters, Metal",detailed,8560,5.3,17.93,37300,1.1,11.33,13.94,17.39,21.53,25.28,23570,28990,36180,44770,52590,,,51-4052.00,3.0,1.88,3.0
51-4061,Model Makers; Metal and Plastic,0.93,0,0,0,0,440,50,100,0,0,130,30,0,0,290,150,90,0,50,0,0,0,130,1190,280,40,50,0,0,0,0,140,0,230,130,0,460,0,0,180,0,400,0,670,200,60,0,30,110,0,200,0,51-4061,51-4061,"Model Makers, Metal and Plastic",detailed,6250,7.5,24.21,50360,2.6,12.3,16.57,23.34,31.18,37.51,25590,34460,48550,64840,78010,,,51-4061.00,3.38,2.88,3.25
51-4062,Patternmakers; Metal and Plastic,0.9,120,0,0,0,280,0,0,0,0,330,40,0,0,170,250,80,60,0,0,0,0,0,300,40,0,0,0,0,0,0,0,0,70,60,0,360,70,190,210,0,0,0,30,210,0,0,0,40,0,260,0,51-4062,51-4062,"Patternmakers, Metal and Plastic",detailed,3420,6.1,21.39,44490,1.8,12.75,16.23,21.25,26.38,30.09,26510,33750,44210,54880,62590,,,51-4062.00,3.0,2.62,3.0
51-4071,Foundry Mold and Coremakers,0.67,130,0,130,60,670,0,120,0,0,110,0,0,0,430,590,400,160,0,0,0,40,170,1160,260,230,220,0,90,0,190,310,0,210,240,0,1870,190,340,530,0,140,0,300,520,200,0,0,180,0,1880,0,51-4071,51-4071,Foundry Mold and Coremakers,detailed,12810,5.0,17.32,36030,0.9,11.5,13.62,16.73,20.35,24.02,23910,28340,34790,42330,49970,,,51-4071.00,3.62,1.38,2.5
51-4072,Molding; Coremaking; and Casting Machine Setters; Operators; and Tenders; Metal and Plastic,0.95,2630,0,1300,2050,8390,1610,1330,0,0,3240,4110,150,220,5200,15510,2530,1320,2920,380,260,560,2010,14120,2690,620,3520,350,790,430,1640,1250,260,3270,7500,90,15910,940,1320,5040,540,2180,480,3250,7360,1790,140,2690,2430,710,8330,60,51-4072,51-4072,"Molding, Coremaking, and Casting Machine Setters, Operators, and Tenders, Metal and Plastic",detailed,145560,1.9,15.7,32660,0.5,10.06,11.74,14.65,18.58,23.34,20930,24420,30480,38640,48550,,,51-4072.00,3.0,2.25,2.62
51-4081,Multiple Machine Tool Setters; Operators; and Tenders; Metal and Plastic,0.91,3370,0,1040,1690,5130,0,3530,0,0,610,1560,0,0,8540,3070,3900,1460,2270,200,190,390,2340,8080,1620,430,2450,0,1060,100,880,1360,70,2630,3770,390,13950,2910,1040,8450,610,2250,210,0,8830,1670,0,1330,770,220,7580,0,51-4081,51-4081,"Multiple Machine Tool Setters, Operators, and Tenders, Metal and Plastic",detailed,117300,1.9,17.4,36190,0.8,10.75,13.13,16.51,20.75,25.52,22360,27320,34340,43150,53090,,,51-4081.00,3.38,2.12,3.12
51-4111,Tool and Die Makers,0.84,760,0,470,480,3360,430,2030,0,0,920,1000,0,40,5260,4280,1050,990,1860,270,60,230,1050,12810,1600,350,1880,0,550,80,330,1020,30,2540,1630,0,7860,430,280,4260,280,1300,160,2640,1920,200,130,610,1260,80,3410,0,51-4111,51-4111,Tool and Die Makers,detailed,72210,1.7,24.81,51610,0.5,15.28,19.62,24.55,29.87,35.69,31790,40810,51060,62130,74230,,,51-4111.00,3.12,2.62,3.12
51-4121,Welders; Cutters; Solderers; and Brazers,0.94,9810,770,5230,4800,27440,4910,2240,420,50,12840,10750,610,2780,13080,14040,8590,5650,7640,15540,1710,2400,3050,12080,9290,6280,8120,1290,4100,1660,880,4090,1800,9170,9050,2200,17280,9580,4120,15820,1530,6630,3020,6830,53790,4670,350,7270,8060,2430,14970,2010,51-4121,51-4121,"Welders, Cutters, Solderers, and Brazers",detailed,382730,0.9,20.41,42450,0.3,12.88,15.67,18.94,23.82,29.85,26800,32590,39390,49550,62100,,,51-4121.00,2.88,2.12,2.38
51-4122,Welding; Soldering; and Brazing Machine Setters; Operators; and Tenders,0.61,1310,0,600,0,3100,300,480,0,0,600,1270,50,160,1790,2650,910,460,1180,630,60,290,920,3120,880,1040,1030,80,320,200,260,820,40,790,1110,510,3020,810,280,4430,70,580,390,3260,2720,120,0,1730,200,0,1130,0,51-4122,51-4122,"Welding, Soldering, and Brazing Machine Setters, Operators, and Tenders",detailed,46920,5.2,18.45,38380,1.0,12.05,14.47,17.78,22.03,26.1,25070,30090,36980,45820,54300,,,51-4122.00,3.12,1.88,3.0
51-4191,Heat Treating Equipment Setters; Operators; and Tenders; Metal and Plastic,0.91,270,0,180,420,1370,80,300,0,0,170,440,0,0,1540,1770,270,190,230,180,0,0,340,1660,380,170,250,0,40,0,130,200,0,740,550,0,1680,230,240,1470,50,450,0,410,1760,150,0,130,170,80,630,0,51-4191,51-4191,"Heat Treating Equipment Setters, Operators, and Tenders, Metal and Plastic",detailed,19780,4.0,18.76,39010,1.0,11.82,14.41,17.88,22.41,27.54,24580,29970,37180,46610,57290,,,51-4191.00,3.12,1.88,3.0
51-4192,Layout Workers; Metal and Plastic,0.84,680,0,130,60,690,30,0,0,0,110,170,0,0,40,250,80,770,50,380,250,0,40,190,140,0,210,0,0,0,0,50,0,110,70,0,150,0,50,250,0,0,0,180,580,60,0,550,590,0,60,0,51-4192,51-4192,"Layout Workers, Metal and Plastic",detailed,9070,4.6,22.94,47720,2.2,14.07,17.49,22.03,27.38,31.73,29260,36390,45820,56940,66010,,,51-4192.00,3.12,2.25,3.12
51-4193,Plating and Coating Machine Setters; Operators; and Tenders; Metal and Plastic,0.92,650,0,450,210,5060,320,800,40,0,810,440,0,110,2250,2010,300,90,380,0,150,130,1110,2120,1390,0,810,0,530,80,90,470,60,1330,860,40,2430,470,480,1750,240,360,0,510,2380,200,40,510,490,210,1570,0,51-4193,51-4193,"Plating and Coating Machine Setters, Operators, and Tenders, Metal and Plastic",detailed,35570,3.2,16.2,33690,0.9,10.39,12.28,15.04,18.93,24.18,21620,25550,31280,39380,50290,,,51-4193.00,3.25,2.25,2.75
51-4194,Tool Grinders; Filers; and Sharpeners,0.88,330,0,110,170,1290,0,140,0,0,0,130,0,100,400,230,70,0,190,120,80,30,190,730,170,80,230,60,40,0,50,0,0,370,310,0,760,260,590,330,0,90,40,140,220,0,80,150,380,30,390,0,51-4194,51-4194,"Tool Grinders, Filers, and Sharpeners",detailed,9550,4.5,18.68,38860,1.4,11.21,13.62,17.62,22.53,27.69,23320,28320,36650,46860,57590,,,51-4194.00,3.62,2.0,2.75
51-5111,Prepress Technicians and Workers,0.97,290,0,350,230,3220,550,380,30,0,1190,760,110,120,1460,940,450,550,450,230,60,770,910,1050,1810,130,1110,70,290,430,100,1410,150,2120,680,60,1760,0,290,1710,130,250,130,610,1950,380,50,730,440,190,1720,0,51-5111,51-5111,Prepress Technicians and Workers,detailed,33340,2.2,19.54,40640,0.7,11.37,14.55,18.72,23.89,29.13,23650,30270,38930,49680,60590,,,51-5111.00,2.75,3.0,3.0
51-5112,Printing Press Operators,0.83,2310,130,2090,1470,15340,2390,1900,300,550,8630,5850,300,560,9360,4490,2170,2730,3080,1460,350,2380,4040,4810,6320,770,5600,280,1720,1230,1000,4560,410,8960,4820,370,8650,1090,1790,9260,630,2230,740,4690,10350,1560,270,4830,2440,510,8010,150,51-5112,51-5112,Printing Press Operators,detailed,169910,1.3,18.01,37460,0.5,10.15,12.91,17.08,22.23,27.7,21120,26860,35530,46250,57610,,,51-5112.00,3.12,2.38,3.12
51-5113,Print Binding and Finishing Workers,0.95,310,60,1170,260,4320,620,680,50,240,1770,1040,0,120,2490,2100,740,1050,1080,330,180,960,1050,1620,3700,130,1950,170,210,450,110,1790,40,1680,870,160,2830,200,650,3980,200,500,130,1000,2730,1070,0,1010,750,110,3880,50,51-5113,51-5113,Print Binding and Finishing Workers,detailed,52730,2.6,16,33270,0.7,9.91,11.76,15.1,19.29,23.71,20610,24460,31410,40110,49320,,,51-5113.00,3.12,2.38,3.0
51-6011,Laundry and Dry-Cleaning Workers,0.71,2930,400,4630,1700,18580,3060,2220,730,400,18970,6590,1710,800,9540,4130,2270,2100,2470,3280,920,4610,5330,6250,3030,1630,4610,710,1290,3770,930,6850,1330,15600,4290,820,6430,2440,1870,7950,970,3190,1020,4480,15060,1750,490,5070,3130,1120,3650,630,51-6011,51-6011,Laundry and Dry-Cleaning Workers,detailed,207710,1.4,11.16,23210,0.4,8.45,9.15,10.34,12.17,15.12,17580,19020,21510,25300,31460,,,51-6011.00,2.88,1.75,2.38
51-6021,Pressers; Textile; Garment; and Related Materials,0.81,740,0,670,380,6960,640,680,40,110,3360,1500,570,120,890,540,210,370,520,380,0,570,1010,670,850,480,510,70,90,570,240,1350,250,2320,1740,0,2180,580,430,1190,280,920,50,740,6140,140,0,1420,840,110,470,50,51-6021,51-6021,"Pressers, Textile, Garment, and Related Materials",detailed,45150,2.9,10.71,22270,0.6,8.34,9.1,10.24,11.88,14.16,17360,18930,21300,24710,29460,,,51-6021.00,3.0,1.25,2.25
51-6031,Sewing Machine Operators,0.89,3040,40,1600,1000,27850,1700,1000,130,40,7430,4770,390,560,3350,3640,860,750,2640,690,690,930,2600,3290,2160,3800,2090,290,380,650,510,3850,190,11530,9470,160,3020,760,1340,4220,280,3210,280,3620,8060,890,170,2420,4320,170,2550,130,51-6031,51-6031,Sewing Machine Operators,detailed,139500,2.1,12.42,25830,0.6,8.9,10,11.38,14.29,17.79,18500,20800,23670,29730,37000,,,51-6031.00,3.25,1.25,2.12
51-6041,Shoe and Leather Workers and Repairers,0.52,50,0,0,0,640,0,0,0,0,330,110,0,80,220,30,0,100,40,0,250,0,0,110,120,0,780,40,0,0,0,150,0,660,270,0,300,0,50,170,0,70,0,180,1470,130,0,180,120,0,280,0,51-6041,51-6041,Shoe and Leather Workers and Repairers,detailed,7780,6.7,12.52,26040,2.0,8.65,9.55,11.51,14.44,17.95,18000,19870,23940,30030,37350,,,51-6041.00,3.12,1.5,2.88
51-6042,Shoe Machine Operators and Tenders,0.97,0,0,0,0,120,0,0,0,0,50,40,0,0,0,0,0,0,0,0,0,0,80,0,0,0,0,0,0,0,0,0,0,0,0,0,0,0,140,0,0,0,0,0,0,0,0,0,0,0,0,0,51-6042,51-6042,Shoe Machine Operators and Tenders,detailed,3500,13.6,12.75,26530,2.2,8.55,9.9,12.57,14.72,17.5,17790,20580,26150,30620,36400,,,51-6042.00,3.0,1.88,2.5
51-6051,Sewers; Hand,0.99,110,0,0,0,1820,0,0,0,0,0,0,0,0,0,130,0,70,0,90,0,0,200,140,50,0,0,0,40,0,0,260,30,990,150,0,50,0,0,80,0,0,0,0,880,0,0,50,30,0,0,0,51-6051,51-6051,"Sewers, Hand",detailed,6540,12.0,12.32,25630,1.8,9.02,10,11.79,13.94,16.57,18760,20800,24520,29000,34460,,,51-6051.00,3.88,2.25,2.12
51-6052,Tailors; Dressmakers; and Custom Sewers,0.84,260,0,200,130,2220,70,340,50,290,740,420,100,80,700,550,250,140,320,300,0,400,410,1210,0,0,240,40,70,260,60,350,0,1650,540,0,0,0,200,530,0,290,0,370,2220,300,0,990,1990,0,400,0,51-6052,51-6052,"Tailors, Dressmakers, and Custom Sewers",detailed,21660,7.8,14.74,30670,1.7,9.22,10.71,13.58,17.58,22.58,19170,22270,28240,36560,46960,,,51-6052.00,3.25,3.0,3.0
51-6061,Textile Bleaching and Dyeing Machine Operators and Tenders,0.97,330,0,0,0,2390,0,0,0,0,110,2140,0,0,180,0,0,40,0,0,60,0,440,0,0,0,0,0,0,0,80,120,0,90,2200,0,0,0,0,260,0,1020,0,50,160,0,0,220,0,0,60,0,51-6061,51-6061,Textile Bleaching and Dyeing Machine Operators and Tenders,detailed,10860,3.8,13.69,28480,1.1,10,10.92,13.11,15.72,18.6,20810,22700,27270,32710,38700,,,51-6061.00,3.12,2.0,2.75
51-6062,Textile Cutting Machine Setters; Operators; and Tenders,0.95,280,0,420,0,2550,50,60,0,0,300,1380,0,0,270,400,30,70,110,100,0,220,310,370,160,690,0,0,40,0,100,510,0,600,960,0,250,0,130,450,190,730,0,390,1270,180,0,340,150,0,260,0,51-6062,51-6062,"Textile Cutting Machine Setters, Operators, and Tenders",detailed,15040,5.2,13.4,27860,1.0,9.16,10.3,12.55,15.33,19.17,19060,21410,26090,31890,39880,,,51-6062.00,3.0,2.0,2.75
51-6063,Textile Knitting and Weaving Machine Setters; Operators; and Tenders,0.73,870,0,0,140,1250,0,0,0,0,220,4750,0,0,0,0,0,0,210,0,250,0,320,30,50,150,0,0,0,0,70,250,0,790,4420,0,170,0,0,830,0,3380,0,460,650,50,0,910,80,0,220,0,51-6063,51-6063,"Textile Knitting and Weaving Machine Setters, Operators, and Tenders",detailed,21550,3.3,13.65,28380,1.0,9.49,10.84,13.21,15.66,18.63,19740,22560,27470,32580,38750,,,51-6063.00,3.12,1.5,2.25
51-6064,Textile Winding; Twisting; and Drawing Out Machine Setters; Operators; and Tenders,0.96,2490,0,0,0,340,0,0,0,0,110,10690,0,0,0,80,0,0,0,0,200,0,330,0,70,0,0,0,0,0,0,140,0,310,7930,0,60,0,0,660,130,3230,0,370,310,0,0,1270,270,0,0,0,51-6064,51-6064,"Textile Winding, Twisting, and Drawing Out Machine Setters, Operators, and Tenders",detailed,30340,3.2,13.51,28110,1.0,9.72,11.25,13.22,15.03,18.21,20230,23400,27500,31260,37880,,,51-6064.00,3.38,2.0,3.0
51-6091,Extruding and Forming Machine Setters; Operators; and Tenders; Synthetic and Glass Fibers,0.88,340,0,0,0,1550,0,40,0,0,380,3120,0,0,880,410,0,310,280,0,90,0,150,0,50,340,30,0,0,0,150,40,0,0,2490,0,720,310,40,240,50,1970,0,660,920,60,0,720,410,250,480,0,51-6091,51-6091,"Extruding and Forming Machine Setters, Operators, and Tenders, Synthetic and Glass Fibers",detailed,19340,5.0,17.03,35420,1.9,10.73,13.15,16.46,20.15,23.95,22310,27340,34240,41910,49810,,,51-6091.00,3.25,2.12,3.0
51-6092,Fabric and Apparel Patternmakers,0.0049,0,0,0,0,1500,80,0,0,0,130,70,0,0,0,60,0,0,0,0,0,40,50,30,0,0,130,0,0,0,0,80,0,1120,290,0,0,0,50,110,0,100,0,0,100,0,0,30,60,0,0,0,51-6092,51-6092,Fabric and Apparel Patternmakers,detailed,5310,8.8,23.3,48460,3.3,11.38,14.78,19.06,31.17,41.81,23670,30740,39650,64840,86960,,,51-6092.00,2.88,3.88,3.38
51-6093,Upholsterers,0.39,200,0,450,440,3560,280,150,140,0,1450,880,0,140,990,1920,260,90,110,50,40,270,350,480,0,3520,850,30,70,280,90,310,60,1520,5540,0,810,280,430,730,70,250,40,910,1920,120,0,880,460,0,320,0,51-6093,51-6093,Upholsterers,detailed,32520,3.5,16.65,34640,1.0,10.03,12.52,15.89,19.55,24.64,20860,26030,33050,40670,51260,,,51-6093.00,3.88,3.0,3.12
51-7011,Cabinetmakers and Bench Carpenters,0.92,2380,90,1810,1420,10810,1950,1040,230,80,4340,2260,170,960,2630,3850,1690,880,960,470,640,950,1640,1680,2600,670,2460,660,710,1010,480,2240,260,3540,3720,520,4240,950,1990,4950,450,1250,790,1640,9500,2250,350,2950,2130,370,2200,170,51-7011,51-7011,Cabinetmakers and Bench Carpenters,detailed,97980,1.8,16.73,34800,0.5,10.23,12.46,15.89,19.88,24.75,21280,25910,33050,41350,51470,,,51-7011.00,3.88,2.88,3.0
51-7021,Furniture Finishers,0.87,180,0,280,230,1490,390,180,0,0,900,220,0,120,550,1520,420,210,240,0,60,240,180,680,440,140,100,0,70,110,0,330,0,870,1140,70,1020,120,100,1410,0,130,0,180,1220,250,160,390,410,50,390,0,51-7021,51-7021,Furniture Finishers,detailed,17370,3.2,15.54,32330,0.9,10,12.01,14.69,18.3,23.02,20810,24970,30550,38070,47890,,,51-7021.00,3.75,2.88,3.12
51-7031,Model Makers; Wood,0.96,0,0,0,0,0,0,0,0,0,0,0,0,0,0,0,0,0,0,0,0,0,0,0,0,0,0,0,0,0,0,0,0,40,100,0,0,0,0,0,0,40,0,100,0,0,0,0,0,0,0,0,51-7031,51-7031,"Model Makers, Wood",detailed,1040,21.7,22.83,47480,4.9,11.5,16.12,19.66,29.33,36.77,23910,33530,40890,61020,76480,,,51-7031.00,3.25,3.0,3.0
51-7032,Patternmakers; Wood,0.91,0,0,0,0,70,0,0,0,0,0,0,0,0,0,0,0,0,0,0,0,0,0,110,0,0,0,0,0,0,0,0,0,0,30,0,0,30,0,50,0,0,0,0,80,0,0,0,0,0,0,0,51-7032,51-7032,"Patternmakers, Wood",detailed,970,18.3,23.01,47850,4.2,13.04,16.95,22.36,29.04,35.07,27120,35260,46510,60410,72950,,,51-7032.00,4.0,2.5,3.12
51-7041,Sawing Machine Setters; Operators; and Tenders; Wood,0.86,2870,50,660,1280,3340,500,140,0,0,1110,2280,0,1210,930,1690,350,170,1670,430,720,180,300,1180,1170,1510,1590,280,70,60,230,210,70,980,2990,0,1120,430,2510,3730,0,1060,370,1590,2100,160,240,2240,1810,820,2040,90,51-7041,51-7041,"Sawing Machine Setters, Operators, and Tenders, Wood",detailed,50640,2.2,14.41,29960,0.6,9.45,10.99,13.65,17.19,20.93,19660,22850,28380,35760,43530,,,51-7041.00,3.0,1.75,2.75
51-7042,Woodworking Machine Setters; Operators; and Tenders; Except Sawing,0.97,2090,0,630,1030,4270,480,320,70,0,2560,2900,60,510,1130,4470,1930,830,1450,300,710,280,590,2640,2010,1780,1140,500,470,140,610,390,200,2210,7330,80,4530,350,2150,4210,190,1280,690,1820,3780,770,500,1930,2300,490,4940,50,51-7042,51-7042,"Woodworking Machine Setters, Operators, and Tenders, Except Sawing",detailed,76130,2.3,14.35,29850,0.5,9.69,11.19,13.71,17,20.3,20160,23280,28510,35350,42220,,,51-7042.00,3.25,2.0,2.88
51-8011,Nuclear Power Reactor Operators,0.95,0,0,0,0,0,0,0,0,0,0,0,0,360,340,0,0,0,0,420,0,0,0,0,0,0,0,0,0,0,0,0,0,0,400,0,0,0,0,400,0,660,0,520,0,0,0,0,0,0,0,0,51-8011,51-8011,Nuclear Power Reactor Operators,detailed,7170,4.8,43.93,91370,1.1,31.9,37.81,43.83,50.24,58.45,66350,78640,91170,104490,121570,,,51-8011.00,2.0,3.0,4.0
51-8012,Power Distributors and Dispatchers,0.64,440,60,180,260,1080,180,200,90,0,340,320,40,110,590,210,120,70,150,0,0,120,170,280,200,190,200,90,180,0,60,260,140,270,180,0,820,150,290,560,0,0,0,120,860,140,0,470,380,350,90,70,51-8012,51-8012,Power Distributors and Dispatchers,detailed,11380,3.0,39.18,81500,0.7,25.43,32.49,39.37,46.57,53.05,52900,67580,81900,96870,110340,,,51-8012.00,1.75,2.75,3.75
51-8013,Power Plant Operators,0.85,820,560,0,290,3200,700,240,0,0,1680,870,240,230,1170,810,550,560,560,480,190,360,720,1960,700,510,1000,220,360,600,170,690,200,1940,880,350,1180,450,360,1670,50,380,40,520,2950,370,110,570,420,590,700,350,51-8013,51-8013,Power Plant Operators,detailed,35010,2.5,35.48,73800,0.7,21.28,28.63,35.91,42.98,48.84,44270,59550,74690,89390,101590,,,51-8013.00,3.0,2.75,3.75
51-8013,Power Plant Operators,0.85,820,560,0,290,3200,700,240,0,0,1680,870,240,230,1170,810,550,560,560,480,190,360,720,1960,700,510,1000,220,360,600,170,690,200,1940,880,350,1180,450,360,1670,50,380,40,520,2950,370,110,570,420,590,700,350,51-8013,51-8013,Power Plant Operators,detailed,35010,2.5,35.48,73800,0.7,21.28,28.63,35.91,42.98,48.84,44270,59550,74690,89390,101590,,,51-8013.03,3.12,2.12,3.12
51-8013,Power Plant Operators,0.85,820,560,0,290,3200,700,240,0,0,1680,870,240,230,1170,810,550,560,560,480,190,360,720,1960,700,510,1000,220,360,600,170,690,200,1940,880,350,1180,450,360,1670,50,380,40,520,2950,370,110,570,420,590,700,350,51-8013,51-8013,Power Plant Operators,detailed,35010,2.5,35.48,73800,0.7,21.28,28.63,35.91,42.98,48.84,44270,59550,74690,89390,101590,,,51-8013.04,3.0,2.88,3.12
51-8021,Stationary Engineers and Boiler Operators,0.89,320,110,330,280,3790,710,230,40,750,450,590,70,150,3180,550,300,90,390,280,320,790,900,820,1140,290,470,190,500,60,120,1770,100,4030,470,190,1040,290,460,2040,100,190,120,660,1770,150,60,720,650,150,460,80,51-8021,51-8021,Stationary Engineers and Boiler Operators,detailed,33720,1.7,29.52,61410,1.0,16.9,22.34,28.56,35.84,44.85,35150,46470,59400,74550,93300,,,51-8021.00,3.12,2.25,3.12
51-8031,Water and Wastewater Treatment Plant and System Operators,0.61,1910,680,2010,1950,11280,2210,1100,420,0,5800,3090,360,920,3900,2740,2030,1380,2410,2440,720,1670,1750,2380,2300,960,2660,490,870,580,370,2600,950,4530,3600,420,4770,1990,1180,5500,320,3200,880,2760,10030,1480,350,3110,2450,1240,2480,410,51-8031,51-8031,Water and Wastewater Treatment Plant and System Operators,detailed,115840,1.1,23.04,47930,0.5,13.25,16.96,22,28.09,35.15,27550,35270,45760,58420,73120,,,51-8031.00,3.0,2.38,3.0
51-8091,Chemical Plant and System Operators,0.85,900,0,370,250,1090,110,0,90,0,640,1340,0,260,1130,780,870,140,460,4550,0,370,350,840,420,730,840,0,0,0,0,610,0,740,730,150,2620,0,160,1060,0,1070,60,580,5090,0,0,0,640,430,0,290,51-8091,51-8091,Chemical Plant and System Operators,detailed,33300,4.2,28.57,59430,1.1,16.85,22.17,28.81,35.2,39.41,35050,46110,59920,73210,81970,,,51-8091.00,3.0,2.0,3.5
51-8092,Gas Plant Operators,0.78,270,120,0,0,1470,460,0,50,0,110,60,0,0,970,200,150,330,300,770,0,360,0,960,220,0,220,100,150,0,0,0,260,260,150,770,440,800,100,1050,0,270,0,200,2780,130,0,360,70,330,70,590,51-8092,51-8092,Gas Plant Operators,detailed,17350,4.1,32.68,67980,0.9,21.32,26.69,32.49,38.43,45.69,44340,55510,67580,79940,95030,,,51-8092.00,2.88,2.75,3.25
51-8093,Petroleum Pump System Operators; Refinery Operators; and Gaugers,0.71,360,490,0,690,4700,490,0,0,0,230,320,370,0,850,0,70,1030,0,6080,0,220,0,450,490,0,280,510,0,80,0,330,990,230,130,680,1430,1810,80,1430,50,70,0,210,10570,800,0,120,1090,180,70,870,51-8093,51-8093,"Petroleum Pump System Operators, Refinery Operators, and Gaugers",detailed,41630,3.8,32.63,67870,1.0,20.17,25.69,32.4,38.88,46.19,41960,53430,67400,80860,96070,,,51-8093.00,3.0,2.38,3.5
51-8099,Plant and System Operators; All Other,0.86,70,140,600,90,980,0,0,0,0,610,260,120,50,200,150,330,0,280,1340,100,290,180,190,260,0,70,120,40,60,60,330,150,100,60,90,470,170,280,240,0,110,30,420,800,70,0,120,280,0,200,240,51-8099,51-8099,"Plant and System Operators, All Other",detailed,11970,3.6,26.61,55340,1.0,15.37,20.07,26.41,31.87,37.8,31970,41740,54930,66290,78630,,,51-8099.01,3.25,2.75,3.12
51-9011,Chemical Equipment Operators and Tenders,0.76,2650,0,320,1270,2350,800,580,650,0,1620,1710,0,370,1700,1430,590,620,1930,1380,70,870,1050,2480,450,600,2090,0,560,100,310,3240,90,1930,3500,0,5590,950,150,4540,90,2170,370,2730,14760,670,0,1240,730,1170,1290,80,51-9011,51-9011,Chemical Equipment Operators and Tenders,detailed,73840,2.7,24.18,50300,1.4,13.39,17.04,22.97,29.98,37.33,27840,35450,47780,62360,77640,,,51-9011.00,3.0,2.0,3.0
51-9012,Separating; Filtering; Clarifying; Precipitating; and Still Machine Setters; Operators; and Tenders,0.88,260,210,580,640,8850,1660,350,60,0,1380,1140,70,520,610,690,770,200,600,320,310,480,1030,1440,740,400,1260,230,390,590,260,1050,340,1800,2650,230,1870,160,1080,2420,60,400,200,690,2490,0,110,0,1230,50,2010,310,51-9012,51-9012,"Separating, Filtering, Clarifying, Precipitating, and Still Machine Setters, Operators, and Tenders",detailed,47160,2.8,19.93,41450,1.2,11.43,14.3,18.44,24.13,30.3,23780,29750,38360,50200,63020,,,51-9012.00,3.0,2.12,3.0
51-9021,Crushing; Grinding; and Polishing Machine Setters; Operators; and Tenders,0.97,920,0,510,400,2900,630,470,40,0,1000,760,0,120,0,1080,1030,330,870,530,120,340,610,570,910,180,440,230,300,470,210,850,100,990,620,210,1180,500,680,1350,0,290,190,580,2420,270,190,680,420,160,1060,140,51-9021,51-9021,"Crushing, Grinding, and Polishing Machine Setters, Operators, and Tenders",detailed,29830,3.0,17.33,36050,0.7,10.61,12.84,16.53,21.06,25.03,22060,26700,34390,43800,52060,,,51-9021.00,3.12,1.75,3.0
51-9022,Grinding and Polishing Workers; Hand,0.97,1020,0,170,320,4750,150,420,0,0,570,550,70,120,810,1190,190,300,380,220,80,120,600,1690,580,290,0,0,80,120,210,750,90,1400,1140,0,850,360,460,970,150,260,70,300,1610,230,130,460,450,80,710,0,51-9022,51-9022,"Grinding and Polishing Workers, Hand",detailed,26670,3.2,14.84,30860,0.8,9.97,11.22,13.81,17.51,21.85,20730,23340,28720,36430,45440,,,51-9022.00,3.38,2.0,2.62
51-9023,Mixing and Blending Machine Setters; Operators; and Tenders,0.83,2370,70,1430,1900,14650,850,950,0,0,5100,5000,70,390,6140,4740,2830,1810,2130,1670,330,1070,2350,4620,1800,950,2930,220,1410,530,320,4560,280,6900,5670,250,7640,1110,1130,6030,390,2170,250,3080,9340,2300,270,1930,1450,1130,5460,210,51-9023,51-9023,"Mixing and Blending Machine Setters, Operators, and Tenders",detailed,130480,1.9,18.09,37630,0.5,10.86,13.46,17.16,21.9,26.91,22590,28000,35680,45540,55960,,,51-9023.00,3.0,2.0,2.88
51-9031,Cutters and Trimmers; Hand,0.64,400,0,0,0,2770,110,60,0,0,190,540,50,30,490,390,60,190,70,50,30,90,210,230,370,340,140,0,120,0,0,360,0,850,1040,0,300,120,260,180,0,150,70,410,730,470,80,130,0,50,590,0,51-9031,51-9031,"Cutters and Trimmers, Hand",detailed,14250,6.5,14.22,29580,1.3,9.65,10.73,13.27,16.76,20.41,20060,22320,27600,34850,42450,,,51-9031.00,3.12,1.75,2.12
51-9032,Cutting and Slicing Machine Setters; Operators; and Tenders,0.86,1200,0,470,1370,4820,620,790,190,0,1630,2730,100,200,2520,1810,1090,570,950,510,400,300,1170,1970,2410,460,900,80,610,350,270,1980,120,2340,3390,100,3740,1140,690,2350,210,1220,600,1740,3970,540,300,0,1740,0,3190,0,51-9032,51-9032,"Cutting and Slicing Machine Setters, Operators, and Tenders",detailed,61330,2.4,16.35,34000,0.6,10.41,12.67,15.8,19.43,23.48,21640,26340,32870,40410,48840,,,51-9032.00,3.12,2.0,2.75
51-9041,Extruding; Forming; Pressing; and Compacting Machine Setters; Operators; and Tenders,0.93,2540,0,680,960,4720,700,350,110,0,1860,2340,110,80,1610,2940,720,1060,1350,710,360,360,1500,2280,1360,510,1460,80,1360,310,580,3190,70,2800,3140,0,6880,0,1020,2620,130,1680,560,2590,5710,520,210,2040,980,290,1690,0,51-9041,51-9041,"Extruding, Forming, Pressing, and Compacting Machine Setters, Operators, and Tenders",detailed,71260,2.8,16.52,34370,0.7,10.37,12.49,15.63,19.89,24.2,21580,25980,32510,41360,50330,,,51-9041.00,3.12,2.0,2.75
51-9051,Furnace; Kiln; Oven; Drier; and Kettle Operators and Tenders,0.37,700,0,110,410,760,220,100,0,0,660,570,0,130,830,1020,230,310,540,180,100,90,280,620,560,380,440,120,110,50,50,240,0,430,1910,30,1280,310,480,560,0,510,50,950,920,220,0,660,340,310,640,40,51-9051,51-9051,"Furnace, Kiln, Oven, Drier, and Kettle Operators and Tenders",detailed,19520,3.5,18.08,37600,1.1,10.96,13.61,17.33,21.88,26.94,22790,28310,36040,45510,56040,,,51-9051.00,2.88,1.12,3.0
51-9061,Inspectors; Testers; Sorters; Samplers; and Weighers,0.98,10690,610,7350,5970,54840,4810,8140,940,70,13940,16070,570,1630,23710,19220,6290,5990,11700,9350,1300,4440,8930,26900,9240,4310,9340,470,4540,2550,3430,11210,1480,21300,19310,1280,31040,4990,5460,20500,1270,11850,730,13840,51360,5920,890,9120,11860,2620,14770,810,51-9061,51-9061,"Inspectors, Testers, Sorters, Samplers, and Weighers",detailed,518950,0.7,19.4,40340,0.4,10.52,13.35,17.68,23.68,30.57,21880,27760,36780,49250,63590,,,51-9061.00,3.0,2.0,3.25
51-9071,Jewelers and Precious Stone and Metal Workers,0.95,330,0,440,160,3070,410,0,0,0,1070,430,230,50,820,340,190,170,140,570,120,370,480,560,230,60,240,60,140,130,90,820,470,5800,420,80,810,180,230,720,650,270,110,120,2970,350,200,0,320,60,340,0,51-9071,51-9071,Jewelers and Precious Stone and Metal Workers,detailed,26480,4.7,20.34,42310,2.0,10.61,13.41,18.37,24.23,31.78,22060,27900,38200,50410,66110,,,51-9071.00,3.0,3.25,3.5
51-9071,Jewelers and Precious Stone and Metal Workers,0.95,330,0,440,160,3070,410,0,0,0,1070,430,230,50,820,340,190,170,140,570,120,370,480,560,230,60,240,60,140,130,90,820,470,5800,420,80,810,180,230,720,650,270,110,120,2970,350,200,0,320,60,340,0,51-9071,51-9071,Jewelers and Precious Stone and Metal Workers,detailed,26480,4.7,20.34,42310,2.0,10.61,13.41,18.37,24.23,31.78,22060,27900,38200,50410,66110,,,51-9071.06,3.12,2.62,3.12
51-9081,Dental Laboratory Technicians,0.97,890,60,1170,480,4660,630,570,0,50,3020,1300,120,360,1150,860,510,540,330,600,80,360,880,1300,720,210,770,160,270,270,120,710,90,2150,1160,100,970,300,570,1310,110,400,130,480,2260,800,170,950,910,140,710,0,51-9081,51-9081,Dental Laboratory Technicians,detailed,37110,2.8,19.59,40760,0.9,10.84,13.83,18.12,23.78,29.79,22540,28760,37680,49460,61970,,,51-9081.00,3.12,2.75,3.38
51-9082,Medical Appliance Technicians,0.45,110,0,170,80,2030,130,280,60,0,850,250,0,0,490,450,160,80,0,40,0,590,460,140,680,90,210,0,0,90,0,740,40,740,290,0,680,60,130,730,0,100,0,1750,500,320,0,310,120,80,210,0,51-9082,51-9082,Medical Appliance Technicians,detailed,14570,4.2,19.18,39880,1.4,11.09,13.61,17.3,22.55,30.15,23070,28310,35980,46910,62720,,,51-9082.00,3.25,2.88,3.75
51-9083,Ophthalmic Laboratory Technicians,0.97,90,0,140,340,2200,700,340,0,0,3030,580,0,0,1960,380,280,280,160,440,40,670,340,1070,1520,250,0,150,110,130,170,320,130,3180,390,0,950,350,390,1130,170,260,70,660,2610,270,50,630,360,60,510,0,51-9083,51-9083,Ophthalmic Laboratory Technicians,detailed,28570,4.3,16.45,34220,1.9,10.09,12.08,14.73,18.68,24.92,20990,25130,30640,38850,51830,,,51-9083.00,3.38,1.88,2.88
51-9111,Packaging and Filling Machine Operators and Tenders,0.98,3510,460,3160,4020,50440,5530,2730,730,0,15330,16090,720,2550,20000,9080,6230,6160,8880,1910,1960,4580,8470,14700,10200,3060,7400,660,4080,1230,1180,14520,1110,15110,16190,760,17460,2840,5230,18800,700,6500,850,9630,22220,4590,1500,6560,7450,2400,16790,250,51-9111,51-9111,Packaging and Filling Machine Operators and Tenders,detailed,386520,1.3,14.86,30910,0.5,9.48,10.84,13.6,17.77,22.9,19720,22540,28290,36970,47620,,,51-9111.00,3.5,2.25,2.25
51-9123,Painting; Coating; and Decorating Workers,0.92,680,0,160,140,1640,300,170,0,0,530,230,0,70,220,590,280,170,560,120,60,200,330,800,490,280,810,0,0,130,0,730,60,690,460,0,0,160,0,560,50,390,70,200,1270,80,0,210,350,110,100,0,51-9123,51-9123,"Painting, Coating, and Decorating Workers",detailed,15450,4.7,15.4,32040,1.0,9.62,11.34,14.44,18.23,22.87,20010,23600,30030,37930,47560,,,51-9123.00,2.88,2.0,2.62
51-9141,Semiconductor Processors,0.88,0,0,0,0,4120,1270,0,0,0,240,110,0,0,0,0,0,0,0,0,0,0,590,0,80,0,330,0,0,0,60,400,320,420,0,0,680,0,0,440,0,0,0,0,4700,50,0,0,1180,0,0,0,51-9141,51-9141,Semiconductor Processors,detailed,24430,8.8,18.22,37890,1.2,12.42,14.22,17.15,21.08,25.74,25840,29580,35660,43840,53540,,,51-9141.00,3.13,2.13,2.88
51-9151,Photographic Process Workers and Processing Machine Operators,0.99,260,120,330,0,3520,260,260,70,70,1960,840,200,120,820,420,290,160,240,220,0,400,470,630,450,120,800,90,110,180,120,810,130,1660,770,90,950,440,240,1260,160,270,80,1930,1150,320,0,1330,390,80,570,40,51-9151,51-9151,Photographic Process Workers and Processing Machine Operators,detailed,26430,3.8,15.26,31740,1.7,9.52,10.63,12.73,17.29,23.09,19790,22100,26470,35970,48030,,,51-9151.00,2.75,2.75,3.12
51-9191,Adhesive Bonding Machine Operators and Tenders,0.95,250,0,0,370,1210,110,70,50,0,170,760,0,0,430,760,90,250,1040,370,270,100,770,290,280,350,280,0,40,0,100,240,0,350,1040,0,900,0,600,780,0,120,0,420,940,0,0,1320,670,110,290,0,51-9191,51-9191,Adhesive Bonding Machine Operators and Tenders,detailed,16940,4.3,16.64,34610,1.4,10.23,12.26,15.53,19.67,24.48,21280,25510,32290,40910,50910,,,51-9191.00,3.0,1.75,2.75
51-9192,Cleaning; Washing; and Metal Pickling Equipment Operators and Tenders,0.81,330,0,180,310,2980,100,190,160,0,580,350,40,90,540,1120,230,200,170,90,0,170,350,880,210,80,340,0,0,0,160,450,0,400,320,0,1070,410,200,970,0,420,80,680,0,190,0,270,780,90,150,0,51-9192,51-9192,"Cleaning, Washing, and Metal Pickling Equipment Operators and Tenders",detailed,17860,4.4,14.71,30590,0.9,9.96,11.11,13.73,17.46,21.72,20710,23110,28550,36320,45190,,,51-9192.00,2.88,1.5,2.12
51-9193,Cooling and Freezing Equipment Operators and Tenders,0.93,200,0,50,670,540,50,0,0,0,230,330,0,0,380,110,410,60,130,0,0,50,70,0,250,480,590,0,130,0,90,210,0,160,220,0,220,80,80,520,0,50,0,50,790,0,120,120,90,0,80,0,51-9193,51-9193,Cooling and Freezing Equipment Operators and Tenders,detailed,8170,5.0,15.43,32100,1.6,9.7,11.41,14.04,18.43,24.14,20170,23730,29190,38330,50210,,,51-9193.00,3.12,2.38,3.25
51-9194,Etchers and Engravers,0.98,50,0,190,0,880,140,140,30,0,270,370,0,0,470,250,90,0,190,60,0,60,390,350,590,120,280,0,70,100,100,190,0,290,120,30,520,50,310,270,70,0,60,70,1040,120,0,250,0,50,380,50,51-9194,51-9194,Etchers and Engravers,detailed,9520,5.5,16.54,34390,2.2,10.01,11.97,14.96,19.24,24.65,20820,24900,31110,40020,51270,,,51-9194.00,3.38,2.5,3.12
51-9195,Molders; Shapers; and Casters; Except Metal and Plastic,0.9,490,40,230,370,4940,500,140,80,0,2370,840,100,130,1610,1030,640,700,540,170,140,450,1270,1520,650,410,1000,130,200,370,320,940,70,1180,820,40,2370,1100,420,2150,60,610,0,1000,3180,840,0,950,590,230,1380,0,51-9195,51-9195,"Molders, Shapers, and Casters, Except Metal and Plastic",detailed,39450,2.7,15.67,32590,0.8,10.01,11.77,14.72,18.42,22.94,20810,24480,30610,38300,47720,,,51-9195.00,2.88,2.0,2.62
51-9195,Molders; Shapers; and Casters; Except Metal and Plastic,0.9,490,40,230,370,4940,500,140,80,0,2370,840,100,130,1610,1030,640,700,540,170,140,450,1270,1520,650,410,1000,130,200,370,320,940,70,1180,820,40,2370,1100,420,2150,60,610,0,1000,3180,840,0,950,590,230,1380,0,51-9195,51-9195,"Molders, Shapers, and Casters, Except Metal and Plastic",detailed,39450,2.7,15.67,32590,0.8,10.01,11.77,14.72,18.42,22.94,20810,24480,30610,38300,47720,,,51-9195.03,3.62,2.75,2.88
51-9195,Molders; Shapers; and Casters; Except Metal and Plastic,0.9,490,40,230,370,4940,500,140,80,0,2370,840,100,130,1610,1030,640,700,540,170,140,450,1270,1520,650,410,1000,130,200,370,320,940,70,1180,820,40,2370,1100,420,2150,60,610,0,1000,3180,840,0,950,590,230,1380,0,51-9195,51-9195,"Molders, Shapers, and Casters, Except Metal and Plastic",detailed,39450,2.7,15.67,32590,0.8,10.01,11.77,14.72,18.42,22.94,20810,24480,30610,38300,47720,,,51-9195.04,3.62,3.0,3.0
51-9195,Molders; Shapers; and Casters; Except Metal and Plastic,0.9,490,40,230,370,4940,500,140,80,0,2370,840,100,130,1610,1030,640,700,540,170,140,450,1270,1520,650,410,1000,130,200,370,320,940,70,1180,820,40,2370,1100,420,2150,60,610,0,1000,3180,840,0,950,590,230,1380,0,51-9195,51-9195,"Molders, Shapers, and Casters, Except Metal and Plastic",detailed,39450,2.7,15.67,32590,0.8,10.01,11.77,14.72,18.42,22.94,20810,24480,30610,38300,47720,,,51-9195.05,3.88,3.5,3.12
51-9196,Paper Goods Machine Setters; Operators; and Tenders,0.67,2360,0,490,1620,5920,420,750,160,0,2680,4410,0,360,3310,2380,920,510,2350,640,0,830,1080,3370,1890,650,2700,0,410,380,200,3190,0,4770,4910,0,4110,1690,1020,6600,170,3940,160,2020,5510,410,330,2490,1730,120,8660,0,51-9196,51-9196,"Paper Goods Machine Setters, Operators, and Tenders",detailed,93100,2.2,18.54,38570,1.1,10.67,13.58,17.79,22.85,28.23,22200,28240,36990,47520,58720,,,51-9196.00,3.0,2.12,2.88
51-9197,Tire Builders,0.94,2250,0,0,580,210,0,0,0,0,170,1600,0,0,0,0,860,0,220,0,70,0,0,70,0,0,250,0,0,0,0,0,0,0,2150,0,1150,0,0,460,0,3750,30,480,330,0,0,0,0,0,70,0,51-9197,51-9197,Tire Builders,detailed,22280,7.6,20.3,42230,2.3,12.24,14.75,20.04,26.12,29.18,25460,30690,41680,54340,60690,,,51-9197.00,3.5,2.0,2.5
51-9198,HelpersProduction Workers,0.66,17170,290,3650,9550,45560,5120,2880,340,0,8320,15600,720,1620,15520,17760,6580,5560,8190,6030,2020,3600,8210,20130,11000,6200,9800,400,3420,1280,2020,5950,1260,10330,18610,450,18450,5020,3850,20920,2780,6710,30,21500,44700,4270,550,6210,6570,1690,10960,540,51-9198,51-9198,Helpers--Production Workers,detailed,429890,1.7,12.95,26930,0.4,8.9,10.01,11.94,14.96,18.63,18510,20820,24830,31120,38750,,,51-9198.00,3.12,1.88,2.0
53-2011,Airline Pilots; Copilots; and Flight Engineers,0.18,310,2030,2910,0,8290,2980,0,0,0,4640,6750,1030,0,7350,710,50,0,0,110,30,0,0,0,2980,200,0,80,0,0,40,0,70,5830,2580,0,1140,0,650,0,0,70,0,210,10590,0,0,2880,2120,80,60,80,53-2011,53-2011,"Airline Pilots, Copilots, and Flight Engineers",detailed,81520,4.8,*,152770,3.8,*,*,*,*,*,65000,87930,127820,195550,#,True,,53-2011.00,3.25,3.0,4.12
53-2012,Commercial Pilots,0.55,930,550,1120,0,3860,680,350,270,0,4490,890,300,140,850,530,220,520,300,750,70,420,390,1160,540,480,540,360,420,570,200,450,270,1280,820,270,2110,390,590,930,40,300,360,410,5170,330,90,550,1180,100,430,130,53-2012,53-2012,Commercial Pilots,detailed,38980,3.2,*,86260,1.4,*,*,*,*,*,39430,55900,77200,105620,147240,True,,53-2012.00,3.12,3.0,4.0
53-2021,Air Traffic Controllers,0.11,250,0,430,100,2270,0,60,0,0,1780,900,250,90,1350,640,140,450,210,290,0,100,0,370,590,140,240,90,70,220,440,220,340,1100,600,100,740,550,0,400,50,180,0,600,2060,0,30,1060,600,90,140,0,53-2021,53-2021,Air Traffic Controllers,detailed,23240,1.7,56.83,118200,0.7,31.92,40.73,58.85,71.74,83.02,66390,84730,122410,149230,172680,,,53-2021.00,2.0,3.5,4.12
53-2022,Airfield Operations Specialists,0.71,70,100,260,0,730,110,0,0,0,570,510,0,0,120,100,50,90,70,0,0,40,150,280,160,0,210,40,0,60,0,350,0,390,300,0,280,40,60,410,0,130,0,0,920,170,50,0,220,0,120,0,53-2022,53-2022,Airfield Operations Specialists,detailed,8760,5.1,25.19,52380,2.2,11.39,16.46,23.51,30.59,43.44,23690,34240,48910,63640,90350,,,53-2022.00,2.25,3.0,3.88
53-2031,Flight Attendants,0.35,0,0,0,0,14030,3220,120,0,0,9020,0,0,0,11560,660,0,0,0,0,0,0,2260,0,3780,0,0,0,0,0,0,0,0,9320,3670,0,790,0,810,0,0,0,0,0,15490,0,0,4070,3530,0,0,0,53-2031,53-2031,Flight Attendants,detailed,113390,5.6,*,51620,2.5,*,*,*,*,*,26570,39860,48500,62490,78650,True,,53-2031.00,2.75,2.12,3.62
53-3011,Ambulance Drivers and Attendants; Except Emergency Medical Technicians,0.25,480,0,280,50,1490,170,100,60,0,160,890,0,90,730,150,280,0,60,210,270,180,640,400,0,150,50,60,100,0,0,770,170,1930,250,390,940,150,70,2290,70,870,0,150,800,110,0,290,290,240,200,0,53-3011,53-3011,"Ambulance Drivers and Attendants, Except Emergency Medical Technicians",detailed,17300,5.4,12.31,25600,1.1,8.83,9.96,11.46,13.9,17.29,18360,20720,23850,28910,35960,,,53-3011.00,2.88,2.0,3.38
53-3031,Driver/Sales Workers,0.98,5770,660,8600,2950,40240,6540,3270,1590,450,25980,14440,1720,2560,13170,11550,4070,4490,5490,3350,2410,7370,9610,13140,8770,3740,10640,1730,3610,4170,2280,7360,2560,22070,15750,1850,22220,4740,6420,17270,1430,7510,1110,9060,48570,3070,670,10750,7780,2320,7840,1590,53-3031,53-3031,Driver/Sales Workers,detailed,426310,1.8,13.67,28440,0.7,8.41,9.1,10.98,16.99,23.27,17500,18930,22830,35330,48400,,,53-3031.00,2.88,2.0,3.38
53-3032,Heavy and Tractor-Trailer Truck Drivers,0.79,31890,2740,23310,33210,130640,23380,13900,3910,500,77660,56120,3510,11940,66550,52640,37620,19810,27040,22610,8410,23470,24840,53040,34580,22460,42400,6530,26910,10680,6420,42990,9910,57330,54400,12210,70740,23250,21670,78320,3180,26520,7770,58120,175780,22350,3540,40450,31090,10850,49140,6210,53-3032,53-3032,Heavy and Tractor-Trailer Truck Drivers,detailed,1704520,0.6,20.96,43590,0.2,12.94,16.09,19.87,24.89,30.36,26920,33470,41340,51760,63140,,,53-3032.00,3.0,1.75,2.88
53-3033,Light Truck or Delivery Services Drivers,0.69,11600,1760,14620,6330,99890,16950,10530,2300,1690,50660,26120,4680,3200,45750,17110,9280,8340,12460,14480,4450,21780,22200,27620,14750,7130,15380,3350,4770,7310,4520,26810,4620,43860,25120,2720,35060,8880,9120,34600,3750,13390,2590,18810,65930,8380,2130,21150,18110,4830,16350,1510,53-3033,53-3033,Light Truck or Delivery Services Drivers,detailed,858710,0.7,16.73,34790,0.3,9.23,11.01,14.7,19.89,29.15,19200,22890,30580,41370,60630,,,53-3033.00,2.88,1.88,2.75
53-4011,Locomotive Engineers,0.96,800,0,0,650,0,0,0,60,0,890,1290,0,0,2870,2070,700,0,710,670,0,0,0,410,1000,0,1420,0,1010,0,0,800,580,1650,510,0,0,0,450,1930,0,580,170,780,5350,0,0,0,0,0,890,0,53-4011,53-4011,Locomotive Engineers,detailed,39900,7.9,29.34,61020,1.8,20.06,23.38,27.73,32.79,41.01,41720,48640,57670,68200,85290,,,53-4011.00,3.0,2.0,3.0
53-4013,Rail Yard Engineers; Dinkey Operators; and Hostlers,0.91,150,0,0,0,790,80,0,0,0,0,0,0,0,50,0,80,0,0,0,0,0,0,160,30,0,0,0,0,0,0,0,0,50,0,0,240,0,0,310,0,0,0,0,600,0,0,0,0,0,0,0,53-4013,53-4013,"Rail Yard Engineers, Dinkey Operators, and Hostlers",detailed,4530,9.5,25.15,52320,4.4,12.39,17.97,24.27,29.77,42.2,25780,37380,50470,61910,87770,,,53-4013.00,3.0,2.0,3.0
53-4031,Railroad Conductors and Yardmasters,0.83,1030,0,0,580,1630,0,0,0,0,850,1260,0,0,2390,1490,570,0,0,580,0,0,0,480,620,470,890,0,910,0,30,0,0,6070,290,570,0,550,400,2350,0,420,170,640,4550,0,0,1020,0,0,680,660,53-4031,53-4031,Railroad Conductors and Yardmasters,detailed,42880,6.6,27.99,58220,1.4,18.84,22.69,27.64,32.67,38.28,39180,47190,57480,67950,79620,,,53-4031.00,2.62,2.75,3.62
53-4041,Subway and Streetcar Operators,0.86,0,0,0,0,3870,140,0,0,0,0,0,0,0,370,0,0,0,0,0,0,1140,0,0,0,0,0,0,0,0,0,0,0,3630,0,0,0,0,0,90,0,0,0,0,160,0,0,0,0,0,0,0,53-4041,53-4041,Subway and Streetcar Operators,detailed,12350,5.1,29.99,62380,4.1,20.61,24.87,31.09,36.12,38.9,42870,51730,64680,75130,80910,,,53-4041.00,3.0,1.88,3.25
53-5011,Sailors and Marine Oilers,0.83,340,810,0,0,0,0,80,50,30,2820,100,580,0,670,760,70,0,1030,6590,200,510,390,220,0,190,110,0,0,0,0,640,0,1620,250,0,290,0,220,420,100,90,0,1030,2660,0,0,2270,3210,0,70,0,53-5011,53-5011,Sailors and Marine Oilers,detailed,32530,6.6,22.2,46170,3.2,11.03,14.47,20.22,26.37,34.66,22940,30100,42060,54860,72100,,,53-5011.00,3.25,2.0,3.0
53-5021,Captains; Mates; and Pilots of Water Vessels,0.27,220,600,0,0,0,0,200,80,0,4020,310,1300,0,990,320,70,0,1500,7700,170,580,380,220,70,850,0,0,0,0,50,630,0,1770,270,0,330,0,260,420,150,430,0,750,3080,0,0,2220,2160,0,160,0,53-5021,53-5021,"Captains, Mates, and Pilots of Water Vessels",detailed,36720,6.6,39.19,81520,2.0,16.81,23.91,34.94,49.34,64.61,34950,49740,72680,102630,134390,,,53-5021.00,3.12,2.62,3.25
53-5022,Motorboat Operators,0.62,0,0,0,0,110,0,0,0,0,1040,0,0,0,0,0,0,0,0,0,0,30,0,0,0,0,0,0,0,0,0,0,0,0,0,0,0,0,0,0,0,710,0,40,80,0,0,30,130,0,0,0,53-5022,53-5022,Motorboat Operators,detailed,3290,12.5,20.84,43340,4.5,9.36,12.02,19.33,29.35,35.01,19460,25000,40210,61040,72820,,,53-5022.00,3.12,2.5,3.38
53-5031,Ship Engineers,0.041,130,320,0,0,0,0,0,0,0,0,50,0,0,0,200,0,0,260,1010,30,0,170,0,0,0,50,0,0,0,0,110,0,660,0,0,0,0,90,40,0,60,0,0,480,0,0,1520,810,0,0,0,53-5031,53-5031,Ship Engineers,detailed,9750,12.6,35.64,74120,2.1,17.98,24.07,33.93,44.69,57.54,37390,50060,70570,92950,119690,,,53-5031.00,3.0,3.0,3.88
53-6011,Bridge and Lock Tenders,0.97,0,0,0,0,90,0,0,0,0,150,0,0,0,320,40,50,0,70,560,0,0,0,100,70,60,40,0,0,0,0,240,0,340,0,0,180,0,30,110,0,0,0,60,60,0,0,0,80,70,210,0,53-6011,53-6011,Bridge and Lock Tenders,detailed,3510,3.2,22.44,46680,1.1,12.22,17.11,23.6,26.96,29.68,25420,35590,49090,56070,61740,,,53-6011.00,2.5,2.12,3.0
53-6021,Parking Lot Attendants,0.87,400,160,2250,290,28030,1960,1440,310,2140,17190,3340,1670,300,4510,1590,940,0,600,1610,130,2820,3890,2850,2230,380,2130,80,390,3060,330,5010,540,16280,3450,100,3910,610,710,6850,870,570,140,2360,10320,590,120,2080,2860,130,1230,70,53-6021,53-6021,Parking Lot Attendants,detailed,146350,2.1,11.18,23250,0.6,8.57,9.25,10.45,12.08,14.86,17820,19250,21730,25120,30910,,,53-6021.00,2.5,1.75,2.75
53-6031,Automotive and Watercraft Service Attendants,0.83,1610,250,1480,1360,8950,1400,750,240,0,4210,3240,540,350,2970,3240,790,980,1980,1420,610,3170,3430,3370,2200,900,1660,80,390,1100,440,9210,530,4890,3810,320,4640,1270,5770,2470,270,860,580,2970,10620,1450,0,1820,2210,350,1870,290,53-6031,53-6031,Automotive and Watercraft Service Attendants,detailed,109790,2.2,11.67,24280,0.5,8.61,9.36,10.78,13.04,16.54,17900,19460,22420,27130,34410,,,53-6031.00,3.0,1.88,2.88
53-6041,Traffic Technicians,0.9,0,0,100,40,280,60,0,0,0,210,400,50,0,110,140,90,60,100,110,0,220,250,60,0,30,90,0,0,50,0,80,110,1350,160,0,110,70,90,50,0,60,0,520,410,30,0,400,100,30,0,30,53-6041,53-6041,Traffic Technicians,detailed,6410,3.1,23.39,48650,2.3,13.07,16.65,21.71,29.63,36.88,27180,34620,45150,61630,76720,,,53-6041.00,2.25,3.0,3.5
53-6051,Transportation Inspectors,0.9,430,210,800,0,3110,620,190,210,240,1190,1250,150,30,1070,270,120,360,230,200,50,300,620,310,320,140,400,180,250,220,50,590,200,4160,140,110,750,560,310,570,50,100,80,240,3720,550,0,670,680,0,50,170,53-6051,53-6051,Transportation Inspectors,detailed,27430,3.2,34.93,72650,2.0,14.99,24.34,34.72,45,56.25,31170,50630,72220,93590,116990,,,53-6051.00,0.75,2.75,3.5
53-6051,Transportation Inspectors,0.9,430,210,800,0,3110,620,190,210,240,1190,1250,150,30,1070,270,120,360,230,200,50,300,620,310,320,140,400,180,250,220,50,590,200,4160,140,110,750,560,310,570,50,100,80,240,3720,550,0,670,680,0,50,170,53-6051,53-6051,Transportation Inspectors,detailed,27430,3.2,34.93,72650,2.0,14.99,24.34,34.72,45,56.25,31170,50630,72220,93590,116990,,,53-6051.01,3.0,2.88,4.0
53-6051,Transportation Inspectors,0.9,430,210,800,0,3110,620,190,210,240,1190,1250,150,30,1070,270,120,360,230,200,50,300,620,310,320,140,400,180,250,220,50,590,200,4160,140,110,750,560,310,570,50,100,80,240,3720,550,0,670,680,0,50,170,53-6051,53-6051,Transportation Inspectors,detailed,27430,3.2,34.93,72650,2.0,14.99,24.34,34.72,45,56.25,31170,50630,72220,93590,116990,,,53-6051.07,2.88,2.0,2.88
53-6061,Transportation Attendants; Except Flight Attendants,0.75,0,410,220,140,5770,0,120,0,260,870,220,620,30,930,290,0,90,0,0,0,0,350,560,0,0,60,0,0,340,0,510,0,1610,50,140,370,100,100,420,0,50,0,70,1510,380,0,340,0,0,0,0,53-6061,53-6061,"Transportation Attendants, Except Flight Attendants",detailed,18410,8.5,14.94,31080,2.8,8.76,9.71,12.53,17.72,26.18,18220,20200,26060,36870,54450,,,53-6061.00,2.0,2.0,3.38
53-7011,Conveyor Operators and Tenders,0.93,280,0,140,430,2160,230,0,0,0,530,620,0,220,1210,1270,1190,1460,670,610,260,160,190,480,620,150,950,160,1260,330,40,420,40,740,750,300,1210,690,300,1640,0,330,550,1330,1960,100,70,0,530,380,550,80,53-7011,53-7011,Conveyor Operators and Tenders,detailed,28590,3.0,16.28,33870,0.8,10.56,12.75,15.1,19.03,23.98,21970,26510,31410,39570,49880,,,53-7011.00,3.12,2.12,2.88
53-7021,Crane and Tower Operators,0.9,1200,100,440,430,2900,450,240,70,110,2210,750,190,130,1610,1830,950,410,720,3110,190,700,520,1180,950,620,530,190,350,410,0,740,130,1390,660,240,1770,610,650,2840,0,500,60,510,8110,390,90,910,1250,190,320,70,53-7021,53-7021,Crane and Tower Operators,detailed,45020,3.0,26.58,55280,1.1,15.18,18.8,25.08,32.17,39.71,31570,39110,52170,66910,82600,,,53-7021.00,3.12,2.12,3.0
53-7031,Dredge Operators,0.92,0,0,0,0,190,0,0,0,0,100,0,0,50,0,80,0,0,0,180,0,0,30,0,0,0,70,0,100,0,0,70,0,0,0,0,60,0,0,0,0,50,0,70,0,0,0,0,0,0,0,0,53-7031,53-7031,Dredge Operators,detailed,1760,23.3,22.37,46530,3.1,13.57,16.45,20.4,26.89,33.9,28230,34220,42420,55920,70510,,,53-7031.00,2.88,1.75,2.75
53-7041,Hoist and Winch Operators,0.65,70,0,0,80,80,0,0,0,0,100,0,0,0,0,0,0,0,160,0,0,150,40,0,120,0,60,0,50,0,0,0,0,130,0,50,120,0,90,200,0,0,0,30,120,0,0,90,0,30,90,50,53-7041,53-7041,Hoist and Winch Operators,detailed,2960,7.7,24.05,50020,5.0,12.59,15.31,20.45,30.03,43.91,26200,31850,42530,62450,91330,,,53-7041.00,2.75,2.13,2.62
53-7051,Industrial Truck and Tractor Operators,0.93,9690,630,8380,6390,56930,8080,2260,1060,80,20300,29150,720,2560,26520,18370,6130,4840,16300,6470,1960,7880,5380,16590,10140,5650,8070,940,3060,2200,1540,15370,930,14860,21090,1300,22000,7340,10010,30870,1340,7580,1080,17730,59100,4470,870,12740,10590,2250,12120,860,53-7051,53-7051,Industrial Truck and Tractor Operators,detailed,542750,1.1,16.47,34260,0.3,10.85,12.89,15.61,19.11,23.48,22570,26800,32460,39750,48850,,,53-7051.00,3.0,1.62,2.25
53-7061,Cleaners of Vehicles and Equipment,0.37,5420,530,7080,3330,49270,6150,3270,920,520,25650,8060,1810,2150,17910,7320,3810,3870,3970,4310,1020,4550,4450,9010,6990,1880,8040,1330,2910,3860,1100,8180,2400,17120,9680,1270,12410,4070,5150,11350,750,3580,1220,5690,35180,3780,540,9700,7380,1300,6990,560,53-7061,53-7061,Cleaners of Vehicles and Equipment,detailed,348770,1.0,11.85,24660,0.8,8.51,9.26,10.68,13.16,17.13,17700,19260,22220,27380,35630,,,53-7061.00,3.0,0.75,2.0
53-7062,Laborers and Freight; Stock; and Material Movers; Hand,0.85,42840,4930,40620,24180,317050,31890,23580,5400,1990,126850,117740,7490,7730,145060,72920,29100,19600,53020,45230,5940,40360,36350,71450,37830,28530,47610,4640,15810,26770,6710,107840,8690,109570,84990,8380,111230,27480,22490,134750,6160,50090,7060,96260,178880,18370,2830,49810,55530,12390,52690,3230,53-7062,53-7062,"Laborers and Freight, Stock, and Material Movers, Hand",detailed,2587900,0.7,13.81,28720,0.2,9.13,10.29,12.49,16.12,20.53,19000,21400,25980,33530,42690,,,53-7062.00,3.0,2.0,2.0
53-7062,Laborers and Freight; Stock; and Material Movers; Hand,0.85,42840,4930,40620,24180,317050,31890,23580,5400,1990,126850,117740,7490,7730,145060,72920,29100,19600,53020,45230,5940,40360,36350,71450,37830,28530,47610,4640,15810,26770,6710,107840,8690,109570,84990,8380,111230,27480,22490,134750,6160,50090,7060,96260,178880,18370,2830,49810,55530,12390,52690,3230,53-7062,53-7062,"Laborers and Freight, Stock, and Material Movers, Hand",detailed,2587900,0.7,13.81,28720,0.2,9.13,10.29,12.49,16.12,20.53,19000,21400,25980,33530,42690,,,53-7062.04,3.38,1.88,2.75
53-7063,Machine Feeders and Offbearers,0.93,1740,70,720,1750,8170,0,420,280,0,1880,3250,180,370,2290,4270,1110,0,0,590,510,950,2080,1330,1520,1910,1450,70,920,0,560,3690,640,2660,3240,170,4010,980,2970,4820,280,2210,290,1540,4830,460,0,2510,2120,340,3860,40,53-7063,53-7063,Machine Feeders and Offbearers,detailed,88070,3.3,14.66,30490,0.8,9.56,10.84,13.66,17.88,22.18,19880,22550,28410,37200,46140,,,53-7063.00,3.0,1.75,2.62
53-7064,Packers and Packagers; Hand,0.38,7160,910,10390,4830,99540,6850,7270,0,220,37120,23880,2500,2450,51330,22490,6410,6140,11100,3260,2070,5510,16320,24600,11840,4400,10150,930,4240,4190,2060,31220,2140,27740,26920,860,40960,3260,8100,26190,1840,8340,2120,18510,49080,6240,770,13000,18730,1750,19670,1020,53-7064,53-7064,"Packers and Packagers, Hand",detailed,705660,1.6,11.74,24430,0.4,8.56,9.29,10.64,13.27,17.02,17810,19310,22130,27600,35410,,,53-7064.00,3.12,0.62,2.0
53-7071,Gas Compressor and Gas Pumping Station Operators,0.91,0,0,0,0,0,130,0,0,0,0,0,0,0,120,0,0,0,120,0,0,0,0,0,0,0,0,0,0,0,0,100,0,40,0,390,180,180,0,460,0,0,0,0,200,90,0,0,0,570,0,130,53-7071,53-7071,Gas Compressor and Gas Pumping Station Operators,detailed,3890,7.6,28.66,59620,1.4,18.47,24.93,29.07,33.69,37.94,38420,51860,60470,70080,78920,,,53-7071.00,3.12,2.12,3.0
53-7072,Pump Operators; Except Wellhead Pumpers,0.9,0,0,0,0,1130,190,0,0,0,330,100,0,0,0,0,0,50,40,2070,40,0,0,80,0,50,80,40,60,60,0,360,0,40,50,510,210,410,260,660,0,0,0,130,3780,0,0,0,0,110,80,0,53-7072,53-7072,"Pump Operators, Except Wellhead Pumpers",detailed,12030,8.7,22.24,46270,1.9,12.79,15.48,20.42,28.15,35.46,26600,32200,42470,58560,73750,,,53-7072.00,3.12,2.0,3.12
53-7073,Wellhead Pumpers,0.84,0,0,0,180,220,600,0,0,0,0,0,0,0,100,60,0,740,230,140,0,0,0,210,0,60,0,130,0,0,0,0,730,0,0,720,580,590,0,860,0,0,0,0,4130,90,0,0,0,550,0,550,53-7073,53-7073,Wellhead Pumpers,detailed,11610,5.2,24.39,50730,1.5,13.43,17.61,23.85,30.05,36.35,27940,36630,49610,62500,75610,,,53-7073.00,3.0,1.75,3.0
53-7081,Refuse and Recyclable Material Collectors,0.93,2070,210,1980,1530,13850,1710,910,440,590,5020,2910,600,430,3240,1850,1090,1500,1650,1350,1040,2580,1680,3790,1900,1200,1900,400,1090,570,710,2640,590,9970,3980,220,6190,1440,1790,5310,370,2090,430,2230,7760,710,480,3430,1890,970,2140,230,53-7081,53-7081,Refuse and Recyclable Material Collectors,detailed,114680,1.5,18.12,37690,1.2,9.93,12.54,16.95,22.43,29.09,20650,26090,35270,46650,60500,,,53-7081.00,2.62,1.0,2.62
53-7121,Tank Car; Truck; and Ship Loaders,0.72,600,80,110,50,360,80,0,0,0,270,350,0,0,230,230,100,60,300,890,0,50,70,40,130,340,60,0,50,0,0,500,40,60,0,190,260,260,320,160,0,0,0,190,3250,0,0,180,350,0,190,80,53-7121,53-7121,"Tank Car, Truck, and Ship Loaders",detailed,10920,13.1,19.04,39590,2.5,10.82,13.25,17.2,22.78,31.82,22510,27570,35770,47380,66190,,,53-7121.00,3.12,2.12,2.88
